{
  "timestamp": "2025-11-24T14:52:43.664995",
  "shared_cv_params": {
    "n_estimators": 132,
    "max_depth": 3,
    "learning_rate": 0.05443804854933884,
    "subsample": 0.8043528044821504,
    "colsample_bytree": 0.8411487526908331
  },
  "magnitude": {
    "top_n": 70,
    "params": {
      "mag_max_depth": 3,
      "mag_lr": 0.013333979990710348,
      "mag_n_est": 436,
      "mag_sub": 0.7408821620490594,
      "mag_col_tree": 0.9161856094034918,
      "mag_col_lvl": 0.8823117529536932,
      "mag_mcw": 8,
      "mag_alpha": 1.1390098170283531,
      "mag_lambda": 3.709669372190882,
      "mag_gamma": 0.3022938864923187
    },
    "metrics": {
      "val_mae": 10.482433175065593,
      "val_bias": -0.2641476103402941,
      "n_features": 73,
      "max_pred": 0.17039182782173157
    }
  },
  "direction": {
    "top_n": 96,
    "params": {
      "dir_max_depth": 5,
      "dir_lr": 0.04193520698187749,
      "dir_n_est": 481,
      "dir_sub": 0.8288174481341304,
      "dir_col_tree": 0.7643852945727637,
      "dir_mcw": 6,
      "dir_alpha": 1.9222026480231809,
      "dir_lambda": 3.144702032529232,
      "dir_gamma": 0.4038434659303372,
      "dir_scale": 1.1705566728468912
    },
    "metrics": {
      "val_acc": 0.6192259675405742,
      "val_prec": 0.5604395604395604,
      "val_rec": 0.5845272206303725,
      "val_f1": 0.5722300140252455,
      "n_features": 99
    }
  }
}