{
  "timestamp": "2025-11-27T15:18:37.987530",
  "trial_number": 94,
  "diversity_weight": 1.5,
  "metrics": {
    "magnitude_mae": 12.150323500014592,
    "magnitude_bias": 0.6231292851768025,
    "direction_accuracy": 0.6367521367521367,
    "direction_f1": 0.6613545816733067,
    "direction_precision": 0.5763888888888888,
    "direction_recall": 0.7757009345794392,
    "ensemble_confidence": 0.608292276267066,
    "n_magnitude_features": 74,
    "n_direction_features": 84,
    "n_common_features": 45,
    "common_feature_pct": 60.810810810810814,
    "quality_filtered_pct": 0.3931847968545177,
    "feature_jaccard": 0.39823008849557523,
    "feature_overlap": 0.6081081081081081,
    "pred_correlation": -0.0022609351141463494,
    "diversity_overall": 0.647103350654467,
    "diversity_penalty": -0.925799510532438,
    "base_score": 18.24451885295025
  },
  "parameters": {
    "cv": {
      "cv_n_est": 80,
      "cv_depth": 5,
      "cv_lr": 0.08647289916162368,
      "cv_sub": 0.8906588448627245,
      "cv_col": 0.8346487791461041
    },
    "magnitude": {
      "top_n": 71,
      "model": {
        "depth": 2,
        "lr": 0.06347083710671289,
        "n_est": 583,
        "sub": 0.8753104063832997,
        "col_tree": 0.9377246385749568,
        "col_lvl": 0.7689053598793673,
        "mcw": 4,
        "alpha": 1.2117344269039614,
        "lambda": 5.598921073774738,
        "gamma": 0.15462987737050812
      }
    },
    "direction": {
      "top_n": 81,
      "model": {
        "depth": 6,
        "lr": 0.05292321625985694,
        "n_est": 333,
        "sub": 0.7764648280345683,
        "col_tree": 0.885901929610508,
        "mcw": 14,
        "alpha": 3.440468844142102,
        "lambda": 3.6145632284679605,
        "gamma": 0.4620416914355524,
        "scale": 0.9273897474480263,
        "max_delta": 1
      }
    },
    "ensemble": {
      "mag_weight": 0.43898846470769565,
      "dir_weight": 0.373731834029415,
      "agree_weight": 0.28616576034477087,
      "small_thresh": 1.6346230325360538,
      "med_thresh": 4.959489895907862,
      "large_thresh": 10.807601018736497,
      "bonus_strong": 0.131319336455699,
      "bonus_mod": 0.1067353675996212,
      "penalty_sev": 0.2286969315949245,
      "penalty_mod": 0.17076302087996972,
      "penalty_min": 0.06429194774134878
    },
    "quality_threshold": 0.6172516815551917,
    "correlation_threshold": 0.894861551439023,
    "target_overlap": 0.5484768211497836,
    "cohort_weights": {
      "fomc_period": 1.1669641509187387,
      "opex_week": 1.3929480119712419,
      "earnings_heavy": 1.0211884831713642,
      "mid_cycle": 1.0
    }
  }
}