{
  "timestamp": "2025-11-27T14:39:53.757755",
  "trial_number": 88,
  "diversity_weight": 1.5,
  "metrics": {
    "magnitude_mae": 11.117301063707306,
    "magnitude_bias": 0.046157496236142584,
    "direction_accuracy": 0.6315049226441631,
    "direction_f1": 0.47389558232931733,
    "direction_precision": 0.6742857142857143,
    "direction_recall": 0.3653250773993808,
    "ensemble_confidence": 0.6191370046693616,
    "n_magnitude_features": 68,
    "n_direction_features": 83,
    "n_common_features": 39,
    "common_feature_pct": 57.35294117647059,
    "quality_filtered_pct": 0.3931847968545177,
    "feature_jaccard": 0.3482142857142857,
    "feature_overlap": 0.5735294117647058,
    "pred_correlation": 0.4853269426213252,
    "diversity_overall": 0.5317916230959554,
    "diversity_penalty": -0.594068304606395,
    "base_score": 17.062889449568896
  },
  "parameters": {
    "cv": {
      "cv_n_est": 137,
      "cv_depth": 3,
      "cv_lr": 0.05230665968748891,
      "cv_sub": 0.8200211728104037,
      "cv_col": 0.894800798105216
    },
    "magnitude": {
      "top_n": 65,
      "model": {
        "depth": 4,
        "lr": 0.08473487048027234,
        "n_est": 439,
        "sub": 0.9159194329960358,
        "col_tree": 0.7030983225783405,
        "col_lvl": 0.7251955930825287,
        "mcw": 10,
        "alpha": 1.0159229781917467,
        "lambda": 2.935926000486694,
        "gamma": 0.2439902422705118
      }
    },
    "direction": {
      "top_n": 80,
      "model": {
        "depth": 7,
        "lr": 0.026119119487420114,
        "n_est": 489,
        "sub": 0.7665453319543757,
        "col_tree": 0.6677994048092846,
        "mcw": 15,
        "alpha": 1.5527739641493132,
        "lambda": 3.7719729821081334,
        "gamma": 0.40126260283900406,
        "scale": 1.1661913643413668,
        "max_delta": 3
      }
    },
    "ensemble": {
      "mag_weight": 0.39425252961613627,
      "dir_weight": 0.3541267774368891,
      "agree_weight": 0.15580074657625298,
      "small_thresh": 2.048003918990802,
      "med_thresh": 5.582374008253305,
      "large_thresh": 10.261404716390686,
      "bonus_strong": 0.12531103722920348,
      "bonus_mod": 0.08467922575274811,
      "penalty_sev": 0.30087240203957266,
      "penalty_mod": 0.12487114911656154,
      "penalty_min": 0.06175115862615442
    },
    "quality_threshold": 0.6525056985191741,
    "correlation_threshold": 0.9337993332314687,
    "target_overlap": 0.5470626357861675,
    "cohort_weights": {
      "fomc_period": 1.3549682380441612,
      "opex_week": 1.3017010060492205,
      "earnings_heavy": 1.262437382103131,
      "mid_cycle": 1.0
    }
  }
}