{
  "timestamp": "2025-11-28T14:21:11.983302",
  "trial_number": 92,
  "diversity_weight": 1.5,
  "metrics": {
    "magnitude_mae": 12.174397243937,
    "magnitude_bias": 0.4442894500159979,
    "direction_accuracy": 0.6511954992967651,
    "direction_f1": 0.5457875457875458,
    "direction_precision": 0.6681614349775785,
    "direction_recall": 0.4613003095975232,
    "ensemble_confidence": 0.6326359050942693,
    "n_magnitude_features": 81,
    "n_direction_features": 83,
    "n_common_features": 42,
    "common_feature_pct": 51.85185185185185,
    "quality_filtered_pct": 0.3931847968545177,
    "feature_jaccard": 0.3442622950819672,
    "feature_overlap": 0.5185185185185185,
    "pred_correlation": 0.23847107777338186,
    "diversity_overall": 0.6264853919078155,
    "diversity_penalty": -0.8842732772941876,
    "base_score": 17.876572064018976
  },
  "parameters": {
    "cv": {
      "cv_n_est": 139,
      "cv_depth": 4,
      "cv_lr": 0.07135289213896424,
      "cv_sub": 0.7989528331199706,
      "cv_col": 0.9004060067549566
    },
    "magnitude": {
      "top_n": 78,
      "model": {
        "depth": 3,
        "lr": 0.06271014710893967,
        "n_est": 201,
        "sub": 0.7604628049772775,
        "col_tree": 0.8672505536236664,
        "col_lvl": 0.7007338227116179,
        "mcw": 8,
        "alpha": 1.1951173857113462,
        "lambda": 5.745931698220636,
        "gamma": 0.1264714926965495
      }
    },
    "direction": {
      "top_n": 80,
      "model": {
        "depth": 8,
        "lr": 0.03029024890601323,
        "n_est": 578,
        "sub": 0.85319184372507,
        "col_tree": 0.6581435303737,
        "mcw": 15,
        "alpha": 1.3041627239295503,
        "lambda": 4.693331288172698,
        "gamma": 0.5869005209445636,
        "scale": 1.2959144691265119,
        "max_delta": 3
      }
    },
    "ensemble": {
      "mag_weight": 0.3710241202875841,
      "dir_weight": 0.40639545939089294,
      "agree_weight": 0.16409515347835538,
      "small_thresh": 2.5314127180453587,
      "med_thresh": 6.60297692180675,
      "large_thresh": 12.218623372090631,
      "bonus_strong": 0.1666080319043883,
      "bonus_mod": 0.11471995883343836,
      "penalty_sev": 0.3042163292474044,
      "penalty_mod": 0.18707859419350706,
      "penalty_min": 0.03337882086834892
    },
    "quality_threshold": 0.6141844962751789,
    "correlation_threshold": 0.9156758146678975,
    "target_overlap": 0.5242303980207262,
    "cohort_weights": {
      "fomc_period": 1.3332577123023603,
      "opex_week": 1.1349599954541072,
      "earnings_heavy": 1.046376772020193,
      "mid_cycle": 1.0
    }
  }
}