{
  "timestamp": "2025-11-26T12:26:23.171771",
  "trial_number": 82,
  "diversity_weight": 1.5,
  "metrics": {
    "magnitude_mae": 11.209156919849306,
    "magnitude_bias": 1.2817199616590593,
    "direction_accuracy": 0.6371308016877637,
    "direction_f1": 0.4777327935222673,
    "direction_precision": 0.6900584795321637,
    "direction_recall": 0.3653250773993808,
    "ensemble_confidence": 0.5903340059375898,
    "n_magnitude_features": 71,
    "n_direction_features": 91,
    "n_common_features": 45,
    "common_feature_pct": 63.38028169014085,
    "quality_filtered_pct": 0.3931847968545177,
    "feature_jaccard": 0.38461538461538464,
    "feature_overlap": 0.6338028169014085,
    "pred_correlation": 0.478460521315289,
    "diversity_overall": 0.5000154730745356,
    "diversity_penalty": -0.2643196350436904,
    "base_score": 17.58504085334262
  },
  "parameters": {
    "cv": {
      "cv_n_est": 102,
      "cv_depth": 3,
      "cv_lr": 0.050420822139483165,
      "cv_sub": 0.7611703522547136,
      "cv_col": 0.767789168930782
    },
    "magnitude": {
      "top_n": 68,
      "model": {
        "depth": 3,
        "lr": 0.018923109991685786,
        "n_est": 485,
        "sub": 0.7569838006515862,
        "col_tree": 0.8535743918351781,
        "col_lvl": 0.7560537388313971,
        "mcw": 8,
        "alpha": 1.080311458735706,
        "lambda": 3.004904912033595,
        "gamma": 0.33699353894097295
      }
    },
    "direction": {
      "top_n": 88,
      "model": {
        "depth": 7,
        "lr": 0.024553265305115608,
        "n_est": 475,
        "sub": 0.79345503188489,
        "col_tree": 0.8729268198923664,
        "mcw": 12,
        "alpha": 1.9422196886517615,
        "lambda": 2.41262172253756,
        "gamma": 0.47989118535617803,
        "scale": 1.3267138309188824,
        "max_delta": 2
      }
    },
    "ensemble": {
      "mag_weight": 0.290621616769021,
      "dir_weight": 0.4101350095716963,
      "agree_weight": 0.2739840923060058,
      "small_thresh": 1.5908420044321745,
      "med_thresh": 4.455035370225973,
      "large_thresh": 12.530692044631072,
      "bonus_strong": 0.1340597968025396,
      "bonus_mod": 0.0626099223137258,
      "penalty_sev": 0.23740424159849435,
      "penalty_mod": 0.1653520631253136,
      "penalty_min": 0.04193740308481579
    },
    "quality_threshold": 0.6915637407212194,
    "correlation_threshold": 0.8630134131286302,
    "target_overlap": 0.5265688804351271,
    "cohort_weights": {
      "fomc_period": 1.3089050527857402,
      "opex_week": 1.3800046576391793,
      "earnings_heavy": 1.075924101063581,
      "mid_cycle": 1.0
    }
  }
}