{
  "timestamp": "2025-11-24T23:42:20.433639",
  "trial_number": 0,
  "metrics": {
    "magnitude_mae": 0,
    "magnitude_bias": 0,
    "direction_accuracy": 0,
    "direction_f1": 0,
    "ensemble_confidence": 0,
    "n_magnitude_features": 0,
    "n_direction_features": 0,
    "quality_filtered_pct": 0
  },
  "parameters": {
    "cv": {
      "cv_n_est": 125,
      "cv_depth": 5,
      "cv_lr": 0.07242113527908035,
      "cv_sub": 0.8697316968394073,
      "cv_col": 0.7812037280884873
    },
    "magnitude": {
      "top_n": 69,
      "model": {
        "depth": 3,
        "lr": 0.028580510658069373,
        "n_est": 514,
        "sub": 0.7499184455395899,
        "col_tree": 0.8285586096034029,
        "col_lvl": 0.8481036422155106,
        "mcw": 4,
        "alpha": 2.7441435260846028,
        "lambda": 2.682096494749166,
        "gamma": 0.17927321684337577
      }
    },
    "direction": {
      "top_n": 84,
      "model": {
        "depth": 6,
        "lr": 0.07627784399074539,
        "n_est": 524,
        "sub": 0.7670150292181416,
        "col_tree": 0.6744180285015959,
        "mcw": 12,
        "alpha": 2.1003812343490034,
        "lambda": 2.3661147045343363,
        "gamma": 0.3980707640445081,
        "scale": 0.9171942605576092
      }
    },
    "ensemble": {
      "mag_weight": 0.41648852816008436,
      "dir_weight": 0.39246782213565523,
      "agree_weight": 0.17727374508106508,
      "small_thresh": 1.7751067647801508,
      "med_thresh": 4.912726728878614,
      "large_thresh": 11.673295021425664,
      "bonus_strong": 0.1431945018642116,
      "bonus_mod": 0.07038603981386293,
      "penalty_sev": 0.2917779342083569,
      "penalty_mod": 0.11394938606520419,
      "penalty_min": 0.04460723242676091
    },
    "quality_threshold": 0.7202230023486418,
    "correlation_threshold": 0.9626028989507416,
    "cohort_weights": {
      "fomc_period": 1.3832290311184183,
      "opex_week": 1.1061753482887409,
      "earnings_heavy": 1.2909729556485983,
      "mid_cycle": 1.0
    }
  }
}