{
  "timestamp": "2025-11-07T15:36:16.377709",
  "crisis_alignment": {
    "2011_debt_crisis": {
      "mean_score": 0.62747169190759,
      "baseline_mean": 0.4926817277698742,
      "ratio": 1.2735842564079718,
      "pct_above_80": 14.117647058823529,
      "max_score": 0.8451696112055797,
      "days": 85
    },
    "2015_china_devaluation": {
      "mean_score": 0.6813007368552517,
      "baseline_mean": 0.4935567645446563,
      "ratio": 1.3803898270623511,
      "pct_above_80": 42.857142857142854,
      "max_score": 0.9464564659768856,
      "days": 42
    },
    "2018_q4_selloff": {
      "mean_score": 0.5794372114831042,
      "baseline_mean": 0.4937675270916794,
      "ratio": 1.173502062592136,
      "pct_above_80": 19.51219512195122,
      "max_score": 0.9220134305559559,
      "days": 82
    },
    "2020_covid": {
      "mean_score": 0.818816956379049,
      "baseline_mean": 0.490501818013142,
      "ratio": 1.6693454056822894,
      "pct_above_80": 75.80645161290323,
      "max_score": 0.95,
      "days": 62
    },
    "2022_ukraine": {
      "mean_score": 0.7272585320262352,
      "baseline_mean": 0.4930789854859481,
      "ratio": 1.4749331312700222,
      "pct_above_80": 16.666666666666664,
      "max_score": 0.9079978096088999,
      "days": 42
    },
    "overall": {
      "crisis_mean": 0.6734028298475501,
      "normal_mean": 0.48071341840436427,
      "ratio": 1.4008405092638796
    }
  },
  "distribution": {
    "mean": 0.4954884761656865,
    "std": 0.18070012250186912,
    "min": 0.056834884860362554,
    "max": 0.95,
    "percentiles": {
      "50": 0.47911202697639566,
      "75": 0.6176665129550105,
      "90": 0.7522490417038937,
      "95": 0.824778727267487,
      "99": 0.9360041069833126
    },
    "pct_above_moderate": 14.723174914257717,
    "pct_above_high": 7.741303282704556,
    "pct_above_critical": 2.768250857422832,
    "warnings": []
  },
  "predictive_power": {
    "5d_forward": {
      "high_anomaly_mean_vix_change": -7.914869874568727,
      "low_anomaly_mean_vix_change": 2.2847209316990824,
      "difference": -10.19959080626781,
      "high_anomaly_positive_pct": 24.759615384615387
    },
    "10d_forward": {
      "high_anomaly_mean_vix_change": -10.455123468715794,
      "low_anomaly_mean_vix_change": 3.44111896171491,
      "difference": -13.896242430430704,
      "high_anomaly_positive_pct": 22.355769230769234
    },
    "21d_forward": {
      "high_anomaly_mean_vix_change": -14.30924354865295,
      "low_anomaly_mean_vix_change": 5.435926745160212,
      "difference": -19.74517029381316,
      "high_anomaly_positive_pct": 21.16788321167883
    },
    "vix_spike_prediction": {
      "precision": 0.06009615384615385,
      "recall": 0.06329113924050633,
      "true_positives": 25,
      "false_positives": 391,
      "false_negatives": 370
    }
  },
  "detector_consistency": {
    "vix_momentum": {
      "score": 0.13571778539931412,
      "deviation_from_ensemble": 0.25940283021586874,
      "coverage": 1.0,
      "weight": 1.0
    },
    "bond_volatility_regime": {
      "score": 0.16144047035766784,
      "deviation_from_ensemble": 0.23368014525751502,
      "coverage": 1.0,
      "weight": 1.0
    },
    "cboe_options_flow": {
      "score": 0.4830965213130818,
      "deviation_from_ensemble": 0.08797590569789893,
      "coverage": 1.0,
      "weight": 1.0
    },
    "cboe_cross_dynamics": {
      "score": 0.740078392944635,
      "deviation_from_ensemble": 0.3449577773294521,
      "coverage": 1.0,
      "weight": 1.0
    },
    "vix_spx_relationship": {
      "score": 0.06712395884370403,
      "deviation_from_ensemble": 0.3279966567714788,
      "coverage": 1.0,
      "weight": 1.0
    },
    "spx_price_action": {
      "score": 0.2748652621264086,
      "deviation_from_ensemble": 0.12025535348877425,
      "coverage": 1.0,
      "weight": 1.0
    },
    "spx_ohlc_microstructure": {
      "score": 0.8512983831455169,
      "deviation_from_ensemble": 0.456177767530334,
      "coverage": 1.0,
      "weight": 1.0
    },
    "spx_volatility_regime": {
      "score": 0.18961293483586472,
      "deviation_from_ensemble": 0.20550768077931814,
      "coverage": 1.0,
      "weight": 1.0
    },
    "cross_asset_divergence": {
      "score": 0.16585007349338554,
      "deviation_from_ensemble": 0.22927054212179732,
      "coverage": 1.0,
      "weight": 1.0
    },
    "tail_risk_complex": {
      "score": 0.7966682998530132,
      "deviation_from_ensemble": 0.4015476842378304,
      "coverage": 1.0,
      "weight": 1.0
    },
    "futures_term_structure": {
      "score": 0.2334639882410583,
      "deviation_from_ensemble": 0.16165662737412456,
      "coverage": 1.0,
      "weight": 1.0
    },
    "momentum_acceleration": {
      "score": 0.12542871141597256,
      "deviation_from_ensemble": 0.2696919041992103,
      "coverage": 1.0,
      "weight": 1.0
    },
    "summary": {
      "mean_deviation": 0.25817673958363346,
      "max_deviation": 0.456177767530334,
      "outlier_detectors": [
        "cboe_cross_dynamics",
        "vix_spx_relationship",
        "spx_ohlc_microstructure",
        "tail_risk_complex"
      ]
    }
  },
  "threshold_calibration": {
    "thresholds": {
      "moderate": 0.6972929936305732,
      "high": 0.773950024497795,
      "critical": 0.8975335331584864
    },
    "empirical_frequencies": {
      "moderate": 15.017148456638902,
      "high": 8.01077902988731,
      "critical": 2.0088192062714354
    },
    "warnings": []
  }
}