{
  "overall": {
    "n_forecasts": 708,
    "mae": 12.81389603825524,
    "rmse": 22.736065578720034,
    "mape": 75.81724649273644,
    "median_abs_error": 8.81604166843616,
    "bias": 3.383358014757908,
    "forecast_width_mean": 25.197734211461018,
    "forecast_iqr_mean": 15.146705621379917
  },
  "quantile_calibration": {
    "q10": {
      "expected": 0.1,
      "observed": 0.17231638418079095,
      "diff": 0.07231638418079095,
      "stderr": 0.011274690420042434,
      "z_score": 6.414046105624138,
      "p_value": 1.417073125509205e-10,
      "calibrated": false
    },
    "q25": {
      "expected": 0.25,
      "observed": 0.3008474576271186,
      "diff": 0.05084745762711862,
      "stderr": 0.016273613872602982,
      "z_score": 3.1245338635397717,
      "p_value": 0.0017808702205797111,
      "calibrated": false
    },
    "q50": {
      "expected": 0.5,
      "observed": 0.518361581920904,
      "diff": 0.01836158192090398,
      "stderr": 0.01879115070007072,
      "z_score": 0.977139836403679,
      "p_value": 0.32849992826989327,
      "calibrated": true
    },
    "q75": {
      "expected": 0.75,
      "observed": 0.7274011299435028,
      "diff": -0.02259887005649719,
      "stderr": 0.016273613872602982,
      "z_score": -1.3886817171287889,
      "p_value": 0.16492955611881177,
      "calibrated": true
    },
    "q90": {
      "expected": 0.9,
      "observed": 0.7994350282485876,
      "diff": -0.10056497175141244,
      "stderr": 0.011274690420042432,
      "z_score": -8.91953286563357,
      "p_value": 0.0,
      "calibrated": false
    },
    "interval_80": {
      "coverage": 0.6271186440677966,
      "expected": 0.8
    },
    "interval_50": {
      "coverage": 0.4265536723163842,
      "expected": 0.5
    }
  },
  "by_cohort": {
    "mid_cycle": {
      "n": 338,
      "mae": 13.656350202316101,
      "bias": 3.9577464703295013
    },
    "earnings_heavy": {
      "n": 85,
      "mae": 15.83621504746966,
      "bias": 8.94480326170993
    },
    "monthly_opex_minus_5": {
      "n": 81,
      "mae": 10.697359311907249,
      "bias": -1.6278972303348964
    },
    "monthly_opex_minus_1": {
      "n": 89,
      "mae": 9.870858742107165,
      "bias": 1.7728511509997391
    },
    "fomc_minus_3": {
      "n": 70,
      "mae": 12.224346047034501,
      "bias": 1.1017867546900486
    },
    "fomc_week": {
      "n": 23,
      "mae": 10.990205980098514,
      "bias": 3.356658907281144
    },
    "futures_rollover": {
      "n": 22,
      "mae": 11.674647932738312,
      "bias": 5.3244811706483395
    }
  },
  "by_regime": {
    "Low": {
      "n": 241,
      "mae": 11.580283167166025,
      "bias": -10.875790031225787
    },
    "Normal": {
      "n": 297,
      "mae": 5.000943586809839,
      "bias": 0.7445705572311184
    },
    "Elevated": {
      "n": 119,
      "mae": 15.501538847283644,
      "bias": 15.495114561243254
    },
    "Crisis": {
      "n": 51,
      "mae": 57.87111340565535,
      "bias": 57.87111340565535
    }
  },
  "confidence_analysis": {
    "correlation": -0.06605811062495603,
    "p_value": 0.07900220406136611,
    "is_useful": false,
    "interpretation": "Confidence not predictive \u26a0\ufe0f"
  },
  "time_series": {
    "rolling_mae_mean": 12.851657015058235,
    "rolling_mae_std": 10.245273636551886,
    "trend": "worsening"
  }
}