{
  "overall": {
    "n_forecasts": 707,
    "mae": 19.007930506994256,
    "rmse": 27.914644876774563,
    "mape": 112.85417043870068,
    "median_abs_error": 13.29436754578786,
    "bias": 12.827682290697211,
    "forecast_width_mean": 52.266687190178594,
    "forecast_iqr_mean": 23.335271629619463
  },
  "quantile_calibration": {
    "q10": {
      "expected": 0.1,
      "observed": 0.14144271570014144,
      "diff": 0.041442715700141436,
      "stderr": 0.011282661216669022,
      "z_score": 3.6731330405378033,
      "p_value": 0.0002395946588653608,
      "calibrated": false
    },
    "q25": {
      "expected": 0.25,
      "observed": 0.1782178217821782,
      "diff": -0.07178217821782179,
      "stderr": 0.016285118726548024,
      "z_score": -4.407838801985667,
      "p_value": 1.044072026035181e-05,
      "calibrated": false
    },
    "q50": {
      "expected": 0.5,
      "observed": 0.3055162659123055,
      "diff": -0.19448373408769448,
      "stderr": 0.01880443536111504,
      "z_score": -10.34243944861327,
      "p_value": 0.0,
      "calibrated": false
    },
    "q75": {
      "expected": 0.75,
      "observed": 0.5473833097595474,
      "diff": -0.2026166902404526,
      "stderr": 0.016285118726548024,
      "z_score": -12.441830707082692,
      "p_value": 0.0,
      "calibrated": false
    },
    "q90": {
      "expected": 0.9,
      "observed": 0.8316831683168316,
      "diff": -0.06831683168316838,
      "stderr": 0.011282661216669022,
      "z_score": -6.055028186279047,
      "p_value": 1.4039307494329023e-09,
      "calibrated": false
    },
    "interval_80": {
      "coverage": 0.6902404526166902,
      "expected": 0.8
    },
    "interval_50": {
      "coverage": 0.36916548797736914,
      "expected": 0.5
    }
  },
  "by_cohort": {
    "mid_cycle": {
      "n": 388,
      "mae": 19.022793748911894,
      "bias": 14.215905989260722
    },
    "earnings_heavy": {
      "n": 120,
      "mae": 19.9292504379723,
      "bias": 13.786475251256935
    },
    "monthly_opex_minus_5": {
      "n": 58,
      "mae": 19.61944018815746,
      "bias": 11.743640849582208
    },
    "monthly_opex_minus_1": {
      "n": 63,
      "mae": 17.897196648511926,
      "bias": 13.66269706322466
    },
    "fomc_minus_3": {
      "n": 48,
      "mae": 19.3501082588129,
      "bias": 9.231889551371452
    },
    "fomc_week": {
      "n": 16,
      "mae": 13.89653456120677,
      "bias": -2.561194418936478
    },
    "futures_rollover": {
      "n": 14,
      "mae": 17.832298009909657,
      "bias": -3.214989034488042
    }
  },
  "by_regime": {
    "Low": {
      "n": 241,
      "mae": 14.667225292086579,
      "bias": 0.3143260346936764
    },
    "Normal": {
      "n": 297,
      "mae": 14.196755963170828,
      "bias": 11.203114675547491
    },
    "Elevated": {
      "n": 118,
      "mae": 21.478886288448493,
      "bias": 21.29858708958248
    },
    "Crisis": {
      "n": 51,
      "mae": 61.82079352849832,
      "bias": 61.82079352849832
    }
  },
  "confidence_analysis": {
    "correlation": -0.018119032240737114,
    "p_value": 0.6305431600763507,
    "is_useful": false,
    "interpretation": "Confidence not predictive \u26a0\ufe0f"
  },
  "time_series": {
    "rolling_mae_mean": 19.220534319954172,
    "rolling_mae_std": 11.64278137105009,
    "trend": "worsening"
  }
}