{
  "overall": {
    "n_forecasts": 622,
    "mae": 11.686031145624096,
    "rmse": 20.77303862777736,
    "mape": 68.76566321939343,
    "median_abs_error": 7.3272200002520576,
    "bias": 11.686031145624096,
    "forecast_width_mean": 2.510225080385852,
    "forecast_iqr_mean": 1.3006159565916406
  },
  "quantile_calibration": {
    "q10": {
      "observed": 0.5241157556270096,
      "expected": 0.1,
      "diff": 0.42411575562700965,
      "calibrated": false
    },
    "q25": {
      "observed": 0.5321543408360129,
      "expected": 0.25,
      "diff": 0.2821543408360129,
      "calibrated": false
    },
    "q50": {
      "observed": 0.5562700964630225,
      "expected": 0.5,
      "diff": 0.0562700964630225,
      "calibrated": true
    },
    "q75": {
      "observed": 0.5836012861736335,
      "expected": 0.75,
      "diff": -0.1663987138263665,
      "calibrated": false
    },
    "q90": {
      "observed": 0.612540192926045,
      "expected": 0.9,
      "diff": -0.287459807073955,
      "calibrated": false
    },
    "interval_80": {
      "coverage": 0.08842443729903537
    },
    "interval_50": {
      "coverage": 0.05144694533762058
    }
  },
  "by_cohort": {
    "mid_cycle": {
      "n": 622,
      "mae": 11.686031145624096,
      "rmse": 20.77303862777736,
      "forecast_width": 2.510225080385852,
      "q50_coverage": 0.5562700964630225
    }
  },
  "by_regime": {
    "Low": {
      "n": 212,
      "mae": 10.648684369751784,
      "mean_forecast_width": 2.510960167714884
    },
    "Normal": {
      "n": 265,
      "mae": 7.316616513604522,
      "mean_forecast_width": 2.514133333333333
    },
    "Elevated": {
      "n": 99,
      "mae": 11.653490114792772,
      "mean_forecast_width": 2.502859708193041
    },
    "Crisis": {
      "n": 46,
      "mae": 41.708508450459284,
      "mean_forecast_width": 2.5001739130434784
    }
  },
  "confidence_analysis": {
    "by_bin": {
      "Low": {
        "mean_abs_error": 13.356199157170945,
        "count": 468
      },
      "Medium": {
        "mean_abs_error": 7.684736898237444,
        "count": 34
      },
      "Very High": {
        "mean_abs_error": 6.306075937350931,
        "count": 120
      }
    },
    "correlation": -0.1562645878275511,
    "is_useful": true
  },
  "time_series": {
    "has_trend": true,
    "recent_mae": 38.28444633663236
  }
}