{
  "overall": {
    "n_forecasts": 707,
    "mae": 13.105781383558767,
    "rmse": 22.8005797707466,
    "mape": 77.88199504927348,
    "median_abs_error": 9.189289242834441,
    "bias": 2.5828781061526547,
    "forecast_width_mean": 27.05556416857192,
    "forecast_iqr_mean": 16.31556496938264
  },
  "quantile_calibration": {
    "q10": {
      "expected": 0.1,
      "observed": 0.18528995756718528,
      "diff": 0.08528995756718527,
      "stderr": 0.011282661216669022,
      "z_score": 7.559383015168243,
      "p_value": 4.04121180963557e-14,
      "calibrated": false
    },
    "q25": {
      "expected": 0.25,
      "observed": 0.2956152758132956,
      "diff": 0.04561527581329561,
      "stderr": 0.016285118726548024,
      "z_score": 2.8010404209662605,
      "p_value": 0.0050938138281693135,
      "calibrated": false
    },
    "q50": {
      "expected": 0.5,
      "observed": 0.5289957567185289,
      "diff": 0.028995756718528942,
      "stderr": 0.01880443536111504,
      "z_score": 1.54196369961143,
      "p_value": 0.12308241501717698,
      "calibrated": true
    },
    "q75": {
      "expected": 0.75,
      "observed": 0.7383309759547383,
      "diff": -0.011669024045261711,
      "stderr": 0.016285118726548024,
      "z_score": -0.7165452239681158,
      "p_value": 0.4736547533595412,
      "calibrated": true
    },
    "q90": {
      "expected": 0.9,
      "observed": 0.8175388967468176,
      "diff": -0.08246110325318246,
      "stderr": 0.011282661216669022,
      "z_score": -7.308657210353377,
      "p_value": 2.6978419498391304e-13,
      "calibrated": false
    },
    "interval_80": {
      "coverage": 0.6322489391796322,
      "expected": 0.8
    },
    "interval_50": {
      "coverage": 0.44271570014144274,
      "expected": 0.5
    }
  },
  "by_cohort": {
    "mid_cycle": {
      "n": 337,
      "mae": 13.642010519777813,
      "bias": 3.5672919574400437
    },
    "earnings_heavy": {
      "n": 85,
      "mae": 15.860601754074827,
      "bias": 6.438468651853409
    },
    "monthly_opex_minus_5": {
      "n": 81,
      "mae": 10.959587341561026,
      "bias": -2.6269294245544805
    },
    "monthly_opex_minus_1": {
      "n": 89,
      "mae": 11.61510323453163,
      "bias": 0.21928645090469728
    },
    "fomc_minus_3": {
      "n": 70,
      "mae": 12.270415489477699,
      "bias": 0.8937901786375517
    },
    "fomc_week": {
      "n": 23,
      "mae": 11.8116000480196,
      "bias": 3.011568253692141
    },
    "futures_rollover": {
      "n": 22,
      "mae": 12.191458909405224,
      "bias": 6.276409222906324
    }
  },
  "by_regime": {
    "Low": {
      "n": 241,
      "mae": 12.400005476867674,
      "bias": -12.012050526973118
    },
    "Normal": {
      "n": 297,
      "mae": 5.203431550474972,
      "bias": -0.030650326464907725
    },
    "Elevated": {
      "n": 118,
      "mae": 15.187390002344992,
      "bias": 15.171586589214954
    },
    "Crisis": {
      "n": 51,
      "mae": 57.64421426437573,
      "bias": 57.64421426437573
    }
  },
  "confidence_analysis": {
    "correlation": -0.04009150761897874,
    "p_value": 0.28707792048261865,
    "is_useful": false,
    "interpretation": "Confidence not predictive \u26a0\ufe0f"
  },
  "time_series": {
    "rolling_mae_mean": 13.127002406060905,
    "rolling_mae_std": 9.913803507100374,
    "trend": "worsening"
  }
}