{
  "overall": {
    "n_forecasts": 710,
    "mae": 12.931247034178174,
    "rmse": 22.88598715725754,
    "mape": 76.89036400108668,
    "median_abs_error": 8.795153091124122,
    "bias": 2.6397079972210062,
    "forecast_width_mean": 28.809015122265883,
    "forecast_iqr_mean": 17.53803886326266
  },
  "quantile_calibration": {
    "q10": {
      "expected": 0.1,
      "observed": 0.2295774647887324,
      "diff": 0.1295774647887324,
      "stderr": 0.011258799375612024,
      "z_score": 11.50899491729229,
      "p_value": 0.0,
      "calibrated": false
    },
    "q25": {
      "expected": 0.25,
      "observed": 0.34507042253521125,
      "diff": 0.09507042253521125,
      "stderr": 0.01625067712565398,
      "z_score": 5.850243765235433,
      "p_value": 4.908530915059828e-09,
      "calibrated": false
    },
    "q50": {
      "expected": 0.5,
      "observed": 0.5450704225352113,
      "diff": 0.04507042253521132,
      "stderr": 0.01876466562602004,
      "z_score": 2.4018772001305675,
      "p_value": 0.01631118298145684,
      "calibrated": false
    },
    "q75": {
      "expected": 0.75,
      "observed": 0.7633802816901408,
      "diff": 0.013380281690140827,
      "stderr": 0.01625067712565398,
      "z_score": 0.823367641033134,
      "p_value": 0.4102989588122601,
      "calibrated": true
    },
    "q90": {
      "expected": 0.9,
      "observed": 0.8366197183098592,
      "diff": -0.06338028169014087,
      "stderr": 0.011258799375612022,
      "z_score": -5.629399687806015,
      "p_value": 1.8083790687128953e-08,
      "calibrated": false
    },
    "interval_80": {
      "coverage": 0.6070422535211267,
      "expected": 0.8
    },
    "interval_50": {
      "coverage": 0.4183098591549296,
      "expected": 0.5
    }
  },
  "by_cohort": {
    "fomc_period": {
      "n": 411,
      "mae": 12.909861762996902,
      "bias": 2.830370681227292
    },
    "earnings_heavy": {
      "n": 27,
      "mae": 24.307720588564056,
      "bias": 13.751420907364366
    },
    "opex_week": {
      "n": 114,
      "mae": 8.93772520569433,
      "bias": -0.22170937602708274
    },
    "mid_cycle": {
      "n": 158,
      "mae": 13.924196710977176,
      "bias": 2.309473622852832
    }
  },
  "by_regime": {
    "Low": {
      "n": 241,
      "mae": 11.973228835715814,
      "bias": -11.758121075995684
    },
    "Normal": {
      "n": 297,
      "mae": 5.004385565433153,
      "bias": -0.3359336601676858
    },
    "Elevated": {
      "n": 120,
      "mae": 15.329446594079855,
      "bias": 15.315591781465931
    },
    "Crisis": {
      "n": 52,
      "mae": 57.11156039684165,
      "bias": 57.11156039684165
    }
  },
  "confidence_analysis": {
    "correlation": -0.04829838612528532,
    "p_value": 0.19864101539918144,
    "is_useful": false,
    "interpretation": "Confidence not predictive \u26a0\ufe0f"
  },
  "time_series": {
    "rolling_mae_mean": 12.912220091984475,
    "rolling_mae_std": 9.878493620437062,
    "trend": "worsening"
  }
}