{
  "overall": {
    "n_forecasts": 707,
    "mae": 15.212388511315751,
    "rmse": 24.056615425332197,
    "mape": 93.65693058653237,
    "median_abs_error": 11.336466090576486,
    "bias": 0.04360637357113353,
    "forecast_width_mean": 36.48516896372079,
    "forecast_iqr_mean": 21.179482623246464
  },
  "quantile_calibration": {
    "q10": {
      "expected": 0.1,
      "observed": 0.26874115983026875,
      "diff": 0.16874115983026874,
      "stderr": 0.011282661216669022,
      "z_score": 14.955794257206826,
      "p_value": 0.0,
      "calibrated": false
    },
    "q25": {
      "expected": 0.25,
      "observed": 0.38613861386138615,
      "diff": 0.13613861386138615,
      "stderr": 0.016285118726548024,
      "z_score": 8.359694279627988,
      "p_value": 0.0,
      "calibrated": false
    },
    "q50": {
      "expected": 0.5,
      "observed": 0.5643564356435643,
      "diff": 0.0643564356435643,
      "stderr": 0.01880443536111504,
      "z_score": 3.4224072357229334,
      "p_value": 0.0006206927334606593,
      "calibrated": false
    },
    "q75": {
      "expected": 0.75,
      "observed": 0.7807637906647807,
      "diff": 0.030763790664780744,
      "stderr": 0.016285118726548024,
      "z_score": 1.88907377227957,
      "p_value": 0.058881944268651676,
      "calibrated": true
    },
    "q90": {
      "expected": 0.9,
      "observed": 0.8868458274398868,
      "diff": -0.013154172560113198,
      "stderr": 0.011282661216669022,
      "z_score": -1.165874992389136,
      "p_value": 0.24366499119039942,
      "calibrated": true
    },
    "interval_80": {
      "coverage": 0.6181046676096181,
      "expected": 0.8
    },
    "interval_50": {
      "coverage": 0.39462517680339465,
      "expected": 0.5
    }
  },
  "by_cohort": {
    "mid_cycle": {
      "n": 337,
      "mae": 14.734869750228356,
      "bias": 2.0445386610923615
    },
    "earnings_heavy": {
      "n": 85,
      "mae": 17.239893731857006,
      "bias": 6.5811659326887835
    },
    "monthly_opex_minus_5": {
      "n": 81,
      "mae": 13.378380300492221,
      "bias": -5.7535285053417216
    },
    "monthly_opex_minus_1": {
      "n": 89,
      "mae": 15.91424873580629,
      "bias": -4.974407715060896
    },
    "fomc_minus_3": {
      "n": 70,
      "mae": 16.885874137126272,
      "bias": -4.999377113679381
    },
    "fomc_week": {
      "n": 23,
      "mae": 13.90813632960566,
      "bias": -0.3478762032667964
    },
    "futures_rollover": {
      "n": 22,
      "mae": 14.645515339047078,
      "bias": 2.2334872388141385
    }
  },
  "by_regime": {
    "Low": {
      "n": 241,
      "mae": 13.622585177090606,
      "bias": -12.532163747355456
    },
    "Normal": {
      "n": 297,
      "mae": 9.80480026888284,
      "bias": -4.313637316521203
    },
    "Elevated": {
      "n": 118,
      "mae": 14.585956269120851,
      "bias": 12.65495188158743
    },
    "Crisis": {
      "n": 51,
      "mae": 55.66563000405758,
      "bias": 55.66563000405758
    }
  },
  "confidence_analysis": {
    "correlation": 0.022324084590941023,
    "p_value": 0.5534427660082781,
    "is_useful": false,
    "interpretation": "Confidence not predictive \u26a0\ufe0f"
  },
  "time_series": {
    "rolling_mae_mean": 15.271991818733671,
    "rolling_mae_std": 9.378016296327845,
    "trend": "worsening"
  }
}