{
  "overall": {
    "n_forecasts": 710,
    "mae": 13.157513325589983,
    "rmse": 22.997375204401383,
    "mape": 78.60915742288782,
    "median_abs_error": 8.948890770230065,
    "bias": 2.3909212008325476,
    "forecast_width_mean": 746.0106818162723,
    "forecast_iqr_mean": 440.04774207629333
  },
  "quantile_calibration": {
    "q10": {
      "expected": 0.1,
      "observed": 0.22535211267605634,
      "diff": 0.12535211267605634,
      "stderr": 0.011258799375612024,
      "z_score": 11.13370160477189,
      "p_value": 0.0,
      "calibrated": false
    },
    "q25": {
      "expected": 0.25,
      "observed": 0.33943661971830985,
      "diff": 0.08943661971830985,
      "stderr": 0.01625067712565398,
      "z_score": 5.503562653221482,
      "p_value": 3.7219217485784384e-08,
      "calibrated": false
    },
    "q50": {
      "expected": 0.5,
      "observed": 0.5521126760563381,
      "diff": 0.05211267605633807,
      "stderr": 0.01876466562602004,
      "z_score": 2.777170512650968,
      "p_value": 0.00548344041183868,
      "calibrated": false
    },
    "q75": {
      "expected": 0.75,
      "observed": 0.7422535211267606,
      "diff": -0.007746478873239426,
      "stderr": 0.01625067712565398,
      "z_score": -0.47668652901918285,
      "p_value": 0.6335853567849437,
      "calibrated": true
    },
    "q90": {
      "expected": 0.9,
      "observed": 0.8169014084507042,
      "diff": -0.08309859154929577,
      "stderr": 0.011258799375612022,
      "z_score": -7.380768479567883,
      "p_value": 1.574296248918472e-13,
      "calibrated": false
    },
    "interval_80": {
      "coverage": 0.5915492957746479,
      "expected": 0.8
    },
    "interval_50": {
      "coverage": 0.4028169014084507,
      "expected": 0.5
    }
  },
  "by_cohort": {
    "fomc_period": {
      "n": 411,
      "mae": 13.267209243061412,
      "bias": 2.3416514235622716
    },
    "earnings_heavy": {
      "n": 27,
      "mae": 24.366895379640464,
      "bias": 13.66561318290923
    },
    "opex_week": {
      "n": 114,
      "mae": 8.899617675770523,
      "bias": -0.10570896387858561
    },
    "mid_cycle": {
      "n": 158,
      "mae": 14.028790329003261,
      "bias": 2.393763186396356
    }
  },
  "by_regime": {
    "Low": {
      "n": 241,
      "mae": 11.94028628963814,
      "bias": -11.63491194977238
    },
    "Normal": {
      "n": 297,
      "mae": 5.605440848472773,
      "bias": -0.8815420714815755
    },
    "Elevated": {
      "n": 119,
      "mae": 15.085523824341037,
      "bias": 14.78280360876621
    },
    "Crisis": {
      "n": 53,
      "mae": 56.68362638251133,
      "bias": 56.68362638251133
    }
  },
  "confidence_analysis": {
    "correlation": -0.04385641453916645,
    "p_value": 0.2431728617731671,
    "is_useful": false,
    "interpretation": "Confidence not predictive \u26a0\ufe0f"
  },
  "time_series": {
    "rolling_mae_mean": 13.113153265622726,
    "rolling_mae_std": 9.74836575929602,
    "trend": "worsening"
  }
}