{
  "overall": {
    "n_forecasts": 710,
    "mae": 13.223637936764302,
    "rmse": 23.31786161928968,
    "mape": 78.15671547074969,
    "median_abs_error": 8.811551216818863,
    "bias": 4.111278392347233,
    "forecast_width_mean": 35.967882038861895,
    "forecast_iqr_mean": 19.368851470032105
  },
  "quantile_calibration": {
    "q10": {
      "expected": 0.1,
      "observed": 0.18028169014084508,
      "diff": 0.08028169014084507,
      "stderr": 0.011258799375612024,
      "z_score": 7.130572937887615,
      "p_value": 9.99422766767566e-13,
      "calibrated": false
    },
    "q25": {
      "expected": 0.25,
      "observed": 0.30985915492957744,
      "diff": 0.05985915492957744,
      "stderr": 0.01625067712565398,
      "z_score": 3.6834868151482345,
      "p_value": 0.00023006518907608964,
      "calibrated": false
    },
    "q50": {
      "expected": 0.5,
      "observed": 0.5028169014084507,
      "diff": 0.0028169014084507005,
      "stderr": 0.01876466562602004,
      "z_score": 0.1501173250081601,
      "p_value": 0.8806720514927975,
      "calibrated": true
    },
    "q75": {
      "expected": 0.75,
      "observed": 0.7873239436619718,
      "diff": 0.03732394366197178,
      "stderr": 0.01625067712565398,
      "z_score": 2.2967623670924264,
      "p_value": 0.021632329461195976,
      "calibrated": false
    },
    "q90": {
      "expected": 0.9,
      "observed": 0.8971830985915493,
      "diff": -0.0028169014084507005,
      "stderr": 0.011258799375612022,
      "z_score": -0.25019554168026686,
      "p_value": 0.8024361328647389,
      "calibrated": true
    },
    "interval_80": {
      "coverage": 0.7169014084507043,
      "expected": 0.8
    },
    "interval_50": {
      "coverage": 0.47746478873239434,
      "expected": 0.5
    }
  },
  "by_cohort": {
    "fomc_period": {
      "n": 411,
      "mae": 13.08641963706734,
      "bias": 4.518835489102329
    },
    "earnings_heavy": {
      "n": 27,
      "mae": 23.1241279797494,
      "bias": 13.972498683063828
    },
    "opex_week": {
      "n": 114,
      "mae": 9.313133239257153,
      "bias": 0.7691416099942405
    },
    "mid_cycle": {
      "n": 158,
      "mae": 14.71022670594575,
      "bias": 3.777383952932984
    }
  },
  "by_regime": {
    "Low": {
      "n": 241,
      "mae": 11.117983503154525,
      "bias": -10.211215034349344
    },
    "Normal": {
      "n": 297,
      "mae": 5.40629476858669,
      "bias": 0.9300711019278176
    },
    "Elevated": {
      "n": 119,
      "mae": 16.92409428544559,
      "bias": 16.92409428544559
    },
    "Crisis": {
      "n": 53,
      "mae": 58.296455558568695,
      "bias": 58.296455558568695
    }
  },
  "confidence_analysis": {
    "correlation": -0.05544240893578658,
    "p_value": 0.13998657695873967,
    "is_useful": false,
    "interpretation": "Confidence not predictive \u26a0\ufe0f"
  },
  "time_series": {
    "rolling_mae_mean": 13.195229188400917,
    "rolling_mae_std": 10.395412953874814,
    "trend": "worsening"
  }
}