{
  "overall": {
    "n_forecasts": 707,
    "mae": 16.82261124877916,
    "rmse": 25.819963915845616,
    "mape": 99.91597138918613,
    "median_abs_error": 12.230372292423178,
    "bias": 9.67757362932045,
    "forecast_width_mean": 67.55778159919858,
    "forecast_iqr_mean": 31.59531608261853
  },
  "quantile_calibration": {
    "q10": {
      "expected": 0.1,
      "observed": 0.06789250353606789,
      "diff": -0.032107496463932114,
      "stderr": 0.011282661216669022,
      "z_score": -2.845737884648743,
      "p_value": 0.00443086504189516,
      "calibrated": false
    },
    "q25": {
      "expected": 0.25,
      "observed": 0.12446958981612447,
      "diff": -0.12553041018387553,
      "stderr": 0.016285118726548024,
      "z_score": -7.708289530566067,
      "p_value": 1.2656542480726785e-14,
      "calibrated": false
    },
    "q50": {
      "expected": 0.5,
      "observed": 0.355021216407355,
      "diff": -0.144978783592645,
      "stderr": 0.01880443536111504,
      "z_score": -7.709818498057165,
      "p_value": 1.2656542480726785e-14,
      "calibrated": false
    },
    "q75": {
      "expected": 0.75,
      "observed": 0.6661951909476662,
      "diff": -0.08380480905233378,
      "stderr": 0.016285118726548024,
      "z_score": -5.146097517589175,
      "p_value": 2.6596120150657043e-07,
      "calibrated": false
    },
    "q90": {
      "expected": 0.9,
      "observed": 0.9123055162659123,
      "diff": 0.012305516265912253,
      "stderr": 0.011282661216669022,
      "z_score": 1.0906572509446675,
      "p_value": 0.27542372771780377,
      "calibrated": true
    },
    "interval_80": {
      "coverage": 0.8444130127298444,
      "expected": 0.8
    },
    "interval_50": {
      "coverage": 0.5417256011315418,
      "expected": 0.5
    }
  },
  "by_cohort": {
    "mid_cycle": {
      "n": 388,
      "mae": 16.670743683516605,
      "bias": 10.936547277659406
    },
    "earnings_heavy": {
      "n": 120,
      "mae": 18.083148322428304,
      "bias": 11.202725780332209
    },
    "monthly_opex_minus_5": {
      "n": 58,
      "mae": 18.08117168988347,
      "bias": 9.695123599748271
    },
    "monthly_opex_minus_1": {
      "n": 63,
      "mae": 14.272529735668474,
      "bias": 10.264341031703012
    },
    "fomc_minus_3": {
      "n": 48,
      "mae": 16.842404715258695,
      "bias": 3.273063516324919
    },
    "fomc_week": {
      "n": 16,
      "mae": 15.38421870615573,
      "bias": -4.059572713096396
    },
    "futures_rollover": {
      "n": 14,
      "mae": 18.06425342855436,
      "bias": -3.3419586142071642
    }
  },
  "by_regime": {
    "Low": {
      "n": 241,
      "mae": 12.812515110793846,
      "bias": -3.3047348259346063
    },
    "Normal": {
      "n": 297,
      "mae": 11.751279675057159,
      "bias": 7.933437144399646
    },
    "Elevated": {
      "n": 118,
      "mae": 19.25465248507612,
      "bias": 18.97172764947894
    },
    "Crisis": {
      "n": 51,
      "mae": 59.6782540089135,
      "bias": 59.6782540089135
    }
  },
  "confidence_analysis": {
    "correlation": -0.023135578490166692,
    "p_value": 0.5391119169178076,
    "is_useful": false,
    "interpretation": "Confidence not predictive \u26a0\ufe0f"
  },
  "time_series": {
    "rolling_mae_mean": 16.945062979483243,
    "rolling_mae_std": 10.22855401560713,
    "trend": "worsening"
  }
}