{
  "overall": {
    "n_forecasts": 707,
    "mae": 13.36632725572597,
    "rmse": 22.689038627017062,
    "mape": 77.65113129220745,
    "median_abs_error": 9.103863831538046,
    "bias": -0.7521642061156844,
    "forecast_width_mean": 23.393161298330384,
    "forecast_iqr_mean": 12.870711242603573
  },
  "quantile_calibration": {
    "q10": {
      "expected": 0.1,
      "observed": 0.25035360678925034,
      "diff": 0.15035360678925033,
      "stderr": 0.011282661216669022,
      "z_score": 13.326076525910187,
      "p_value": 0.0,
      "calibrated": false
    },
    "q25": {
      "expected": 0.25,
      "observed": 0.39462517680339465,
      "diff": 0.14462517680339465,
      "stderr": 0.016285118726548024,
      "z_score": 8.880818078877526,
      "p_value": 0.0,
      "calibrated": false
    },
    "q50": {
      "expected": 0.5,
      "observed": 0.620933521923621,
      "diff": 0.12093352192362095,
      "stderr": 0.01880443536111504,
      "z_score": 6.4311168935013425,
      "p_value": 1.266697857715826e-10,
      "calibrated": false
    },
    "q75": {
      "expected": 0.75,
      "observed": 0.7397454031117398,
      "diff": -0.010254596888260248,
      "stderr": 0.016285118726548024,
      "z_score": -0.6296912574265233,
      "p_value": 0.5288966036290716,
      "calibrated": true
    },
    "q90": {
      "expected": 0.9,
      "observed": 0.8246110325318247,
      "diff": -0.07538896746817536,
      "stderr": 0.011282661216669022,
      "z_score": -6.681842698316207,
      "p_value": 2.3595569942358452e-11,
      "calibrated": false
    },
    "interval_80": {
      "coverage": 0.5742574257425742,
      "expected": 0.8
    },
    "interval_50": {
      "coverage": 0.3451202263083451,
      "expected": 0.5
    }
  },
  "by_cohort": {
    "mid_cycle": {
      "n": 388,
      "mae": 13.481283297183232,
      "bias": 1.2171836232653959
    },
    "earnings_heavy": {
      "n": 120,
      "mae": 14.754415216091486,
      "bias": -1.5464317207922158
    },
    "monthly_opex_minus_5": {
      "n": 58,
      "mae": 11.125345663428147,
      "bias": -4.925057034047025
    },
    "monthly_opex_minus_1": {
      "n": 63,
      "mae": 11.384976357111514,
      "bias": -4.809080046911598
    },
    "fomc_minus_3": {
      "n": 48,
      "mae": 13.779915994260293,
      "bias": -3.5454356881575784
    },
    "fomc_week": {
      "n": 16,
      "mae": 12.550318771353261,
      "bias": -3.5072473405775124
    },
    "futures_rollover": {
      "n": 14,
      "mae": 15.997214108370276,
      "bias": -0.25380797462388266
    }
  },
  "by_regime": {
    "Low": {
      "n": 241,
      "mae": 15.998072412355851,
      "bias": -15.978728051796095
    },
    "Normal": {
      "n": 297,
      "mae": 5.022550963483755,
      "bias": -2.5926898688429816
    },
    "Elevated": {
      "n": 118,
      "mae": 11.343051027765249,
      "bias": 11.227474549287372
    },
    "Crisis": {
      "n": 51,
      "mae": 54.20157374489266,
      "bias": 54.20157374489266
    }
  },
  "confidence_analysis": {
    "correlation": -0.02752567647192252,
    "p_value": 0.4649400634119243,
    "is_useful": false,
    "interpretation": "Confidence not predictive \u26a0\ufe0f"
  },
  "time_series": {
    "rolling_mae_mean": 13.390956583295914,
    "rolling_mae_std": 9.63103333572678,
    "trend": "worsening"
  }
}