{
  "overall": {
    "n_forecasts": 707,
    "mae": 17.087899896751836,
    "rmse": 26.024320888497886,
    "mape": 101.38465399583639,
    "median_abs_error": 12.271194034534851,
    "bias": 9.851653456354763,
    "forecast_width_mean": 62.438678088984034,
    "forecast_iqr_mean": 23.167905542751964
  },
  "quantile_calibration": {
    "q10": {
      "expected": 0.1,
      "observed": 0.05091937765205092,
      "diff": -0.049080622347949084,
      "stderr": 0.011282661216669022,
      "z_score": -4.350092713537945,
      "p_value": 1.3607998441855784e-05,
      "calibrated": false
    },
    "q25": {
      "expected": 0.25,
      "observed": 0.13154172560113153,
      "diff": -0.11845827439886847,
      "stderr": 0.016285118726548024,
      "z_score": -7.27401969785812,
      "p_value": 3.490541189421492e-13,
      "calibrated": false
    },
    "q50": {
      "expected": 0.5,
      "observed": 0.355021216407355,
      "diff": -0.144978783592645,
      "stderr": 0.01880443536111504,
      "z_score": -7.709818498057165,
      "p_value": 1.2656542480726785e-14,
      "calibrated": false
    },
    "q75": {
      "expected": 0.75,
      "observed": 0.5714285714285714,
      "diff": -0.1785714285714286,
      "stderr": 0.016285118726548024,
      "z_score": -10.965313275875674,
      "p_value": 0.0,
      "calibrated": false
    },
    "q90": {
      "expected": 0.9,
      "observed": 0.8783592644978784,
      "diff": -0.021640735502121644,
      "stderr": 0.011282661216669022,
      "z_score": -1.918052406833734,
      "p_value": 0.055104366356375056,
      "calibrated": true
    },
    "interval_80": {
      "coverage": 0.8274398868458275,
      "expected": 0.8
    },
    "interval_50": {
      "coverage": 0.43988684582743987,
      "expected": 0.5
    }
  },
  "by_cohort": {
    "mid_cycle": {
      "n": 388,
      "mae": 17.325196513788924,
      "bias": 11.248454101814778
    },
    "earnings_heavy": {
      "n": 120,
      "mae": 17.897436897932895,
      "bias": 10.773534404721893
    },
    "monthly_opex_minus_5": {
      "n": 58,
      "mae": 19.17784685860071,
      "bias": 10.45909110746815
    },
    "monthly_opex_minus_1": {
      "n": 63,
      "mae": 14.296861099168998,
      "bias": 7.77688753931007
    },
    "fomc_minus_3": {
      "n": 48,
      "mae": 16.73745248230236,
      "bias": 3.524020911902183
    },
    "fomc_week": {
      "n": 16,
      "mae": 10.933173117123896,
      "bias": 3.2722079537750783
    },
    "futures_rollover": {
      "n": 14,
      "mae": 15.709335416465235,
      "bias": -0.7274897620955217
    }
  },
  "by_regime": {
    "Low": {
      "n": 241,
      "mae": 13.273530271217112,
      "bias": -3.508508133585065
    },
    "Normal": {
      "n": 297,
      "mae": 11.880118921476877,
      "bias": 8.321813845548798
    },
    "Elevated": {
      "n": 118,
      "mae": 19.68769033966054,
      "bias": 19.56278889684049
    },
    "Crisis": {
      "n": 51,
      "mae": 59.425130429051876,
      "bias": 59.425130429051876
    }
  },
  "confidence_analysis": {
    "correlation": -0.04278807252441015,
    "p_value": 0.2558647199392329,
    "is_useful": false,
    "interpretation": "Confidence not predictive \u26a0\ufe0f"
  },
  "time_series": {
    "rolling_mae_mean": 17.185125826007283,
    "rolling_mae_std": 10.454199802990361,
    "trend": "worsening"
  }
}