{
  "overall": {
    "n_forecasts": 87,
    "mae": 7.514142319142043,
    "rmse": 10.484320289083126,
    "mape": 46.17623901650648,
    "median_abs_error": 5.775401553677153,
    "bias": 7.514142319142043,
    "forecast_width_mean": 16.366664157859212,
    "forecast_iqr_mean": 5.784221784714823
  },
  "quantile_calibration": {
    "q10": {
      "observed": 0.14942528735632185,
      "expected": 0.1,
      "diff": 0.049425287356321845,
      "calibrated": true
    },
    "q25": {
      "observed": 0.3333333333333333,
      "expected": 0.25,
      "diff": 0.08333333333333331,
      "calibrated": true
    },
    "q50": {
      "observed": 0.41379310344827586,
      "expected": 0.5,
      "diff": -0.08620689655172414,
      "calibrated": true
    },
    "q75": {
      "observed": 0.5747126436781609,
      "expected": 0.75,
      "diff": -0.17528735632183912,
      "calibrated": false
    },
    "q90": {
      "observed": 0.7701149425287356,
      "expected": 0.9,
      "diff": -0.12988505747126444,
      "calibrated": false
    },
    "interval_80": {
      "coverage": 0.6206896551724138
    },
    "interval_50": {
      "coverage": 0.2413793103448276
    }
  },
  "by_cohort": {
    "mid_cycle": {
      "n": 44,
      "mae": 7.272341133092943,
      "rmse": 11.417134131565643,
      "forecast_width": 17.61207384683869,
      "q50_coverage": 0.25
    },
    "earnings_heavy": {
      "n": 13,
      "mae": 7.635001187802264,
      "rmse": 9.322935516008608,
      "forecast_width": 15.476357446267055,
      "q50_coverage": 0.38461538461538464
    },
    "monthly_opex_minus_5": {
      "n": 9,
      "mae": 6.226277067672914,
      "rmse": 6.905523002207879,
      "forecast_width": 10.310806867149141,
      "q50_coverage": 0.8888888888888888
    },
    "monthly_opex_minus_1": {
      "n": 11,
      "mae": 5.395775750625628,
      "rmse": 6.335853551192896,
      "forecast_width": 16.34327308698134,
      "q50_coverage": 0.6363636363636364
    },
    "fomc_minus_3": {
      "n": 10,
      "mae": 11.910232960190054,
      "rmse": 13.516694710772905,
      "forecast_width": 17.520261991024018,
      "q50_coverage": 0.5
    }
  },
  "by_regime": {
    "Normal": {
      "n": 60,
      "mae": 7.0455946946922445,
      "mean_forecast_width": 16.318720405797162
    },
    "Low": {
      "n": 18,
      "mae": 4.913131923751905,
      "mean_forecast_width": 16.639162302017212
    },
    "Elevated": {
      "n": 9,
      "mae": 15.839813939587625,
      "mean_forecast_width": 16.141292883290184
    }
  },
  "confidence_analysis": {
    "by_bin": {
      "Low": {
        "mean_abs_error": 7.8249857600722095,
        "count": 24
      },
      "Medium": {
        "mean_abs_error": 6.748747756292049,
        "count": 25
      },
      "High": {
        "mean_abs_error": 5.544919953321248,
        "count": 9
      },
      "Very High": {
        "mean_abs_error": 8.527853449532145,
        "count": 29
      }
    },
    "correlation": 0.06788905203156996,
    "is_useful": false
  },
  "time_series": {
    "has_trend": true,
    "recent_mae": 5.579388308863059
  }
}