{
  "timestamp": "2025-11-03T10:09:29.882039",
  "ensemble": {
    "score": 0.4297449200172936,
    "std": 0.3461796613804398,
    "max_anomaly": 0.8767833981841764,
    "min_anomaly": 0.005836575875486361,
    "n_detectors": 15,
    "mean_weight": 1.0,
    "weighted": true
  },
  "domain_anomalies": {
    "vix_mean_reversion": {
      "score": 0.01621271076524,
      "percentile": 1.6212710765240002,
      "level": "NORMAL",
      "coverage": 1.0,
      "weight": 1.0
    },
    "vix_momentum": {
      "score": 0.374189364461738,
      "percentile": 37.4189364461738,
      "level": "NORMAL",
      "coverage": 1.0,
      "weight": 1.0
    },
    "vix_regime_structure": {
      "score": 0.11608300907911806,
      "percentile": 11.608300907911806,
      "level": "NORMAL",
      "coverage": 1.0,
      "weight": 1.0
    },
    "cboe_options_flow": {
      "score": 0.2016861219195849,
      "percentile": 20.16861219195849,
      "level": "NORMAL",
      "coverage": 1.0,
      "weight": 1.0
    },
    "vix_spx_relationship": {
      "score": 0.005836575875486361,
      "percentile": 0.5836575875486361,
      "level": "NORMAL",
      "coverage": 1.0,
      "weight": 1.0
    },
    "spx_price_action": {
      "score": 0.771076523994812,
      "percentile": 77.1076523994812,
      "level": "MODERATE",
      "coverage": 1.0,
      "weight": 1.0
    },
    "spx_volatility_regime": {
      "score": 0.02853437094682232,
      "percentile": 2.853437094682232,
      "level": "NORMAL",
      "coverage": 1.0,
      "weight": 1.0
    },
    "macro_rates": {
      "score": 0.4850843060959793,
      "percentile": 48.50843060959793,
      "level": "NORMAL",
      "coverage": 1.0,
      "weight": 1.0
    },
    "commodities_stress": {
      "score": 0.8748378728923476,
      "percentile": 87.48378728923475,
      "level": "HIGH",
      "coverage": 1.0,
      "weight": 1.0
    },
    "cross_asset_divergence": {
      "score": 0.21271076523994814,
      "percentile": 21.271076523994815,
      "level": "NORMAL",
      "coverage": 1.0,
      "weight": 1.0
    }
  },
  "persistence": {
    "current_count": 1,
    "max_possible": 10,
    "percentage": 0.1,
    "active_detectors": [
      "commodities_stress"
    ],
    "historical_stats": {
      "current_streak": 0,
      "mean_duration": 3.6470588235294117,
      "max_duration": 51,
      "median_duration": 1.0,
      "total_anomaly_days": 124,
      "anomaly_rate": 0.08041504539559015,
      "num_episodes": 34,
      "threshold_used": 0.8299749243406833
    }
  },
  "top_anomalies": [
    {
      "name": "random_4",
      "score": 0.8767833981841764
    },
    {
      "name": "commodities_stress",
      "score": 0.8748378728923476
    },
    {
      "name": "random_1",
      "score": 0.8560311284046693
    },
    {
      "name": "random_2",
      "score": 0.8495460440985733
    },
    {
      "name": "spx_price_action",
      "score": 0.771076523994812
    }
  ],
  "classification": {
    "level": "NORMAL",
    "thresholds": {
      "moderate": 0.7333614353653265,
      "high": 0.8299749243406833,
      "critical": 0.9649701686121921
    },
    "thresholds_with_ci": {
      "moderate": 0.7333614353653265,
      "moderate_ci": {
        "lower": 0.7115175097276263,
        "upper": 0.7603718115002163,
        "std": 0.012731503932080937
      },
      "high": 0.8299749243406833,
      "high_ci": {
        "lower": 0.8110938175529616,
        "upper": 0.8493558149589281,
        "std": 0.011033646065213397
      },
      "critical": 0.9649701686121921,
      "critical_ci": {
        "lower": 0.9384087764807613,
        "upper": 0.9765672287073066,
        "std": 0.008783474365339407
      },
      "bootstrap_config": {
        "n_iterations": 1000,
        "confidence_level": 0.95,
        "n_samples": 1542
      }
    }
  }
}