{
  "spx_lag1": 0.004009128687903285,
  "vix_ret_1d": 0.002371315797790885,
  "vix_ret_5d": 0.00564983426593244,
  "vix_ret_10d": 0.0036303404718637466,
  "vix_ret_21d": 0.003553386591374874,
  "vix_vol_10d": 0.005696276668459177,
  "vix_vol_21d": 0.0043861868791282175,
  "vix_vol_63d": 0.005250326171517372,
  "vix_velocity_5d": 0.0028111630235798657,
  "vix_velocity_10d": 0.005345332529395818,
  "vix_velocity_21d": 0.003577088564634323,
  "vix_vs_ma10": 0.009657954797148705,
  "vix_vs_ma21": 0.004788749758154154,
  "vix_vs_ma63": 0.005007660062983632,
  "vix_vs_ma252": 0.0047000338789075615,
  "vix_zscore_21d": 0.004078673804178834,
  "vix_zscore_63d": 0.004627138283103705,
  "vix_zscore_252d": 0.008765567932277918,
  "vix_momentum_z_10d": 0.002934936317615211,
  "vix_momentum_z_21d": 0.003230899618938565,
  "vix_accel_5d": 0.005141585972160101,
  "vix_stretch_ma21": 0.002982998755760491,
  "vix_stretch_ma63": 0.004748038062825799,
  "reversion_strength_21d": 0.002461079461500049,
  "reversion_strength_63d": 0.0043801295571029185,
  "vix_bb_position_20d": 0.005566959222778678,
  "vix_extreme_low_21d": 0.0001839115167967975,
  "vix_regime": 0.0,
  "days_in_regime": 0.005428371857851744,
  "regime_distance_to_boundary": 0.003662796039134264,
  "regime_within_regime_percentile": 0.002974985772743821,
  "regime_change_flag": 0.0,
  "time_in_regime_pct": 0.004242426669225097,
  "regime_expected_return_5d": 0.0,
  "regime_median_return_5d": 0.0,
  "regime_return_std_5d": 0.0,
  "regime_prob_up_5d": 0.0,
  "regime_vol_of_vol": 0.0,
  "regime_spike_prob": 0.0,
  "regime_prob_stay": 0.0,
  "regime_prob_crisis": 0.0,
  "regime_prob_elevated": 0.0,
  "vix1m_vix3m_ratio": 0.007249588146805763,
  "vix_term_slope_short": 0.0034748180769383907,
  "vix_term_slope_velocity_21d": 0.003401400567963719,
  "vix_term_ratio_zscore_63d": 0.005590010993182659,
  "vix3m_vix6m_ratio": 0.0031487046740949153,
  "vix_term_slope_long": 0.003327102353796363,
  "vix_term_curvature": 0.0025128446985036136,
  "vix_term_curvature_zscore": 0.003119098907336593,
  "spx_ret_1d": 0.0038419430144131183,
  "spx_ret_5d": 0.004289396479725838,
  "spx_ret_10d": 0.0035470347851514817,
  "spx_ret_21d": 0.0032113558612763883,
  "spx_ret_63d": 0.005245688557624817,
  "spx_vs_ma20": 0.0035223925253376363,
  "spx_vs_ma50": 0.006877431645989418,
  "spx_vs_ma200": 0.005424008751288056,
  "spx_momentum_z_10d": 0.0021382550476118922,
  "spx_momentum_z_21d": 0.0035450457129627467,
  "spx_realized_vol_10d": 0.004662099061533809,
  "spx_realized_vol_21d": 0.008387209475040435,
  "spx_realized_vol_63d": 0.005016358382999897,
  "spx_vol_ratio_10_21": 0.0042017444502562284,
  "spx_vol_ratio_10_63": 0.003534962865523994,
  "spx_skew_21d": 0.005429179128259421,
  "spx_kurt_21d": 0.00380484270863235,
  "bb_position_20d": 0.003272976283915341,
  "bb_width_20d": 0.0045999514404684305,
  "rsi_14": 0.0070299353450536724,
  "rsi_regime": 0.0018074490129947663,
  "rsi_divergence": 0.004122555581852793,
  "macd": 0.0035555260721594093,
  "macd_signal": 0.005907441349700093,
  "macd_histogram": 0.004017592221498489,
  "adx_14": 0.0049044478219002485,
  "trend_strength": 0.0031855284702032804,
  "spx_body_size": 0.000248744705459103,
  "spx_range": 0.0029316024854779245,
  "spx_range_pct": 0.003479587472975254,
  "spx_upper_shadow": 0.0024406214943155646,
  "spx_lower_shadow": 0.0011096487171016634,
  "spx_close_position": 0.0032512371195480227,
  "spx_body_to_range": 0.0021762849064543843,
  "spx_gap": 0.0026548003312200307,
  "spx_gap_magnitude": 0.0026081147138029338,
  "spx_upper_rejection": 0.00264994278550148,
  "spx_lower_rejection": 0.0012251475127413869,
  "spx_range_expansion": 0.0032300256192684174,
  "spx_vix_corr_21d": 0.004252551589161158,
  "spx_vix_corr_63d": 0.005911728506907821,
  "spx_vix_corr_126d": 0.004139288514852524,
  "vix_vs_rv_10d": 0.004530636128038168,
  "vix_rv_ratio_10d": 0.003799827862530947,
  "vix_vs_rv_21d": 0.0033346172887831925,
  "vix_rv_ratio_21d": 0.0034880556631833315,
  "SKEW": 0.0,
  "skew_regime": 0.0,
  "skew_vs_vix": 0.0013368269428610802,
  "skew_vix_ratio": 0.0,
  "skew_displacement": 0.0005886725150048733,
  "pc_equity_inst_divergence": 0.0,
  "pcc_accel_10d": 0.0,
  "COR1M": 0.0012958718463778496,
  "COR1M_change_21d": 0.0012072835117578507,
  "COR1M_zscore_63d": 0.0011613069102168084,
  "COR3M": 0.0012181617319583892,
  "COR3M_change_21d": 0.0012788709253072738,
  "COR3M_zscore_63d": 0.000596046494320035,
  "cor_term_structure": 0.0014871132094413041,
  "cor_term_slope_change_21d": 0.0013286591973155736,
  "VXTH": 0.0012678992934525013,
  "VXTH_change_21d": 0.0011493518948554992,
  "VXTH_zscore_63d": 0.0008397032273933291,
  "vxth_vix_ratio": 0.0012121486943215132,
  "VXTLT": 0.004566579405218363,
  "VXTLT_change_21d": 0.00378394378349185,
  "VXTLT_zscore_63d": 0.003119684802368283,
  "VXTLT_velocity_10d": 0.004225518554449081,
  "VXTLT_acceleration_5d": 0.002983481576666236,
  "bond_vol_regime": 0.0,
  "vxtlt_vix_ratio": 0.005411640321835875,
  "vxtlt_vix_spread": 0.00511778611689806,
  "VXTLT_percentile_63d": 0.006468888744711876,
  "VXTLT_percentile_126d": 0.003016651002690196,
  "VXTLT_percentile_252d": 0.002873160084709525,
  "VXTLT_vs_ma21": 0.0035746234003454446,
  "VXTLT_vs_ma63": 0.003442240785807371,
  "cboe_stress_composite": 0.002519499114714563,
  "cboe_stress_regime": 0.0,
  "vx_contango_pct": 0.0012879683636128902,
  "vx_contango_5d_change": 0.0015177303925156594,
  "vx_contango_zscore": 0.0014795101946219803,
  "vx1_return_5d": 0.0003333813510835171,
  "vx2_return_5d": 0.0007297647185623646,
  "vx_curve_2_1_ratio": 0.0,
  "vx_curve_3_2_ratio": 0.002067135716788471,
  "vx_curve_4_3_ratio": 0.0018312268424779178,
  "vx_curve_steepness": 0.001199728832580149,
  "vx_oi_front_concentration": 0.002248853538185358,
  "vx_oi_imbalance": 0.0006548341829329729,
  "vx_oi_5d_change": 0.0013167643453925848,
  "vx_oi_zscore_63d": 0.0016081995796412229,
  "vx_oi_surge": 0.002096489164978266,
  "vx_churn_ratio": 0.004011244792491197,
  "vx_churn_zscore_63d": 0.001876518176868558,
  "vx_roll_yield_annualized": 0.0027271021623164414,
  "vx_roll_cost_5d": 0.0007296167314052582,
  "vx_roll_yield_zscore_63d": 0.001718805730342865,
  "vx_momentum_5d": 0.0,
  "vx_momentum_zscore": 0.0,
  "CL1-CL2": 0.004021080816164613,
  "CL1-CL2_velocity_5d": 0.0025104435393586756,
  "CL1-CL2_zscore_63d": 0.004338920162990689,
  "oil_term_regime": 0.0,
  "crude_oil_ret_10d": 0.006230491399765015,
  "crude_oil_ret_21d": 0.004912417149171233,
  "crude_oil_ret_63d": 0.005128091014921665,
  "crude_oil_vol_21d": 0.0041242331266403195,
  "crude_oil_zscore_63d": 0.005047224834561348,
  "DX1-DX2": 0.0024362479452975094,
  "DX1-DX2_velocity_5d": 0.003515373123809695,
  "DX1-DX2_zscore_63d": 0.00281080468557775,
  "dxy_ret_10d": 0.005186026683077216,
  "dxy_ret_21d": 0.004490896547213197,
  "dxy_ret_63d": 0.004367644898593426,
  "dxy_vs_ma50": 0.004832058679312468,
  "dxy_vs_ma200": 0.0035100395791232584,
  "dxy_vol_21d": 0.0024197561666369437,
  "dollar_crude_corr_21d": 0.003188246861100197,
  "spx_dollar_corr_21d": 0.0042634145356714725,
  "initial_claims": 0.0026639968855306506,
  "claims_4wk_ma": 0.00520741525106132,
  "claims_velocity_4w": 0.0037366841454058884,
  "claims_zscore_52w": 0.004600028973072767,
  "claims_percentile_52w": 0.003850296512246132,
  "claims_regime": 0.0,
  "claims_velocity_zscore": 0.004803840722888708,
  "fin_stress_index": 0.0028231125324964523,
  "stress_velocity_4w": 0.002459208481013775,
  "stress_zscore_52w": 0.003858924377709627,
  "stress_extreme": 0.0,
  "stress_regime": 0.001335954014211893,
  "hy_spread": 0.006899148598313332,
  "hy_velocity_21d": 0.005337519245222211,
  "hy_zscore_252d": 0.0036922501982189714,
  "hy_bb_spread": 0.004744337406009436,
  "hy_bb_velocity_21d": 0.004243292147293687,
  "hy_b_spread": 0.00461458470672369,
  "hy_b_velocity_21d": 0.004111168766394257,
  "hy_ccc_spread": 0.00293932780623436,