{
  "spx_lag1": 0.0007716093794442713,
  "vix_ret_1d": 0.00044822379713878037,
  "vix_ret_5d": 0.0013880872167646885,
  "vix_ret_10d": 0.0009061850258149206,
  "vix_ret_21d": 0.001389883761294186,
  "vix_vol_10d": 0.0021476270398125053,
  "vix_vol_21d": 0.0029679701663553716,
  "vix_vol_63d": 0.004892785474658013,
  "vix_velocity_5d": 0.008264833129942417,
  "vix_velocity_10d": 0.001738979236688465,
  "vix_velocity_21d": 0.002119189506629482,
  "vix_vs_ma10": 0.0121800203807652,
  "vix_vs_ma21": 0.0033345579635351897,
  "vix_vs_ma63": 0.005967629700899124,
  "vix_vs_ma252": 0.004080562898889184,
  "vix_zscore_21d": 0.0028631574590690435,
  "vix_zscore_63d": 0.0062562549952417616,
  "vix_zscore_252d": 0.005243940651416779,
  "vix_momentum_z_10d": 0.0021231253165751697,
  "vix_momentum_z_21d": 0.00289996899664402,
  "vix_accel_5d": 0.0035099602304399014,
  "vix_stretch_ma21": 0.001569755468517542,
  "vix_stretch_ma63": 0.0015309658017940819,
  "reversion_strength_21d": 0.0032061673467978836,
  "reversion_strength_63d": 0.0031421374180354176,
  "vix_bb_position_20d": 0.007848015520721674,
  "vix_extreme_low_21d": 0.0005429208744317293,
  "vix_regime": 0.020250498212408274,
  "days_in_regime": 0.012579065933823585,
  "regime_distance_to_boundary": 0.0026010990608483554,
  "regime_within_regime_percentile": 0.002996936487033963,
  "regime_change_flag": 2.6854733005166053e-05,
  "time_in_regime_pct": 0.006281756237149239,
  "regime_expected_return_5d": 0.004254850372672081,
  "regime_median_return_5d": 0.0,
  "regime_return_std_5d": 0.0,
  "regime_prob_up_5d": 0.0,
  "regime_vol_of_vol": 0.0,
  "regime_spike_prob": 0.005293050315231085,
  "regime_prob_stay": 0.0,
  "regime_prob_crisis": 0.0,
  "regime_prob_elevated": 0.0013726633522310294,
  "spx_ret_1d": 0.0014502565143629908,
  "spx_ret_5d": 0.005970718711614609,
  "spx_ret_10d": 0.0020555881317704918,
  "spx_ret_21d": 0.002226889377925545,
  "spx_ret_63d": 0.0032431992469355462,
  "spx_vs_ma20": 0.004902232345193625,
  "spx_vs_ma50": 0.008199741458520293,
  "spx_vs_ma200": 0.004666753206402063,
  "spx_momentum_z_10d": 0.0027844918426126243,
  "spx_momentum_z_21d": 0.0045052233152091505,
  "spx_realized_vol_10d": 0.0036201427225023507,
  "spx_realized_vol_21d": 0.00430381502956152,
  "spx_realized_vol_63d": 0.005037592817097902,
  "spx_vol_ratio_10_21": 0.0030412616673856975,
  "spx_vol_ratio_10_63": 0.01012594047933817,
  "spx_skew_21d": 0.0045982345938682554,
  "spx_kurt_21d": 0.002491450496017933,
  "bb_position_20d": 0.004020265815779567,
  "bb_width_20d": 0.0038629516027867796,
  "rsi_14": 0.003491708217188716,
  "rsi_regime": 0.0001314440625719726,
  "rsi_divergence": 0.0028929621912539005,
  "macd": 0.005632562888786196,
  "macd_signal": 0.004957986436784268,
  "macd_histogram": 0.003268173476681113,
  "adx_14": 0.0034494217485189437,
  "trend_strength": 0.004916563327424228,
  "spx_body_size": 0.000943295459728688,
  "spx_range": 0.0016893979278393089,
  "spx_range_pct": 0.00189358692150563,
  "spx_upper_shadow": 0.0014614774496294557,
  "spx_lower_shadow": 0.0014234275557100772,
  "spx_close_position": 0.0019452941836789251,
  "spx_body_to_range": 0.00150675947079435,
  "spx_gap": 0.001366921595763415,
  "spx_gap_magnitude": 0.0021245642798021435,
  "spx_upper_rejection": 0.0006370933027938008,
  "spx_lower_rejection": 0.0014038271503522993,
  "spx_range_expansion": 0.001661899872124195,
  "spx_vix_corr_21d": 0.004211183357983828,
  "spx_vix_corr_63d": 0.003911669924855232,
  "spx_vix_corr_126d": 0.003560049459338188,
  "vix_vs_rv_10d": 0.005617447104305029,
  "vix_rv_ratio_10d": 0.0045007843058556315,
  "vix_vs_rv_21d": 0.006264570681378245,
  "vix_rv_ratio_21d": 0.004626004723832011,
  "SKEW": 0.009750090725719928,
  "skew_regime": 0.0,
  "skew_vs_vix": 0.003259135317057371,
  "skew_vix_ratio": 0.007734261266887188,
  "skew_displacement": 0.0019984464161098003,
  "pc_equity_inst_divergence": 0.0009366455022245645,
  "pcc_accel_10d": 0.001009933414752595,
  "COR1M": 0.006462830677628517,
  "COR1M_change_21d": 0.001041032699868083,
  "COR1M_zscore_63d": 0.0013871341478079557,
  "COR3M": 0.002878163382411003,
  "COR3M_change_21d": 0.001457860879600048,
  "COR3M_zscore_63d": 0.001573173375800252,
  "cor_term_structure": 0.004281954537145793,
  "cor_term_slope_change_21d": 0.0024732145480811595,
  "VXTH": 0.003902151063084602,
  "VXTH_change_21d": 0.0029886122327297928,
  "VXTH_zscore_63d": 0.0017558007035404443,
  "vxth_vix_ratio": 0.0024807559791952373,
  "VXTLT": 0.008182477205991745,
  "VXTLT_change_21d": 0.0032038572942838075,
  "VXTLT_zscore_63d": 0.004327308060601354,
  "VXTLT_velocity_10d": 0.005127074103802443,
  "VXTLT_acceleration_5d": 0.002656183112412691,
  "bond_vol_regime": 0.0,
  "vxtlt_vix_ratio": 0.004374499479308724,
  "vxtlt_vix_spread": 0.005414849007502198,
  "VXTLT_percentile_63d": 0.0019183105439879,
  "VXTLT_percentile_126d": 0.004460532730445266,
  "VXTLT_percentile_252d": 0.005700556701049209,
  "VXTLT_vs_ma21": 0.0042753218906000255,
  "VXTLT_vs_ma63": 0.0028076117363525555,
  "cboe_stress_composite": 0.003730807057581842,
  "cboe_stress_regime": 0.0002019715146161616,
  "VX1-VX2": 0.0029496754286810756,
  "VX1-VX2_change_21d": 0.0029551082057878374,
  "VX1-VX2_zscore_63d": 0.0033231798326596616,
  "VX1-VX2_percentile_63d": 0.0025092344963923096,
  "VX2-VX1_RATIO": 0.0032022987026721237,
  "VX2-VX1_RATIO_velocity_10d": 0.0024988093879073857,
  "vx_term_structure_regime": 5.699579487554729e-05,
  "vx_curve_acceleration": 0.003855639835819602,
  "vx_term_structure_divergence": 0.0021663799416273832,
  "CL1-CL2": 0.004493637336418032,
  "CL1-CL2_velocity_5d": 0.0015018509817309677,
  "CL1-CL2_zscore_63d": 0.003754671383649111,
  "oil_term_regime": 0.0018277627415955067,
  "crude_oil_ret_10d": 0.0027502220356836913,
  "crude_oil_ret_21d": 0.00271886526606977,
  "crude_oil_ret_63d": 0.009112889133393764,
  "crude_oil_vol_21d": 0.0032633223570883276,
  "crude_oil_zscore_63d": 0.0038660878781229258,
  "DX1-DX2": 0.0015977544942870736,
  "DX1-DX2_velocity_5d": 0.001880983472801745,
  "DX1-DX2_zscore_63d": 0.0022809358430095016,
  "dxy_ret_10d": 0.00473137516528368,
  "dxy_ret_21d": 0.004546843562275171,
  "dxy_ret_63d": 0.004543896717950702,
  "dxy_vs_ma50": 0.0042532437946647406,
  "dxy_vs_ma200": 0.007515932759270072,
  "dxy_vol_21d": 0.0033483965904451906,
  "vx_crude_corr_21d": 0.003412980120629072,
  "vx_crude_divergence": 0.0021093804622069,
  "vx_dollar_corr_21d": 0.004719539126381278,
  "dollar_crude_corr_21d": 0.0032395296264439823,
  "spx_vx_spread_corr_21d": 0.0035433316603302955,
  "spx_dollar_corr_21d": 0.0052078788634389635,
  "initial_claims": 0.007875889167189598,
  "claims_4wk_ma": 0.005341216130182147,
  "claims_velocity_4w": 0.0038487072102725505,
  "claims_zscore_52w": 0.005584841780364514,
  "claims_percentile_52w": 0.004456908395513892,
  "claims_regime": 0.0,
  "claims_velocity_zscore": 0.005307348119094968,
  "fin_stress_index": 0.007137578027322888,
  "stress_velocity_4w": 0.0044051037635654215,
  "stress_zscore_52w": 0.0039062296971678736,
  "stress_extreme": 0.003493114886805415,
  "stress_regime": 6.67719985358417e-05,
  "hy_spread": 0.00593707449734211,
  "hy_velocity_21d": 0.003452092804946005,
  "hy_zscore_252d": 0.007177788554690779,
  "hy_bb_spread": 0.005409678991418332,
  "hy_bb_velocity_21d": 0.004213669616729021,
  "hy_b_spread": 0.004601277830079198,
  "hy_b_velocity_21d": 0.006220511859282851,
  "hy_ccc_spread": 0.004234496434219181,
  "hy_ccc_velocity_21d": 0.004817397799342871,
  "credit_quality_spread": 0.009639569744467735,
  "credit_widening_regime": 0.005117599133518525,
  "ig_hy_spread": 0.004853425960754975,
  "credit_stress_composite": 0.0110447408282198,
  "sofr": 0.001101306639611721,
  "sofr_ff_spread": 0.0012133958749473094,
  "funding_stress": 0.000864117406308651,
  "funding_stress_zscore": 0.0013243180699646472,
  "funding_stress_regime": 0.0,
  "sofr_velocity_5d": 0.0028297866228967905,
  "yield_10y2y": 0.0,