{
  "10y_vol_63d": 0.003490566648542881,
  "30y_vol_63d": 0.004966950789093971,
  "6m_vol_63d_fred": 0.00539133339188993,
  "CL1-CL2": 0.004886460117995739,
  "CL1-CL2_velocity_5d": 0.003223877679556608,
  "CL1-CL2_zscore_63d": 0.0038045753724873068,
  "COR1M": 0.0013721643947064877,
  "COR1M_change_21d": 0.0010738200042396783,
  "COR1M_zscore_63d": 0.0015669608488678931,
  "COR3M": 0.0011556473560631274,
  "COR3M_change_21d": 0.0010283546522259711,
  "COR3M_zscore_63d": 0.0011618199292570352,
  "DX1-DX2": 0.0024326521437615157,
  "DX1-DX2_velocity_5d": 0.0019531491678208114,
  "DX1-DX2_zscore_63d": 0.003121847053989768,
  "SKEW": 0.001123418053612113,
  "SKEW_extreme_low_252d": 0.0,
  "SKEW_extreme_low_63d": 0.0,
  "SKEW_jerk_5d": 0.0009400808252394199,
  "SKEW_momentum_regime": 0.0007630192674696445,
  "SKEW_percentile_126d": 0.000785292056389153,
  "SKEW_percentile_21d": 0.0008731766138225794,
  "SKEW_percentile_252d": 0.0013198140542954207,
  "SKEW_percentile_63d": 0.0012658349238336085,
  "SKEW_percentile_velocity": 0.00098757348023355,
  "VXTH": 0.0017158627044409514,
  "VXTH_change_21d": 0.001876278780400753,
  "VXTH_zscore_63d": 0.0010347534669563174,
  "VXTLT": 0.004096097266301513,
  "VXTLT_acceleration_5d": 0.002726130746304989,
  "VXTLT_change_21d": 0.0033877195324748754,
  "VXTLT_percentile_126d": 0.00367859210819006,
  "VXTLT_percentile_252d": 0.003143105935305357,
  "VXTLT_percentile_63d": 0.004844763549044728,
  "VXTLT_velocity_10d": 0.004648492066189646,
  "VXTLT_vs_ma21": 0.0035598566755652428,
  "VXTLT_vs_ma63": 0.003898165374994278,
  "VXTLT_zscore_63d": 0.0033324597869068386,
  "adx_14": 0.004128284100443125,
  "bb_position_20d": 0.0039121823385357855,
  "bb_width_20d": 0.0037229473702609537,
  "bond_vol_regime": 0.0,
  "cboe_stress_composite": 0.0023986104526557027,
  "cboe_stress_regime": 0.0,
  "claims_4wk_ma": 0.004654274694621563,
  "claims_percentile_52w": 0.004169517243281007,
  "claims_regime": 0.0,
  "claims_velocity_4w": 0.003910347865894437,
  "claims_velocity_zscore": 0.003991566644981503,
  "claims_zscore_52w": 0.003478888887912035,
  "cor_term_slope_change_21d": 0.0005796964280307293,
  "cor_term_structure": 0.0017724472098052501,
  "correlation_regime": 0.0,
  "credit_quality_spread": 0.004249108163639903,
  "credit_stress_composite": 0.00465530576184392,
  "credit_vol_divergence": 0.0038020937237888573,
  "credit_vol_stress_composite": 0.003989202110096813,
  "credit_widening_regime": 0.0021861860528588294,
  "cross_asset_vol_cluster": 0.0009114570682868361,
  "crude_oil_ret_10d": 0.004596915049478412,
  "crude_oil_ret_21d": 0.003453090414404869,
  "crude_oil_ret_63d": 0.005157013004645705,
  "crude_oil_vol_21d": 0.0038593780249357224,
  "crude_oil_vol_21d_log": 0.0043539480771869424,
  "crude_oil_zscore_63d": 0.004344378598034382,
  "day_of_month": 0.0053367485292255875,
  "day_of_week": 0.0016382698784582316,
  "days_in_regime": 0.004137946059927344,
  "dollar_crude_corr_21d": 0.0035047193989157675,
  "dxy_ret_10d": 0.004808055004104972,
  "dxy_ret_21d": 0.004306881921365857,
  "dxy_ret_63d": 0.004700119560584426,
  "dxy_vol_21d": 0.0037215994205325844,
  "dxy_vol_21d_log": 0.0025045853573828934,
  "dxy_vs_ma200": 0.004208732163533568,
  "dxy_vs_ma50": 0.005021972069516778,
  "equity_vol_corr_breakdown": 0.0030974299181252716,
  "equity_vol_divergence": 0.0032191329170018434,
  "fin_stress_index": 0.0032184842508286237,
  "gold_spx_divergence": 0.0033317151945084335,
  "hy_b_spread": 0.004837908130139112,
  "hy_b_velocity_21d": 0.004151076357811689,
  "hy_bb_spread": 0.004816495953127742,
  "hy_bb_velocity_21d": 0.004195735557004809,
  "hy_ccc_spread": 0.0034991180058568717,
  "hy_ccc_velocity_21d": 0.004328943556174636,
  "hy_spread": 0.00623060492798686,
  "hy_velocity_21d": 0.004120900481939316,
  "hy_zscore_252d": 0.0034008673392236233,
  "ig_hy_spread": 0.003866804484277964,
  "initial_claims": 0.004241290735080838,
  "is_earnings_heavy": 0.00028468179516494274,
  "is_fomc_period": 0.003208143962547183,
  "is_opex_week": 0.001426064968109131,
  "liquidity_regime": 0.0,
  "liquidity_stress_composite": 0.0032919321209192278,
  "macd": 0.003034929186105728,
  "macd_histogram": 0.0036825946997851135,
  "macd_signal": 0.004808934894390405,
  "month": 0.006462439568713308,
  "oil_term_regime": 0.0017367808148264885,
  "pc_equity_inst_divergence": 0.001213223533704877,
  "pcc_accel_10d": 0.0008460357319563627,
  "regime_change_flag": 0.0,
  "regime_distance_to_boundary": 0.003969799075275659,
  "regime_expected_return_5d": 0.0,
  "regime_median_return_5d": 0.0,
  "regime_prob_crisis": 0.0,
  "regime_prob_elevated": 0.00043686260469257834,
  "regime_prob_stay": 0.0,
  "regime_prob_up_5d": 0.0,
  "regime_return_std_5d": 0.0,
  "regime_spike_prob": 0.0,
  "regime_transition_risk": 0.002192607126198709,
  "regime_vol_of_vol": 0.0,
  "regime_within_regime_percentile": 0.0029502725694328545,
  "reversion_strength_21d": 0.0036553206853568556,
  "reversion_strength_63d": 0.005016657197847963,
  "risk_premium_extreme_low_252d": 0.0,
  "risk_premium_extreme_low_63d": 0.0004807706456631422,
  "risk_premium_ma21": 0.003993984824046492,
  "risk_premium_percentile_126d": 0.003097689151763916,
  "risk_premium_percentile_21d": 0.0037142043001949787,
  "risk_premium_percentile_252d": 0.003430862771347165,
  "risk_premium_percentile_63d": 0.0039009553380310535,
  "risk_premium_percentile_velocity": 0.003097045561298728,
  "risk_premium_regime": 0.0005886461585760117,
  "risk_premium_velocity": 0.004325243132188916,
  "risk_premium_zscore": 0.004765621433034539,
  "rsi_14": 0.006006389949470758,
  "rsi_divergence": 0.0031167534179985523,
  "rsi_regime": 0.0018877153284847735,
  "skew_displacement": 0.0011324549093842506,
  "skew_regime": 0.0,
  "skew_vix_ratio": 0.0014238984556868672,
  "skew_vs_vix": 0.0013997827656567097,
  "spx_body_size": 0.001938874484039843,
  "spx_body_to_range": 0.0025664304615929724,
  "spx_close_position": 0.003485031658783555,
  "spx_dollar_corr_21d": 0.0034589918795973063,
  "spx_gap": 0.002048987871967256,
  "spx_gap_extreme_flag": 0.0,
  "spx_gap_magnitude": 0.0025094043579883874,
  "spx_gap_magnitude_extreme_flag": 0.0020742219407111407,
  "spx_kurt_21d": 0.0035239845048636196,
  "spx_lag1": 0.0035931599792093038,
  "spx_lower_rejection": 0.0020739314146339892,
  "spx_lower_shadow": 0.0023417222080752255,
  "spx_momentum_z_10d": 0.0032581744249910115,
  "spx_momentum_z_21d": 0.003261243039742112,
  "spx_range": 0.0027048295130953194,
  "spx_range_expansion": 0.0021438992116600275,
  "spx_range_pct": 0.003085481747984886,
  "spx_realized_vol_10d": 0.0037034725304692984,
  "spx_realized_vol_21d": 0.006344176176935434,
  "spx_realized_vol_21d_acceleration_5d": 0.0030188331846147777,
  "spx_realized_vol_21d_log": 0.0023664973676204683,
  "spx_realized_vol_21d_velocity_3d": 0.0031857697293162348,
  "spx_realized_vol_63d": 0.005048829782754183,
  "spx_realized_vol_63d_x_regime_0": 0.005150553025305271,
  "spx_realized_vol_63d_x_regime_1": 0.00339402430690825,
  "spx_realized_vol_63d_x_regime_2": 0.0032427153317257764,
  "spx_realized_vol_63d_x_regime_3": 0.004054237715899944,
  "spx_ret_10d": 0.003165633510798216,
  "spx_ret_1d": 0.0032206580508500338,
  "spx_ret_21d": 0.003467563493177295,
  "spx_ret_5d": 0.003997215442359448,
  "spx_ret_5d_regime_adj": 0.0036365204025059937,
  "spx_ret_63d": 0.003918418427929282,
  "spx_skew_21d": 0.003935167612507939,
  "spx_upper_rejection": 0.0024136465974152086,
  "spx_upper_shadow": 0.002193988929502666,
  "spx_vix_corr_126d": 0.0041902964934706684,
  "spx_vix_corr_21d": 0.003390370914712548,
  "spx_vix_corr_63d": 0.0044802475720644,
  "spx_vol_ratio_10_21": 0.0039318966213613745,
  "spx_vol_ratio_10_63": 0.0032986958511173727,
  "spx_vs_ma20": 0.0035444939974695446,
  "spx_vs_ma200": 0.004294200008735061,
  "spx_vs_ma50": 0.0039367955178022385,
  "stress_extreme": 0.0007034215144813061,
  "stress_regime": 0.0,
  "stress_velocity_4w": 0.0038544731214642525,