{
  "spx_lag1": 0.004049315117299557,
  "vix_ret_1d": 0.0021251767175272107,
  "vix_ret_5d": 0.003093487047590315,
  "vix_ret_10d": 0.0035774949472397568,
  "vix_ret_21d": 0.002448234194889665,
  "vix_vol_10d": 0.004596072621643544,
  "vix_vol_21d": 0.005019428674131632,
  "vix_vol_63d": 0.004285838501527905,
  "vix_velocity_5d": 0.007950101932510733,
  "vix_velocity_10d": 0.0040829888544976715,
  "vix_velocity_21d": 0.003742754249833524,
  "vix_vs_ma10": 0.003769678110256791,
  "vix_vs_ma21": 0.0034797666827216744,
  "vix_vs_ma63": 0.00555997765623033,
  "vix_vs_ma252": 0.00545638189651072,
  "vix_zscore_21d": 0.00809060102328658,
  "vix_zscore_63d": 0.002975672180764377,
  "vix_zscore_252d": 0.00383464484475553,
  "vix_momentum_z_10d": 0.0019490109873004258,
  "vix_momentum_z_21d": 0.003236364433541894,
  "vix_accel_5d": 0.003813067777082324,
  "vix_stretch_ma21": 0.0029430847615003588,
  "vix_stretch_ma63": 0.0041009739972651,
  "reversion_strength_21d": 0.0035985243041068314,
  "reversion_strength_63d": 0.003627320704981685,
  "vix_bb_position_20d": 0.007865938078612088,
  "vix_extreme_low_21d": 0.0007289862725883723,
  "vix_regime": 0.0,
  "days_in_regime": 0.006738393660634756,
  "regime_distance_to_boundary": 0.004891850985586643,
  "regime_within_regime_percentile": 0.0035993991885334255,
  "regime_change_flag": 0.0,
  "time_in_regime_pct": 0.0056714553385972975,
  "regime_expected_return_5d": 0.0,
  "regime_median_return_5d": 0.0,
  "regime_return_std_5d": 0.0,
  "regime_prob_up_5d": 0.0,
  "regime_vol_of_vol": 0.0,
  "regime_spike_prob": 0.0,
  "regime_prob_stay": 0.0,
  "regime_prob_crisis": 0.0,
  "regime_prob_elevated": 0.0,
  "vix1m_vix3m_ratio": 0.006733759157214081,
  "vix_term_slope_short": 0.002578681707382202,
  "vix_term_slope_velocity_21d": 0.002210037037730217,
  "vix_term_ratio_zscore_63d": 0.005373061401769519,
  "vix3m_vix6m_ratio": 0.004636179283261299,
  "vix_term_slope_long": 0.004072778904810548,
  "vix_term_curvature": 0.003938674321398139,
  "vix_term_curvature_zscore": 0.003684335062280297,
  "spx_ret_1d": 0.001822839176747948,
  "spx_ret_5d": 0.0038255690131336452,
  "spx_ret_10d": 0.004294648207724095,
  "spx_ret_21d": 0.006293711485341191,
  "spx_ret_63d": 0.003924534353427589,
  "spx_vs_ma20": 0.006256086053326726,
  "spx_vs_ma50": 0.0049357105046510695,
  "spx_vs_ma200": 0.0035826741717755795,
  "spx_momentum_z_10d": 0.003426412376575172,
  "spx_momentum_z_21d": 0.0037399059161543845,
  "spx_realized_vol_10d": 0.004611486056819558,
  "spx_realized_vol_21d": 0.006202206294983625,
  "spx_realized_vol_63d": 0.003878721222281456,
  "spx_vol_ratio_10_21": 0.003246746305376291,
  "spx_vol_ratio_10_63": 0.004243013449013233,
  "spx_skew_21d": 0.004167667403817177,
  "spx_kurt_21d": 0.004391808016225696,
  "bb_position_20d": 0.002692804066464305,
  "bb_width_20d": 0.003438188973814249,
  "rsi_14": 0.005511854682117701,
  "rsi_regime": 0.0003281098557636142,
  "rsi_divergence": 0.002305378904566169,
  "macd": 0.005320159438997507,
  "macd_signal": 0.005286056268960238,
  "macd_histogram": 0.0030891638016328216,
  "adx_14": 0.0038053006399422886,
  "trend_strength": 0.005586255877278745,
  "spx_body_size": 0.0018046016572043299,
  "spx_range": 0.002022116258740425,
  "spx_range_pct": 0.002509759645909071,
  "spx_upper_shadow": 0.0019009339157491922,
  "spx_lower_shadow": 0.0024487095535732804,
  "spx_close_position": 0.002578576561063528,
  "spx_body_to_range": 0.002326661394909024,
  "spx_gap": 0.003109008143655956,
  "spx_gap_magnitude": 0.0025948025984689595,
  "spx_upper_rejection": 0.0017788439756259323,
  "spx_lower_rejection": 0.0020172080025076867,
  "spx_range_expansion": 0.0022925944300368427,
  "spx_vix_corr_21d": 0.003937928611412645,
  "spx_vix_corr_63d": 0.003899077419191599,
  "spx_vix_corr_126d": 0.004358733119443059,
  "vix_vs_rv_10d": 0.004132193000987172,
  "vix_rv_ratio_10d": 0.003675093175843358,
  "vix_vs_rv_21d": 0.005369682237505913,
  "vix_rv_ratio_21d": 0.0058070981409400705,
  "SKEW": 0.0028455909807235,
  "skew_regime": 0.0,
  "skew_vs_vix": 0.0007742293179035187,
  "skew_vix_ratio": 0.0019502907060086727,
  "skew_displacement": 0.0013794703758321703,
  "pc_equity_inst_divergence": 0.0008766543120145798,
  "pcc_accel_10d": 0.0017852455377578736,
  "COR1M": 0.0021155170630663632,
  "COR1M_change_21d": 0.0014084394089877606,
  "COR1M_zscore_63d": 4.5831204624846576e-05,
  "COR3M": 0.002205457491800189,
  "COR3M_change_21d": 0.0006381718907505274,
  "COR3M_zscore_63d": 0.001726417662575841,
  "cor_term_structure": 0.0023291484452784062,
  "cor_term_slope_change_21d": 0.0025159931275993584,
  "VXTH": 0.002518238639459014,
  "VXTH_change_21d": 0.0006279640656430274,
  "VXTH_zscore_63d": 0.0006647075992077589,
  "vxth_vix_ratio": 0.0010181271936744452,
  "VXTLT": 0.00495664244517684,
  "VXTLT_change_21d": 0.0035810870118439197,
  "VXTLT_zscore_63d": 0.0025293671526014803,
  "VXTLT_velocity_10d": 0.003203789284452796,
  "VXTLT_acceleration_5d": 0.003157734265550971,
  "bond_vol_regime": 0.0,
  "vxtlt_vix_ratio": 0.004277200298383832,
  "vxtlt_vix_spread": 0.005955697782337665,
  "VXTLT_percentile_63d": 0.002881272649392486,
  "VXTLT_percentile_126d": 0.0023323272587731482,
  "VXTLT_percentile_252d": 0.0017595458077266813,
  "VXTLT_vs_ma21": 0.0037112019024789335,
  "VXTLT_vs_ma63": 0.004408948449417948,
  "cboe_stress_composite": 0.0027024115901440383,
  "cboe_stress_regime": 0.0,
  "vx_contango_pct": 0.0013901594560593367,
  "vx_contango_5d_change": 0.0020832848269492386,
  "vx_contango_zscore": 0.003772489516995847,
  "vx1_return_5d": 0.0013299641199409963,
  "vx2_return_5d": 0.0024775867350399494,
  "vx_curve_2_1_ratio": 0.00037616458721458914,
  "vx_curve_3_2_ratio": 0.0025681116385385394,
  "vx_curve_4_3_ratio": 0.003978724218904972,
  "vx_curve_steepness": 0.003576897317543626,
  "vx_oi_front_concentration": 0.002803706633858383,
  "vx_oi_imbalance": 0.0027713212184607983,
  "vx_oi_5d_change": 0.0037280948366969825,
  "vx_oi_zscore_63d": 0.0029695693403482435,
  "vx_oi_surge": 0.0037814431823790075,
  "vx_churn_ratio": 0.004728514049202204,
  "vx_churn_zscore_63d": 0.0021734107751399277,
  "vx_roll_yield_annualized": 0.002005940955132246,
  "vx_roll_cost_5d": 0.0005568651482462883,
  "vx_roll_yield_zscore_63d": 0.0037479458376765253,
  "vx_momentum_5d": 0.0014670852571725846,
  "vx_momentum_zscore": 0.001989998063072562,
  "CL1-CL2": 0.004246482439339161,
  "CL1-CL2_velocity_5d": 0.003946896875277162,
  "CL1-CL2_zscore_63d": 0.003290093783289194,
  "oil_term_regime": 0.0,
  "crude_oil_ret_10d": 0.0033422719221562146,
  "crude_oil_ret_21d": 0.003758729062974453,
  "crude_oil_ret_63d": 0.00421781912446022,
  "crude_oil_vol_21d": 0.0032463274663314225,
  "crude_oil_zscore_63d": 0.005069790408015251,
  "DX1-DX2": 0.0033314091386273505,
  "DX1-DX2_velocity_5d": 0.003099309140816331,
  "DX1-DX2_zscore_63d": 0.003266639728099108,
  "dxy_ret_10d": 0.003648573998361826,
  "dxy_ret_21d": 0.0030472267419099806,
  "dxy_ret_63d": 0.004268781235441566,
  "dxy_vs_ma50": 0.0035788885783404113,
  "dxy_vs_ma200": 0.004937218176200986,
  "dxy_vol_21d": 0.004334389371797443,
  "dollar_crude_corr_21d": 0.0035627863835543394,
  "spx_dollar_corr_21d": 0.004546139994636178,
  "initial_claims": 0.003009852860122919,
  "claims_4wk_ma": 0.004965837113559246,
  "claims_velocity_4w": 0.0037997673731297254,
  "claims_zscore_52w": 0.004355134628713131,
  "claims_percentile_52w": 0.004167194990441203,
  "claims_regime": 0.0,
  "claims_velocity_zscore": 0.005888630542904139,
  "fin_stress_index": 0.003916686098091304,
  "stress_velocity_4w": 0.003757839137688279,
  "stress_zscore_52w": 0.003297498170286417,
  "stress_extreme": 0.0,
  "stress_regime": 0.0,
  "hy_spread": 0.0027531915809959175,
  "hy_velocity_21d": 0.0033145561115816235,
  "hy_zscore_252d": 0.0026605025166645648,
  "hy_bb_spread": 0.0041307421866804365,
  "hy_bb_velocity_21d": 0.0031478940043598415,
  "hy_b_spread": 0.0028463266091421245,