{
  "spx_lag1": 0.004128048615530133,
  "vix_ret_1d": 0.00247594122774899,
  "vix_ret_5d": 0.005019672773778438,
  "vix_ret_10d": 0.003261828422546387,
  "vix_ret_21d": 0.0030047901440411807,
  "vix_vol_10d": 0.0033523978665471075,
  "vix_vol_21d": 0.004616480600088835,
  "vix_vol_63d": 0.005928572360426187,
  "vix_velocity_5d": 0.006650094129145146,
  "vix_velocity_10d": 0.003755832463502884,
  "vix_velocity_21d": 0.0031321128830313683,
  "vix_vs_ma10": 0.008276182785630226,
  "vix_vs_ma21": 0.003691071458160877,
  "vix_vs_ma63": 0.005366773251444102,
  "vix_vs_ma252": 0.0031300925649702547,
  "vix_zscore_21d": 0.004557677358388901,
  "vix_zscore_63d": 0.0037630696315318346,
  "vix_zscore_252d": 0.005193139147013426,
  "vix_momentum_z_10d": 0.003591518523171544,
  "vix_momentum_z_21d": 0.0026446657488122583,
  "vix_accel_5d": 0.003373874397948384,
  "vix_stretch_ma21": 0.003403861960396171,
  "vix_stretch_ma63": 0.004240117501467466,
  "reversion_strength_21d": 0.004064917704090476,
  "reversion_strength_63d": 0.004272229038178921,
  "vix_bb_position_20d": 0.005118889641016722,
  "vix_extreme_low_21d": 0.0011555997538380326,
  "vix_regime": 0.0003282730933278799,
  "days_in_regime": 0.005239050090312958,
  "regime_distance_to_boundary": 0.003371440200135112,
  "regime_within_regime_percentile": 0.0033234742004424334,
  "regime_change_flag": 0.0,
  "time_in_regime_pct": 0.004244547756388784,
  "regime_expected_return_5d": 0.0,
  "regime_median_return_5d": 0.0003893471555784345,
  "regime_return_std_5d": 0.0,
  "regime_prob_up_5d": 0.0,
  "regime_vol_of_vol": 0.0,
  "regime_spike_prob": 0.0009871062822639943,
  "regime_prob_stay": 0.0,
  "regime_prob_crisis": 0.0,
  "regime_prob_elevated": 0.0,
  "vix1m_vix3m_ratio": 0.005496566835790873,
  "vix_term_slope_short": 0.003298414591699839,
  "vix_term_slope_velocity_21d": 0.0030379451811313627,
  "vix_term_ratio_zscore_63d": 0.005794650688767433,
  "vix3m_vix6m_ratio": 0.003865831531584263,
  "vix_term_slope_long": 0.0033929141703993083,
  "vix_term_curvature": 0.002974686725065112,
  "vix_term_curvature_zscore": 0.0022975296946242453,
  "spx_ret_1d": 0.0031485217157751324,
  "spx_ret_5d": 0.00415970403701067,
  "spx_ret_10d": 0.0027903754264116285,
  "spx_ret_21d": 0.0035496072378009558,
  "spx_ret_63d": 0.003716686414554715,
  "spx_vs_ma20": 0.003787838201969862,
  "spx_vs_ma50": 0.004251336259767413,
  "spx_vs_ma200": 0.004334067134186626,
  "spx_momentum_z_10d": 0.0026576625183224677,
  "spx_momentum_z_21d": 0.0037776642944663762,
  "spx_realized_vol_10d": 0.0038893255870789288,
  "spx_realized_vol_21d": 0.006654693186283112,
  "spx_realized_vol_63d": 0.005040837544947862,
  "spx_vol_ratio_10_21": 0.0031694450182840226,
  "spx_vol_ratio_10_63": 0.003726413520053029,
  "spx_skew_21d": 0.004408084182068705,
  "spx_kurt_21d": 0.003376619750633836,
  "bb_position_20d": 0.0033157946541905402,
  "bb_width_20d": 0.0035587963182479145,
  "rsi_14": 0.006184510979801416,
  "rsi_regime": 0.0006673947907984256,
  "rsi_divergence": 0.0037477314472198486,
  "macd": 0.0032754984917119146,
  "macd_signal": 0.0043236786033958195,
  "macd_histogram": 0.00378080029040575,
  "adx_14": 0.0036337966099381446,
  "trend_strength": 0.004078283160924912,
  "spx_body_size": 0.002366079157218337,
  "spx_range": 0.0026883493177592755,
  "spx_range_pct": 0.0033734694588929415,
  "spx_upper_shadow": 0.0023111860267817975,
  "spx_lower_shadow": 0.0020807455759495495,
  "spx_close_position": 0.002861446887254715,
  "spx_body_to_range": 0.0019131412962451577,
  "spx_gap": 0.002495566033758223,
  "spx_gap_magnitude": 0.002757102018222213,
  "spx_upper_rejection": 0.0023952491115778684,
  "spx_lower_rejection": 0.0025176145369186997,
  "spx_range_expansion": 0.002168859029188752,
  "spx_vix_corr_21d": 0.0034311576280742885,
  "spx_vix_corr_63d": 0.004009194066748023,
  "spx_vix_corr_126d": 0.003329631290398538,
  "vix_vs_rv_10d": 0.004324652766808867,
  "vix_rv_ratio_10d": 0.0036867731250822544,
  "vix_vs_rv_21d": 0.003892587637528777,
  "vix_rv_ratio_21d": 0.004075567284598946,
  "SKEW": 0.0010828087106347084,
  "skew_regime": 0.0,
  "skew_vs_vix": 0.0015327693894505502,
  "skew_vix_ratio": 0.0013599850237369538,
  "skew_displacement": 0.0011695522349327802,
  "pc_equity_inst_divergence": 0.0010954080149531364,
  "pcc_accel_10d": 0.0005300202872604131,
  "COR1M": 0.0014116845559328794,
  "COR1M_change_21d": 0.0009523595683276654,
  "COR1M_zscore_63d": 0.0011202166322618722,
  "COR3M": 0.0014842554461210965,
  "COR3M_change_21d": 0.001238355226814747,
  "COR3M_zscore_63d": 0.0009192016441375017,
  "cor_term_structure": 0.001734943501651287,
  "cor_term_slope_change_21d": 0.0020208368077874184,
  "VXTH": 0.0012907159514725208,
  "VXTH_change_21d": 0.001348850829526782,
  "VXTH_zscore_63d": 0.0011770889163017274,
  "vxth_vix_ratio": 0.0021780773531645536,
  "VXTLT": 0.004474938474595546,
  "VXTLT_change_21d": 0.003422556770965457,
  "VXTLT_zscore_63d": 0.003377401502802968,
  "VXTLT_velocity_10d": 0.004394359327852726,
  "VXTLT_acceleration_5d": 0.0028412242420017718,
  "bond_vol_regime": 8.763723890297115e-05,
  "vxtlt_vix_ratio": 0.004145865887403488,
  "vxtlt_vix_spread": 0.0060271632857620714,
  "VXTLT_percentile_63d": 0.003298071539029479,
  "VXTLT_percentile_126d": 0.004027350014075637,
  "VXTLT_percentile_252d": 0.00223821634426713,
  "VXTLT_vs_ma21": 0.003438182594254613,
  "VXTLT_vs_ma63": 0.0029032859485596417,
  "cboe_stress_composite": 0.004694847436621785,
  "cboe_stress_regime": 0.0011199526488780975,
  "vx_contango_pct": 0.0017625546082854272,
  "vx_contango_5d_change": 0.0014499374898150562,
  "vx_contango_zscore": 0.0015041651204228401,
  "vx1_return_5d": 0.0022671074606478215,
  "vx2_return_5d": 0.001518397917971015,
  "vx_curve_2_1_ratio": 0.0026907497085630894,
  "vx_curve_3_2_ratio": 0.0016082012094557284,
  "vx_curve_4_3_ratio": 0.002488462720066309,
  "vx_curve_steepness": 0.00224743764847517,
  "vx_oi_front_concentration": 0.002240865584462881,
  "vx_oi_imbalance": 0.0022175345569849015,
  "vx_oi_5d_change": 0.002087773848325014,
  "vx_oi_zscore_63d": 0.002073281304910779,
  "vx_oi_surge": 0.0021308850031346084,
  "vx_churn_ratio": 0.0032318591140210627,
  "vx_churn_zscore_63d": 0.001905918726697564,
  "vx_roll_yield_annualized": 0.002236631279811263,
  "vx_roll_cost_5d": 0.0012326205614954233,
  "vx_roll_yield_zscore_63d": 0.0020068247802555563,
  "vx_momentum_5d": 0.0009183529764413834,
  "vx_momentum_zscore": 0.0012826985213905573,
  "CL1-CL2": 0.0040656373836100105,
  "CL1-CL2_velocity_5d": 0.0028147647622972726,
  "CL1-CL2_zscore_63d": 0.00329165980219841,
  "oil_term_regime": 0.0,
  "crude_oil_ret_10d": 0.005340211791917682,
  "crude_oil_ret_21d": 0.003071548114530742,
  "crude_oil_ret_63d": 0.004418028937652707,
  "crude_oil_vol_21d": 0.004590030806139111,
  "crude_oil_zscore_63d": 0.004567800695076585,
  "DX1-DX2": 0.002641310635954142,
  "DX1-DX2_velocity_5d": 0.002784358337521553,
  "DX1-DX2_zscore_63d": 0.003045810991898179,
  "dxy_ret_10d": 0.005274029308930039,
  "dxy_ret_21d": 0.004322709469124675,
  "dxy_ret_63d": 0.004283107491210103,
  "dxy_vs_ma50": 0.004826731234788895,
  "dxy_vs_ma200": 0.003839398641139269,
  "dxy_vol_21d": 0.0030374071095138786,
  "dollar_crude_corr_21d": 0.0037594880443066357,
  "spx_dollar_corr_21d": 0.0034920031670480967,
  "initial_claims": 0.004849202977493405,
  "claims_4wk_ma": 0.0037175552453845738,
  "claims_velocity_4w": 0.004314261209219694,
  "claims_zscore_52w": 0.004340820154175163,
  "claims_percentile_52w": 0.0038651285227388143,
  "claims_regime": 0.0,
  "claims_velocity_zscore": 0.003916914388537407,
  "fin_stress_index": 0.0032487347722053527,
  "stress_velocity_4w": 0.0032442763447761537,
  "stress_zscore_52w": 0.00454565710388124,
  "stress_extreme": 0.0012172763235867023,
  "stress_regime": 0.0,
  "hy_spread": 0.004967290908098221,
  "hy_velocity_21d": 0.003590386128053069,
  "hy_zscore_252d": 0.003958906815387309,