{
  "correlation_threshold": 0.9246,
  "n_removed_correlation": 8,
  "n_samples": 2613,
  "n_selected": 94,
  "random_state": 42,
  "target_type": "compression",
  "top_10_features": [
    "vix_vs_ma63",
    "vix_percentile_126d",
    "vix_vs_ma21",
    "vix_skew_joint_regime",
    "vix_velocity_5d_regime_adj",
    "reversion_strength_63d",
    "vix_vel_spx_rv_ratio",
    "bb_position_20d",
    "joint_regime_expected_return",
    "vix_stretch_ma63"
  ],
  "top_10_importance": [
    0.043995537981390956,
    0.016237499192357063,
    0.016098863165825605,
    0.015012375405058264,
    0.01311339382082224,
    0.011988288210704922,
    0.008905818266794086,
    0.008904407452791929,
    0.008680679625831545,
    0.008383870543912052
  ],
  "top_n": 94
}