{
  "correlation_threshold": 0.9,
  "n_removed_correlation": 5,
  "n_samples": 4859,
  "n_selected": 30,
  "random_state": 42,
  "target_type": "up",
  "top_10_features": [
    "vix_velocity_5d",
    "vix_velocity_5d_regime_adj",
    "vix_vs_ma10",
    "skew_vix_ratio",
    "skew_vix_ratio_percentile_252d",
    "dxy_vs_ma21",
    "rsi_14",
    "hy_spread",
    "dxy_bb_position_20d",
    "vix_term_ratio_zscore_63d"
  ],
  "top_10_importance": [
    0.008358804136514663,
    0.008300045505166054,
    0.006887847604230046,
    0.005861565005034208,
    0.0056342487689107655,
    0.005364261893555522,
    0.005062307883054018,
    0.004908326873555779,
    0.004696862981654703,
    0.004564397595822811
  ],
  "top_n": 30
}