{
  "spx_lag1": 0.003721536509692669,
  "vix_ret_1d": 0.0017900398466736077,
  "vix_ret_5d": 0.008458563778549432,
  "vix_ret_10d": 0.0015918754826998339,
  "vix_ret_21d": 0.004649126413278281,
  "vix_vol_10d": 0.005175498779863119,
  "vix_vol_21d": 0.007196902949362993,
  "vix_vol_63d": 0.004383799433708191,
  "vix_velocity_5d": 0.017358358949422836,
  "vix_velocity_10d": 0.002721912821289152,
  "vix_velocity_21d": 0.00408164948457852,
  "vix_vs_ma10": 0.010953944921493531,
  "vix_vs_ma21": 0.005925599532201886,
  "vix_vs_ma63": 0.006042208615690469,
  "vix_vs_ma252": 0.006056435406208038,
  "vix_zscore_21d": 0.0048076924169436095,
  "vix_zscore_63d": 0.005271513294428587,
  "vix_zscore_252d": 0.007389887608587742,
  "vix_momentum_z_10d": 0.005234758136793971,
  "vix_momentum_z_21d": 0.0030294456519186497,
  "vix_accel_5d": 0.007457142323255539,
  "vix_stretch_ma21": 0.003322197846136987,
  "vix_stretch_ma63": 0.0017952014226466418,
  "reversion_strength_21d": 0.004390964657068253,
  "reversion_strength_63d": 0.0035406637471169233,
  "vix_bb_position_20d": 0.0033627684228122235,
  "vix_extreme_low_21d": 0.0,
  "vix_regime": 0.008349892869591712,
  "days_in_regime": 0.010532749909907579,
  "regime_distance_to_boundary": 0.0033652457408607007,
  "regime_within_regime_percentile": 0.0055489185964688655,
  "regime_change_flag": 0.0,
  "time_in_regime_pct": 0.011319686379283666,
  "regime_expected_return_5d": 0.0063088186085224155,
  "regime_median_return_5d": 0.0,
  "regime_return_std_5d": 0.001955785043537617,
  "regime_prob_up_5d": 0.0,
  "regime_vol_of_vol": 0.0,
  "regime_spike_prob": 0.0,
  "regime_prob_stay": 0.0,
  "regime_prob_crisis": 0.0,
  "regime_prob_elevated": 0.0,
  "spx_ret_1d": 0.0030359288677573202,
  "spx_ret_5d": 0.010607909969985485,
  "spx_ret_10d": 0.004293642472475767,
  "spx_ret_21d": 0.004292254615575075,
  "spx_ret_63d": 0.005404186062514782,
  "spx_vs_ma20": 0.006617699656635523,
  "spx_vs_ma50": 0.0033351674675941466,
  "spx_vs_ma200": 0.00396629988681525,
  "spx_momentum_z_10d": 0.004520672420039773,
  "spx_momentum_z_21d": 0.0038341589272022246,
  "spx_realized_vol_10d": 0.004630399285815656,
  "spx_realized_vol_21d": 0.005157411377876997,
  "spx_realized_vol_63d": 0.004619633709080517,
  "spx_vol_ratio_10_21": 0.004627483058720827,
  "spx_vol_ratio_10_63": 0.007060423656366765,
  "spx_skew_21d": 0.005045169562799856,
  "spx_kurt_21d": 0.0029514166759327053,
  "bb_position_20d": 0.007258457038551569,
  "bb_width_20d": 0.005799704231321812,
  "rsi_14": 0.009656192502006888,
  "rsi_regime": 0.0,
  "rsi_divergence": 0.0022136356215924024,
  "macd": 0.00427751294337213,
  "macd_signal": 0.005574392154812813,
  "macd_histogram": 0.0035111991222947837,
  "adx_14": 0.004674420971423387,
  "trend_strength": 0.004976386250928044,
  "spx_body_size": 0.002353778458200395,
  "spx_range": 0.001696723944041878,
  "spx_range_pct": 0.0004903489840216935,
  "spx_upper_shadow": 0.000489971973001957,
  "spx_lower_shadow": 0.0005049045197665691,
  "spx_close_position": 0.004300573421642184,
  "spx_body_to_range": 0.0014992961892858147,
  "spx_gap": 0.0005692542879842221,
  "spx_gap_magnitude": 0.00048210478853434325,
  "spx_upper_rejection": 0.00017696573631837965,
  "spx_lower_rejection": 0.0011122300289571284,
  "spx_range_expansion": 0.0002735460177063942,
  "spx_vix_corr_21d": 0.0043466266244649885,
  "spx_vix_corr_63d": 0.004289908614009619,
  "spx_vix_corr_126d": 0.0046140671707689766,
  "vix_vs_rv_10d": 0.007929461728781461,
  "vix_rv_ratio_10d": 0.006845749262720346,
  "vix_vs_rv_21d": 0.009045787341892719,
  "vix_rv_ratio_21d": 0.005907649267464876,
  "SKEW": 0.000535496138036251,
  "skew_regime": 0.0,
  "skew_vs_vix": 0.0023895858787000178,
  "skew_vix_ratio": 0.004226034879684449,
  "skew_displacement": 0.001709807850420475,
  "pc_equity_inst_divergence": 0.00030377337243407964,
  "pcc_accel_10d": 0.0013479724992066621,
  "COR1M": 0.002324000932276249,
  "COR1M_change_21d": 0.0,
  "COR1M_zscore_63d": 0.0,
  "COR3M": 0.0019203495234251023,
  "COR3M_change_21d": 0.0011999541893601418,
  "COR3M_zscore_63d": 0.0005537163000553846,
  "cor_term_structure": 0.0,
  "cor_term_slope_change_21d": 0.000745122879743576,
  "VXTH": 0.0019088033586740494,
  "VXTH_change_21d": 0.003057826962321997,
  "VXTH_zscore_63d": 0.0,
  "vxth_vix_ratio": 0.002022377587854862,
  "VXTLT": 0.007175444997847081,
  "VXTLT_change_21d": 0.004028906114399433,
  "VXTLT_zscore_63d": 0.004680759459733963,
  "VXTLT_velocity_10d": 0.00415773312561214,
  "VXTLT_acceleration_5d": 0.002549904165789485,
  "bond_vol_regime": 0.0,
  "vxtlt_vix_ratio": 0.004528682166710496,
  "vxtlt_vix_spread": 0.009506505262106658,
  "VXTLT_percentile_63d": 0.0033277733717113735,
  "VXTLT_percentile_126d": 0.0055600929539650675,
  "VXTLT_percentile_252d": 0.0032878768630325793,
  "VXTLT_vs_ma21": 0.005205181590281427,
  "VXTLT_vs_ma63": 0.0024353268672712147,
  "cboe_stress_composite": 0.007282199943438173,
  "cboe_stress_regime": 0.0,
  "vx1_vx2_spread": 0.00032993226777762176,
  "vx1_vx3_spread": 0.0,
  "vx1_vx6_spread": 0.0,
  "vx_curve_slope": 0.0,
  "vx_curve_curvature": 0.0,
  "vx_curve_skew": 0.0,
  "vx_curve_acceleration_5d": 0.0006698164623230695,
  "vx_spread_zscore_63d": 0.002831828128546476,
  "vx_spread_percentile_21d": 0.0,
  "vx_spread_percentile_63d": 0.0014993142336606979,
  "vx_spread_percentile_126d": 0.0012326709926128387,
  "vx_contango_flag": 0.0,
  "vx_backwardation_flag": 0.0,
  "vx_steep_contango": 0.0,
  "vx_roll_yield_daily": 0.0,
  "vx_annualized_roll": 0.0,
  "vx_contango_intensity": 0.0,
  "vx_backwardation_intensity": 0.0005435789935290813,
  "vx_carry_zscore_63d": 0.0,
  "vx1_open_interest": 0.0021239202469587326,
  "vx2_open_interest": 0.002129559498280287,
  "vx3_open_interest": 0.0019472643733024597,
  "vx4_open_interest": 0.001236640475690365,
  "vx5_open_interest": 0.002176601067185402,
  "vx6_open_interest": 0.0023522448725998403,
  "vx_total_oi": 0.0016785657033324241,
  "vx_front_oi_pct": 0.001794256642460823,
  "vx1_oi_change_1d": 0.0005948842503130436,
  "vx1_oi_change_5d": 0.00236966572701931,
  "vx1_oi_change_10d": 0.0027407542802393436,
  "vx1_oi_zscore_63d": 0.001546092052012682,
  "vx_oi_ratio_1_2": 0.0014705881476402283,
  "vx_oi_imbalance": 0.0,
  "vx1_volume": 0.0017045484855771065,
  "vx1_volume_ma21": 0.0027599708177149297,
  "vx1_volume_surge": 9.210366406477987e-05,
  "vx1_volume_oi_ratio": 0.0016261948272585868,
  "vx1_daily_range": 0.0018950294703245162,
  "vx1_daily_range_pct": 0.0,
  "vx1_atr_14": 0.002858722023665905,
  "vx1_range_expansion": 0.0,
  "CL1-CL2": 0.006255831196904182,
  "CL1-CL2_velocity_5d": 0.0024193125776946546,
  "CL1-CL2_zscore_63d": 0.007755860034376383,
  "oil_term_regime": 0.0,
  "crude_oil_ret_10d": 0.0044205221347510815,
  "crude_oil_ret_21d": 0.0027080215397290884,
  "crude_oil_ret_63d": 0.008122343756258487,
  "crude_oil_vol_21d": 0.00559376273304224,
  "crude_oil_zscore_63d": 0.006024450203403831,
  "DX1-DX2": 0.0008617230225354433,
  "DX1-DX2_velocity_5d": 0.00397769829723984,
  "DX1-DX2_zscore_63d": 0.00297809150069952,
  "dxy_ret_10d": 0.007392075657844543,
  "dxy_ret_21d": 0.0033140749670565127,
  "dxy_ret_63d": 0.00382706131786108,
  "dxy_vs_ma50": 0.005286897672340274,
  "dxy_vs_ma200": 0.005805704370141029,
  "dxy_vol_21d": 0.005558273755013943,
  "vx_crude_corr_21d": 0.0009405857883393765,
  "vx_crude_divergence": 0.00035884156823158265,
  "vx_dollar_corr_21d": 0.0022527036257088185,
  "dollar_crude_corr_21d": 0.004273056937381625,
  "spx_vx_spread_corr_21d": 0.0027482000179588793,
  "spx_dollar_corr_21d": 0.006006792513653636,
  "initial_claims": 0.00394962546415627,
  "claims_4wk_ma": 0.005954648647457361,
  "claims_velocity_4w": 0.00466759349219501,
  "claims_zscore_52w": 0.006773101631551981,
  "claims_percentile_52w": 0.004403840564191341,
  "claims_regime": 0.0,
  "claims_velocity_zscore": 0.006899953354150057,
  "fin_stress_index": 0.010539647238329054,