{
  "10y_vol_63d": 0.0006863648188300431,
  "30y_vol_63d": 0.0008982170838862658,
  "6m_vol_63d_fred": 0.002489618823165074,
  "CL1-CL2": 0.0008824697928503155,
  "CL1-CL2_velocity_5d": 0.0009392985492013394,
  "CL1-CL2_zscore_63d": 0.0009801350999623537,
  "COR1M": 0.00035536005161702634,
  "COR1M_change_21d": 0.000830905232578516,
  "COR1M_zscore_63d": 0.000507852784357965,
  "COR3M": 0.000713101914152503,
  "COR3M_change_21d": 0.0005979694658890366,
  "COR3M_zscore_63d": 0.0014743182808160781,
  "DX1-DX2": 0.0008929174277000129,
  "DX1-DX2_velocity_5d": 0.0009674972388893366,
  "DX1-DX2_zscore_63d": 0.0013960973592475057,
  "SKEW": 0.003379207174293697,
  "SKEW_extreme_low_252d": 0.0,
  "SKEW_extreme_low_63d": 0.0,
  "SKEW_jerk_5d": 0.0014743213076144456,
  "SKEW_momentum_regime": 0.001434905407950282,
  "SKEW_percentile_126d": 0.000931484391912818,
  "SKEW_percentile_21d": 0.0011782771907746792,
  "SKEW_percentile_252d": 0.002120953798294067,
  "SKEW_percentile_63d": 0.00045754561433568596,
  "SKEW_percentile_velocity": 0.0007501074345782399,
  "VXTH": 0.006235670554451645,
  "VXTH_change_21d": 0.0010577721404843032,
  "VXTH_zscore_63d": 0.0009868078283034264,
  "VXTLT": 0.00034246252616867425,
  "VXTLT_acceleration_5d": 0.0008555942913517356,
  "VXTLT_change_21d": 0.0007378254318609834,
  "VXTLT_percentile_126d": 0.0010345530696213245,
  "VXTLT_percentile_252d": 0.0010303595568984746,
  "VXTLT_percentile_63d": 0.0006983667612075805,
  "VXTLT_velocity_10d": 0.0008104559499770402,
  "VXTLT_vs_ma21": 0.004173338273540139,
  "VXTLT_vs_ma63": 0.0009359782561659813,
  "VXTLT_zscore_63d": 0.0003213588846847415,
  "adx_14": 0.0020887146005406977,
  "bb_position_20d": 0.001376391074154526,
  "bb_width_20d": 0.002621074323542416,
  "bond_vol_regime": 0.0,
  "cboe_stress_composite": 0.0026937054470181467,
  "cboe_stress_regime": 0.0,
  "claims_4wk_ma": 0.003517064172774553,
  "claims_percentile_52w": 0.00227383803576231,
  "claims_regime": 0.002616459195269272,
  "claims_velocity_4w": 0.0043096152599900964,
  "claims_velocity_zscore": 0.0019799386733211576,
  "claims_zscore_52w": 0.004620532435365021,
  "cor_term_slope_change_21d": 0.0039041023701429367,
  "cor_term_structure": 0.0015969459898769855,
  "correlation_regime": 0.0002008831623243168,
  "credit_quality_spread": 0.009053396712988614,
  "credit_stress_composite": 0.004171517887152731,
  "credit_vol_divergence": 0.0017545684590004385,
  "credit_vol_stress_composite": 0.0034201379399746656,
  "credit_widening_regime": 5.3840645341551864e-05,
  "cross_asset_vol_cluster": 0.005434244126081467,
  "crude_oil_ret_10d": 0.0017683497164398432,
  "crude_oil_ret_21d": 0.002019528765231371,
  "crude_oil_ret_63d": 0.0040283564943820235,
  "crude_oil_vol_21d": 0.001968818507157266,
  "crude_oil_vol_21d_log": 0.00391245421487838,
  "crude_oil_zscore_63d": 0.002544906665571034,
  "day_of_month": 0.004886321071535349,
  "day_of_week": 0.0012520294520072639,
  "days_in_regime": 0.015520372241735459,
  "dollar_crude_corr_21d": 0.002353374403901398,
  "dxy_ret_10d": 0.002976143546402454,
  "dxy_ret_21d": 0.0032371656503528356,
  "dxy_ret_63d": 0.006120954034850001,
  "dxy_vol_21d": 0.00344526800327003,
  "dxy_vol_21d_log": 0.0029778940370306373,
  "dxy_vs_ma200": 0.008786379592493176,
  "dxy_vs_ma50": 0.004862791998311878,
  "equity_vol_corr_breakdown": 0.002291340962983668,
  "equity_vol_divergence": 0.0033408256713300943,
  "fin_stress_index": 0.013919856771826744,
  "gold_spx_divergence": 0.001350721623748541,
  "hy_b_spread": 0.00566056533716619,
  "hy_b_velocity_21d": 0.002861432358622551,
  "hy_bb_spread": 0.0027418083394877613,
  "hy_bb_velocity_21d": 0.008766442164778709,
  "hy_ccc_spread": 0.004561885888688266,
  "hy_ccc_velocity_21d": 0.007287907041609287,
  "hy_spread": 0.012829714454710484,
  "hy_velocity_21d": 0.014317389763891696,
  "hy_zscore_252d": 0.002463488420471549,
  "ig_hy_spread": 0.003981898259371519,
  "initial_claims": 0.0046170885092578825,
  "is_earnings_heavy": 5.764626548625529e-05,
  "is_fomc_period": 0.0014440440572798252,
  "is_opex_week": 0.001113132236059755,
  "liquidity_regime": 0.0,
  "liquidity_stress_composite": 0.006883580307476223,
  "macd": 0.004438892984762788,
  "macd_histogram": 0.0017874420387670397,
  "macd_signal": 0.005641873762942851,
  "month": 0.002100886614061892,
  "oil_term_regime": 5.801096558570862e-05,
  "pc_equity_inst_divergence": 0.0004373640287667513,
  "pcc_accel_10d": 0.0013239696621894837,
  "regime_change_flag": 0.0005990005098283291,
  "regime_distance_to_boundary": 0.003176160668954253,
  "regime_expected_return_5d": 8.31751909572631e-05,
  "regime_median_return_5d": 0.0,
  "regime_prob_crisis": 0.0,
  "regime_prob_elevated": 0.0030708293430507182,
  "regime_prob_stay": 0.0,
  "regime_prob_up_5d": 0.0,
  "regime_return_std_5d": 0.0,
  "regime_spike_prob": 0.0002881847438402474,
  "regime_transition_risk": 0.0013815782847814261,
  "regime_vol_of_vol": 0.0,
  "regime_within_regime_percentile": 0.0021455535432323815,
  "reversion_strength_21d": 0.0034245367161929606,
  "reversion_strength_63d": 0.0017185506643727423,
  "risk_premium_extreme_low_252d": 0.0003164340509101748,
  "risk_premium_extreme_low_63d": 0.00011178251588717103,
  "risk_premium_ma21": 0.005454302998259664,
  "risk_premium_percentile_126d": 0.006615005293861031,
  "risk_premium_percentile_21d": 0.002569427201524377,
  "risk_premium_percentile_252d": 0.004048130568116903,
  "risk_premium_percentile_63d": 0.0029001223621889947,
  "risk_premium_percentile_velocity": 0.0032528939191251993,
  "risk_premium_regime": 0.0,
  "risk_premium_velocity": 0.0036957814823836087,
  "risk_premium_zscore": 0.0032167979748919605,
  "rsi_14": 0.0032644757069647313,
  "rsi_divergence": 0.0018033863743767142,
  "rsi_regime": 0.00016420455649495124,
  "skew_displacement": 0.0012634855229407549,
  "skew_regime": 0.0,
  "skew_vix_ratio": 0.0003388655139133334,
  "skew_vs_vix": 0.0018162867054343224,
  "spx_body_size": 0.0012833820073865354,
  "spx_body_to_range": 0.0021440042415633797,
  "spx_close_position": 0.0019579749088734387,
  "spx_dollar_corr_21d": 0.002643189369700849,
  "spx_gap": 0.0020910663763061164,
  "spx_gap_extreme_flag": 0.0004945046035572887,
  "spx_gap_magnitude": 0.0023856444051489232,
  "spx_gap_magnitude_extreme_flag": 0.00027030687779188155,
  "spx_kurt_21d": 0.002098323218524456,
  "spx_lag1": 0.002689867396838963,
  "spx_lower_rejection": 0.002367271855473518,
  "spx_lower_shadow": 0.0031362814828753472,
  "spx_momentum_z_10d": 0.002841418422758579,
  "spx_momentum_z_21d": 0.0025702635757625103,
  "spx_range": 0.0021793255116790535,
  "spx_range_expansion": 0.0020719954278320073,
  "spx_range_pct": 0.00236174191813916,
  "spx_realized_vol_10d": 0.002771414490416646,
  "spx_realized_vol_21d": 0.005087728169746697,
  "spx_realized_vol_21d_acceleration_5d": 0.001742801535874605,
  "spx_realized_vol_21d_log": 0.0029931063181720674,
  "spx_realized_vol_21d_velocity_3d": 0.002740791370160878,
  "spx_realized_vol_63d": 0.005463857646100223,
  "spx_realized_vol_63d_x_regime_0": 0.005815712083131075,
  "spx_realized_vol_63d_x_regime_1": 0.005523183476179838,
  "spx_realized_vol_63d_x_regime_2": 0.0033705010544508697,
  "spx_realized_vol_63d_x_regime_3": 0.0010309432982467115,
  "spx_ret_10d": 0.0027201087679713963,
  "spx_ret_1d": 0.0019559312611818315,
  "spx_ret_21d": 0.002498885919339955,
  "spx_ret_5d": 0.002646493725478649,
  "spx_ret_5d_regime_adj": 0.0024796738754957913,
  "spx_ret_63d": 0.007043978990986943,
  "spx_skew_21d": 0.004461923474445939,
  "spx_upper_rejection": 0.00127996337832883,
  "spx_upper_shadow": 0.002044202573597431,
  "spx_vix_corr_126d": 0.004347730823792517,
  "spx_vix_corr_21d": 0.0028114850865677,
  "spx_vix_corr_63d": 0.00331214414909482,
  "spx_vol_ratio_10_21": 0.006935983803123236,
  "spx_vol_ratio_10_63": 0.00482864398509264,
  "spx_vs_ma20": 0.004798815352842212,
  "spx_vs_ma200": 0.0036676173796877263,
  "spx_vs_ma50": 0.003031527088023722,