{
  "spx_lag1": 0.0006440306431613862,
  "vix_ret_1d": 0.0005855868919752538,
  "vix_ret_5d": 0.0005489563976880163,
  "vix_ret_10d": 0.0009246073546819389,
  "vix_ret_21d": 0.0010902341571636498,
  "vix_vol_10d": 0.003543365397490561,
  "vix_vol_21d": 0.0018745510838925838,
  "vix_vol_63d": 0.0036707083228975533,
  "vix_velocity_5d": 0.0019041348015889526,
  "vix_velocity_10d": 0.0011216650833375751,
  "vix_velocity_21d": 0.0025457855546846984,
  "vix_vs_ma10": 0.0024286751984618606,
  "vix_vs_ma21": 0.0016012799984309821,
  "vix_vs_ma63": 0.0013667219667695464,
  "vix_vs_ma252": 0.0022266448184382172,
  "vix_zscore_21d": 0.0011643169680610299,
  "vix_zscore_63d": 0.0012742748091113753,
  "vix_zscore_252d": 0.0035665104631334545,
  "vix_momentum_z_10d": 0.0017212980194017292,
  "vix_momentum_z_21d": 0.0019152442808263003,
  "vix_accel_5d": 0.0018914439133368433,
  "vix_stretch_ma21": 0.0014500430785119533,
  "vix_stretch_ma63": 0.0018815246759913862,
  "reversion_strength_21d": 0.003199051576666534,
  "reversion_strength_63d": 0.0023039190098643305,
  "vix_bb_position_20d": 0.0015452930179890244,
  "vix_extreme_low_21d": 0.0,
  "vix_regime": 0.0001560888544190675,
  "days_in_regime": 0.017896461486816406,
  "regime_distance_to_boundary": 0.002636031643487513,
  "regime_within_regime_percentile": 0.0025439650053158402,
  "regime_change_flag": 3.103784110862762e-05,
  "time_in_regime_pct": 0.012536747707054019,
  "regime_expected_return_5d": 0.0,
  "regime_median_return_5d": 0.0,
  "regime_return_std_5d": 0.0,
  "regime_prob_up_5d": 0.0,
  "regime_vol_of_vol": 0.0,
  "regime_spike_prob": 0.002592307576924213,
  "regime_prob_stay": 0.0,
  "regime_prob_crisis": 0.0,
  "regime_prob_elevated": 0.0,
  "vix1m_vix3m_ratio": 0.006170930527150631,
  "vix_term_slope_short": 0.0011373964021913706,
  "vix_term_slope_velocity_21d": 0.0017181067902129143,
  "vix_term_ratio_zscore_63d": 0.0025304328883066773,
  "vix3m_vix6m_ratio": 0.001226151129230857,
  "vix_term_slope_long": 0.002007373794913292,
  "vix_term_curvature": 0.003404761967249215,
  "vix_term_curvature_zscore": 0.002523932117037475,
  "spx_ret_1d": 0.0017323964508250355,
  "spx_ret_5d": 0.0024969807825982572,
  "spx_ret_10d": 0.0012555385241284967,
  "spx_ret_21d": 0.002754460647702217,
  "spx_ret_63d": 0.005839762976393104,
  "spx_vs_ma20": 0.003315611323341727,
  "spx_vs_ma50": 0.003961915103718639,
  "spx_vs_ma200": 0.003640050650574267,
  "spx_momentum_z_10d": 0.0028008626541122794,
  "spx_momentum_z_21d": 0.0019023530418053269,
  "spx_realized_vol_10d": 0.0031401441781781616,
  "spx_realized_vol_21d": 0.003273618663661182,
  "spx_realized_vol_63d": 0.004149966361001134,
  "spx_vol_ratio_10_21": 0.0037602408090606334,
  "spx_vol_ratio_10_63": 0.007194418739527464,
  "spx_skew_21d": 0.0038578717969357966,
  "spx_kurt_21d": 0.0021560443681664767,
  "bb_position_20d": 0.0027146737789735197,
  "bb_width_20d": 0.003595499275252223,
  "rsi_14": 0.003918132605031132,
  "rsi_regime": 0.0005466051399707795,
  "rsi_divergence": 0.0028977196896448733,
  "macd": 0.005265217769192532,
  "macd_signal": 0.005854985304176807,
  "macd_histogram": 0.0018929633428342641,
  "adx_14": 0.003252513473853469,
  "trend_strength": 0.0026033994974568484,
  "spx_body_size": 0.0018964966759085656,
  "spx_range": 0.0015041323844343425,
  "spx_range_pct": 0.002378640207462013,
  "spx_upper_shadow": 0.0013746049837209285,
  "spx_lower_shadow": 0.0016523861326277257,
  "spx_close_position": 0.0020623533288016914,
  "spx_body_to_range": 0.0013604249921627342,
  "spx_gap": 0.001953420927748084,
  "spx_gap_magnitude": 0.001711783150676638,
  "spx_upper_rejection": 0.00140174871776253,
  "spx_lower_rejection": 0.0017561475513502955,
  "spx_range_expansion": 0.0013290095492266118,
  "spx_vix_corr_21d": 0.0026825924171134828,
  "spx_vix_corr_63d": 0.003216664446517825,
  "spx_vix_corr_126d": 0.0031273216765839605,
  "vix_vs_rv_10d": 0.002105843729805201,
  "vix_rv_ratio_10d": 0.002489108918234706,
  "vix_vs_rv_21d": 0.004283806215971709,
  "vix_rv_ratio_21d": 0.0029433221789076924,
  "SKEW": 0.0023406035732477905,
  "skew_regime": 0.0,
  "skew_vs_vix": 0.0019221076741814612,
  "skew_vix_ratio": 0.0009705299977213145,
  "skew_displacement": 0.0007563326507806778,
  "pc_equity_inst_divergence": 0.0009953559376299382,
  "pcc_accel_10d": 0.0011961211450397969,
  "COR1M": 0.0015215754508972168,
  "COR1M_change_21d": 0.001055849203839898,
  "COR1M_zscore_63d": 0.001454111491329968,
  "COR3M": 0.006446835631504655,
  "COR3M_change_21d": 0.0010584055446088314,
  "COR3M_zscore_63d": 0.0024813143070787193,
  "cor_term_structure": 0.001450415700674057,
  "cor_term_slope_change_21d": 0.0021563158370554447,
  "VXTH": 0.006056263379286974,
  "VXTH_change_21d": 0.003306592861190438,
  "VXTH_zscore_63d": 0.0021426217630505563,
  "vxth_vix_ratio": 0.00010635211365297436,
  "VXTLT": 0.004271459626033902,
  "VXTLT_change_21d": 0.0038916327990591525,
  "VXTLT_zscore_63d": 0.004785979515872896,
  "VXTLT_velocity_10d": 0.005991486832499504,
  "VXTLT_acceleration_5d": 0.002102103899233043,
  "bond_vol_regime": 0.0,
  "vxtlt_vix_ratio": 0.0018004544312134386,
  "vxtlt_vix_spread": 0.0030244222725741565,
  "VXTLT_percentile_63d": 0.0021601613145321606,
  "VXTLT_percentile_126d": 0.0035295768873766066,
  "VXTLT_percentile_252d": 0.0038918742444366216,
  "VXTLT_vs_ma21": 0.0032578779384493826,
  "VXTLT_vs_ma63": 0.002003100304864347,
  "cboe_stress_composite": 0.006998642871621996,
  "cboe_stress_regime": 0.0,
  "vx_contango_pct": 0.0012496581766754389,
  "vx_contango_5d_change": 0.0018022608070168643,
  "vx_contango_zscore": 0.006006804620847106,
  "vx1_return_5d": 0.0010415819298941642,
  "vx2_return_5d": 0.0011858931044116615,
  "vx_curve_2_1_ratio": 0.00088311041763518,
  "vx_curve_3_2_ratio": 0.001206446811556816,
  "vx_curve_4_3_ratio": 0.0025175289483740926,
  "vx_curve_steepness": 0.0025393563322722913,
  "vx_oi_front_concentration": 0.0015951587585732341,
  "vx_oi_imbalance": 0.0005896884482353926,
  "vx_oi_5d_change": 0.0063188796862959865,
  "vx_oi_zscore_63d": 0.0024979298934340475,
  "vx_oi_surge": 0.014501839131116866,
  "vx_churn_ratio": 0.00138802002184093,
  "vx_churn_zscore_63d": 0.0015247336588799954,
  "vx_roll_yield_annualized": 0.0015371059533208608,
  "vx_roll_cost_5d": 0.005093326838687062,
  "vx_roll_yield_zscore_63d": 0.005453083571046591,
  "vx_momentum_5d": 0.0009440813213586807,
  "vx_momentum_zscore": 0.011178126558661461,
  "CL1-CL2": 0.002059291279874742,
  "CL1-CL2_velocity_5d": 0.0014617923181504012,
  "CL1-CL2_zscore_63d": 0.002787039917893708,
  "oil_term_regime": 0.0028495741658844053,
  "crude_oil_ret_10d": 0.0013483172748237847,
  "crude_oil_ret_21d": 0.003370033437386155,
  "crude_oil_ret_63d": 0.002780229435302317,
  "crude_oil_vol_21d": 0.0033367661759257316,
  "crude_oil_zscore_63d": 0.003277447004802525,
  "DX1-DX2": 0.0026308089727535844,
  "DX1-DX2_velocity_5d": 0.001570967910811305,
  "DX1-DX2_zscore_63d": 0.0016429933253675698,
  "dxy_ret_10d": 0.002705352590419352,
  "dxy_ret_21d": 0.004834556020796299,
  "dxy_ret_63d": 0.007181150745600462,
  "dxy_vs_ma50": 0.003660941612906754,
  "dxy_vs_ma200": 0.008899438381195068,
  "dxy_vol_21d": 0.0036952761933207513,
  "dollar_crude_corr_21d": 0.0026473454898223283,
  "spx_dollar_corr_21d": 0.00297438008710742,
  "initial_claims": 0.007245481107383966,
  "claims_4wk_ma": 0.0033752093324437736,
  "claims_velocity_4w": 0.005151450773701072,
  "claims_zscore_52w": 0.0037531824083998798,
  "claims_percentile_52w": 0.003663110709749162,
  "claims_regime": 0.0,
  "claims_velocity_zscore": 0.0027628233190625908,
  "fin_stress_index": 0.021484545804560183,
  "stress_velocity_4w": 0.0028397194109857082,
  "stress_zscore_52w": 0.005196892935782671,
  "stress_extreme": 0.0022843184233352076,
  "stress_regime": 0.0,
  "hy_spread": 0.01150408543762751,
  "hy_velocity_21d": 0.012807958666235209,
  "hy_zscore_252d": 0.0035842343932017684,
  "hy_bb_spread": 0.005585001886356622,