{
  "spx_lag1": 0.0057967004366219045,
  "vix_ret_1d": 0.003126872004941106,
  "vix_ret_5d": 0.0046292690094560385,
  "vix_ret_10d": 0.004467786243185401,
  "vix_ret_21d": 0.0036492071580141784,
  "vix_vol_10d": 0.004770133551210165,
  "vix_vol_21d": 0.004697361309081316,
  "vix_vol_63d": 0.005180415045469999,
  "vix_velocity_5d": 0.010045381309464575,
  "vix_velocity_10d": 0.004977034777402878,
  "vix_velocity_21d": 0.004190431535243988,
  "vix_vs_ma10": 0.00975479418411851,
  "vix_vs_ma21": 0.004121993877924978,
  "vix_vs_ma63": 0.007171287760138511,
  "vix_vs_ma252": 0.004931894270703197,
  "vix_zscore_21d": 0.004934069514274597,
  "vix_zscore_63d": 0.005645008385181427,
  "vix_zscore_252d": 0.008916706126183272,
  "vix_momentum_z_10d": 0.003736953856423497,
  "vix_momentum_z_21d": 0.004263245547190308,
  "vix_accel_5d": 0.005458613578230143,
  "vix_stretch_ma21": 0.0059492656961083416,
  "vix_stretch_ma63": 0.004775972804054618,
  "reversion_strength_21d": 0.004452633298933506,
  "reversion_strength_63d": 0.0067666140384972095,
  "vix_bb_position_20d": 0.00554446829482913,
  "vix_extreme_low_21d": 0.0007745283655822277,
  "vix_regime": 0.0,
  "days_in_regime": 0.006818723957985639,
  "regime_distance_to_boundary": 0.004146665707230568,
  "regime_within_regime_percentile": 0.004312843456864357,
  "regime_change_flag": 0.0,
  "time_in_regime_pct": 0.004213403631001711,
  "regime_expected_return_5d": 0.0,
  "regime_median_return_5d": 0.0,
  "regime_return_std_5d": 0.0,
  "regime_prob_up_5d": 0.0,
  "regime_vol_of_vol": 0.0,
  "regime_spike_prob": 0.0037093061953783037,
  "regime_prob_stay": 0.0,
  "regime_prob_crisis": 0.0,
  "regime_prob_elevated": 0.0,
  "spx_ret_1d": 0.0028908627340570093,
  "spx_ret_5d": 0.00654260185547173,
  "spx_ret_10d": 0.004924384132027626,
  "spx_ret_21d": 0.005310062691569329,
  "spx_ret_63d": 0.005015644524246454,
  "spx_vs_ma20": 0.003662675432860851,
  "spx_vs_ma50": 0.004727105353958904,
  "spx_vs_ma200": 0.005800292035564781,
  "spx_momentum_z_10d": 0.0034910256508737803,
  "spx_momentum_z_21d": 0.004126115376129747,
  "spx_realized_vol_10d": 0.00591533062979579,
  "spx_realized_vol_21d": 0.007574034668505192,
  "spx_realized_vol_63d": 0.008419483341276646,
  "spx_vol_ratio_10_21": 0.004112358996644616,
  "spx_vol_ratio_10_63": 0.0052068294957280156,
  "spx_skew_21d": 0.005185926146805286,
  "spx_kurt_21d": 0.004403587710112333,
  "bb_position_20d": 0.007514093164354562,
  "bb_width_20d": 0.00492577264085412,
  "rsi_14": 0.006105709727853537,
  "rsi_regime": 0.0,
  "rsi_divergence": 0.004173715971410275,
  "macd": 0.004155826848000288,
  "macd_signal": 0.0061384009197354315,
  "macd_histogram": 0.0038022135850042105,
  "adx_14": 0.005050309281796217,
  "trend_strength": 0.004906524810940028,
  "spx_body_size": 0.003219409054145217,
  "spx_range": 0.003566021448932588,
  "spx_range_pct": 0.005113157257437706,
  "spx_upper_shadow": 0.0034865979105234146,
  "spx_lower_shadow": 0.0024923090357333423,
  "spx_close_position": 0.0032578700687736274,
  "spx_body_to_range": 0.002351717441342771,
  "spx_gap": 0.003727831318974495,
  "spx_gap_magnitude": 0.002795871673151851,
  "spx_upper_rejection": 0.0025571364676579833,
  "spx_lower_rejection": 0.0025115431053563952,
  "spx_range_expansion": 0.003031022590585053,
  "spx_vix_corr_21d": 0.004941735602915287,
  "spx_vix_corr_63d": 0.004498178791254759,
  "spx_vix_corr_126d": 0.005453649582341314,
  "vix_vs_rv_10d": 0.005909171560779214,
  "vix_rv_ratio_10d": 0.004958948586136103,
  "vix_vs_rv_21d": 0.006012303382158279,
  "vix_rv_ratio_21d": 0.008159860502928495,
  "SKEW": 0.0017401290126144886,
  "skew_regime": 0.0,
  "skew_vs_vix": 0.0010301859118044376,
  "skew_vix_ratio": 0.0022824499756097794,
  "skew_displacement": 0.0011977501679211855,
  "pc_equity_inst_divergence": 0.0013926082756370306,
  "pcc_accel_10d": 0.0007789094932377338,
  "COR1M": 0.0013877018354833126,
  "COR1M_change_21d": 0.0011914997594431043,
  "COR1M_zscore_63d": 0.000531167583540082,
  "COR3M": 0.0014285939279943705,
  "COR3M_change_21d": 0.001985189598053694,
  "COR3M_zscore_63d": 0.001837746612727642,
  "cor_term_structure": 0.0012514157686382532,
  "cor_term_slope_change_21d": 0.0018997742794454099,
  "VXTH": 0.0008301032707095146,
  "VXTH_change_21d": 0.0007126061944290995,
  "VXTH_zscore_63d": 0.0008610219694674015,
  "vxth_vix_ratio": 0.0011150961043313145,
  "VXTLT": 0.00613683732226491,
  "VXTLT_change_21d": 0.004470465704798698,
  "VXTLT_zscore_63d": 0.003169687755871564,
  "VXTLT_velocity_10d": 0.0043974864762276415,
  "VXTLT_acceleration_5d": 0.004077692981809378,
  "bond_vol_regime": 0.0,
  "vxtlt_vix_ratio": 0.005415285285562277,
  "vxtlt_vix_spread": 0.006367046106606722,
  "VXTLT_percentile_63d": 0.004867715341970324,
  "VXTLT_percentile_126d": 0.004511945322155953,
  "VXTLT_percentile_252d": 0.004315923387184739,
  "VXTLT_vs_ma21": 0.004867133032530546,
  "VXTLT_vs_ma63": 0.005584762245416641,
  "cboe_stress_composite": 0.0046475877752527595,
  "cboe_stress_regime": 0.0,
  "vx_contango_pct": 0.0006503204815089703,
  "vx_contango_5d_change": 0.0013376285322010517,
  "vx_contango_zscore": 0.0005062225740402937,
  "vx1_return_5d": 0.0014876267407089472,
  "vx2_return_5d": 0.0016778361052274704,
  "vx_curve_2_1_ratio": 0.0,
  "vx_curve_3_2_ratio": 0.0014114073943346738,
  "vx_curve_4_3_ratio": 0.002556497510522604,
  "vx_curve_steepness": 0.0017179119866341352,
  "vx_oi_front_concentration": 0.002351003885269165,
  "vx_oi_imbalance": 0.0019214252009987832,
  "vx_oi_5d_change": 0.002102320734411478,
  "vx_oi_zscore_63d": 0.0013289608526974917,
  "vx_oi_surge": 0.0007585014216601848,
  "vx_churn_ratio": 0.002284437697380781,
  "vx_churn_zscore_63d": 0.0015800245106220244,
  "vx_roll_yield_annualized": 0.0032255038153380156,
  "vx_roll_cost_5d": 0.0,
  "vx_roll_yield_zscore_63d": 0.002115333452820778,
  "vx_momentum_5d": 0.001040397398173809,
  "vx_momentum_zscore": 0.0010755237191915513,
  "CL1-CL2": 0.004866724833846092,
  "CL1-CL2_velocity_5d": 0.003962624166160822,
  "CL1-CL2_zscore_63d": 0.004030810855329037,
  "oil_term_regime": 0.0028721979819238187,
  "crude_oil_ret_10d": 0.008206369169056416,
  "crude_oil_ret_21d": 0.004017830966040492,
  "crude_oil_ret_63d": 0.006968153826892376,
  "crude_oil_vol_21d": 0.00518596600741148,
  "crude_oil_zscore_63d": 0.00515563185326755,
  "DX1-DX2": 0.0027356990147382023,
  "DX1-DX2_velocity_5d": 0.003666496183723211,
  "DX1-DX2_zscore_63d": 0.004111649515107274,
  "dxy_ret_10d": 0.005625212891027331,
  "dxy_ret_21d": 0.0055805162992328405,
  "dxy_ret_63d": 0.004887334257364273,
  "dxy_vs_ma50": 0.006057460978627205,
  "dxy_vs_ma200": 0.005741524044424295,
  "dxy_vol_21d": 0.00539144454523921,
  "dollar_crude_corr_21d": 0.004300097934901714,
  "spx_dollar_corr_21d": 0.004114354681223631,
  "initial_claims": 0.006285210605710745,
  "claims_4wk_ma": 0.006485737301409245,
  "claims_velocity_4w": 0.004635250382125378,
  "claims_zscore_52w": 0.005289198737591505,
  "claims_percentile_52w": 0.005693655647337437,
  "claims_regime": 0.0,
  "claims_velocity_zscore": 0.004572502244263888,
  "fin_stress_index": 0.0055496848188340666,
  "stress_velocity_4w": 0.004894145717844367,
  "stress_zscore_52w": 0.004563882388174534,
  "stress_extreme": 0.0,
  "stress_regime": 0.0,
  "hy_spread": 0.006795281264930964,
  "hy_velocity_21d": 0.004780296981334686,
  "hy_zscore_252d": 0.00647364528849721,
  "hy_bb_spread": 0.0053082843311131,
  "hy_bb_velocity_21d": 0.00537740346044302,
  "hy_b_spread": 0.006611035391688347,
  "hy_b_velocity_21d": 0.003770131152123213,
  "hy_ccc_spread": 0.0050522471778094765,
  "hy_ccc_velocity_21d": 0.004158479860052466,
  "credit_quality_spread": 0.005189666990190744,
  "credit_widening_regime": 0.0017680806107819081,
  "ig_hy_spread": 0.0051351912086829545,
  "credit_stress_composite": 0.0063526232726871966,
  "sofr": 0.0,
  "sofr_ff_spread": 0.0006190628744661808,
  "funding_stress": 0.0,
  "funding_stress_zscore": 0.0005811234470456839,