{
  "correlation_threshold": 0.8925,
  "n_removed_correlation": 27,
  "n_samples": 2613,
  "n_selected": 116,
  "random_state": 42,
  "target_type": "compression",
  "top_10_features": [
    "regime_expected_return_5d",
    "vix_vs_ma63",
    "vix_percentile_126d",
    "vix_velocity_5d_regime_adj",
    "vix_vel_spx_rv_ratio",
    "vix_zscore_252d_x_regime_3",
    "bb_position_20d",
    "vix_vs_ma21",
    "vvix",
    "liquidity_stress_composite"
  ],
  "top_10_importance": [
    0.048906925693154336,
    0.042285938560962674,
    0.03514333665370941,
    0.019224188197404145,
    0.01325332240667194,
    0.012053693830966949,
    0.011784002743661403,
    0.011601054249331355,
    0.011183488089591265,
    0.010344381304457783
  ],
  "top_n": 116
}