{
  "10y_vol_63d": 0.004443219723179936,
  "30y_vol_63d": 0.004482073010876775,
  "6m_vol_63d_fred": 0.0057358846068382265,
  "CL1-CL2": 0.0047615592833608385,
  "CL1-CL2_velocity_5d": 0.0027990784496068955,
  "CL1-CL2_zscore_63d": 0.003229400608688593,
  "COR1M": 0.0011286006774753332,
  "COR1M_change_21d": 0.001023195218294859,
  "COR1M_zscore_63d": 0.001274103345349431,
  "COR3M": 0.0010316661093384028,
  "COR3M_change_21d": 0.0011411883868277072,
  "COR3M_zscore_63d": 0.0007391342660412192,
  "DX1-DX2": 0.002322125807404518,
  "DX1-DX2_velocity_5d": 0.002603823598474264,
  "DX1-DX2_zscore_63d": 0.0027082244865596294,
  "SKEW": 0.0010874633444473147,
  "SKEW_extreme_low_252d": 0.0,
  "SKEW_extreme_low_63d": 0.0008394109085202217,
  "SKEW_jerk_5d": 0.001215718127787113,
  "SKEW_momentum_regime": 0.0005849449429661035,
  "SKEW_percentile_126d": 0.0011529197450727223,
  "SKEW_percentile_21d": 0.0010998670011758804,
  "SKEW_percentile_252d": 0.0010573399951681495,
  "SKEW_percentile_63d": 0.0009957886766642332,
  "SKEW_percentile_velocity": 0.0012013999978080392,
  "VXTH": 0.00132143241353333,
  "VXTH_change_21d": 0.0010380543302744628,
  "VXTH_zscore_63d": 0.0008252418832853436,
  "VXTLT": 0.0036188486963510515,
  "VXTLT_acceleration_5d": 0.002981786383315921,
  "VXTLT_change_21d": 0.003223588177934289,
  "VXTLT_percentile_126d": 0.0028796367812901737,
  "VXTLT_percentile_252d": 0.002866079891100526,
  "VXTLT_percentile_63d": 0.003940540459007024,
  "VXTLT_velocity_10d": 0.0037981629837304355,
  "VXTLT_vs_ma21": 0.0027569305151700974,
  "VXTLT_vs_ma63": 0.004183003585785628,
  "VXTLT_zscore_63d": 0.0032500877976417543,
  "adx_14": 0.004020094778388739,
  "bb_position_20d": 0.0029710578499361874,
  "bb_width_20d": 0.003698026854544878,
  "bond_vol_regime": 0.0005171184428036212,
  "cboe_stress_composite": 0.003044059872627258,
  "cboe_stress_regime": 0.0,
  "claims_4wk_ma": 0.005003672931343317,
  "claims_percentile_52w": 0.003611028613522649,
  "claims_regime": 0.0018142633140087127,
  "claims_velocity_4w": 0.0028595758136361837,
  "claims_velocity_zscore": 0.003671438246965408,
  "claims_zscore_52w": 0.0047935083974152805,
  "cor_term_slope_change_21d": 0.001453324779868126,
  "cor_term_structure": 0.0012012401595711709,
  "correlation_regime": 0.0,
  "credit_quality_spread": 0.003479326330125332,
  "credit_stress_composite": 0.0037690892349928617,
  "credit_vol_divergence": 0.0034864414017647507,
  "credit_vol_stress_composite": 0.003972723986953497,
  "credit_widening_regime": 0.0009571272879838943,
  "cross_asset_vol_cluster": 0.0013791521545499564,
  "crude_oil_ret_10d": 0.00505383750423789,
  "crude_oil_ret_21d": 0.0033473581075668334,
  "crude_oil_ret_63d": 0.005184129858389497,
  "crude_oil_vol_21d": 0.0034058740362524985,
  "crude_oil_vol_21d_log": 0.005579118593595922,
  "crude_oil_zscore_63d": 0.004292364697903395,
  "day_of_month": 0.004986293893307447,
  "day_of_week": 0.001747902762144804,
  "days_in_regime": 0.0048163184896111485,
  "dollar_crude_corr_21d": 0.0029637961648404597,
  "dxy_ret_10d": 0.005297375516965986,
  "dxy_ret_21d": 0.003627414908260107,
  "dxy_ret_63d": 0.00450183772481978,
  "dxy_vol_21d": 0.0038132401183247565,
  "dxy_vol_21d_log": 0.003324581915512681,
  "dxy_vs_ma200": 0.004284201236441731,
  "dxy_vs_ma50": 0.0049012050498276945,
  "equity_vol_corr_breakdown": 0.003197911661118269,
  "equity_vol_divergence": 0.00271927323192358,
  "fin_stress_index": 0.0035375561099499466,
  "gold_spx_divergence": 0.0029829606879502534,
  "hy_b_spread": 0.005428463872522116,
  "hy_b_velocity_21d": 0.004048929410055279,
  "hy_bb_spread": 0.003501941775903106,
  "hy_bb_velocity_21d": 0.004344776831567287,
  "hy_ccc_spread": 0.00470292498357594,
  "hy_ccc_velocity_21d": 0.002931580226868391,
  "hy_spread": 0.007642578706145287,
  "hy_velocity_21d": 0.004773240373469889,
  "hy_zscore_252d": 0.004448805004358292,
  "ig_hy_spread": 0.003841760288923979,
  "initial_claims": 0.004124025208875537,
  "is_earnings_heavy": 0.00031325870659202335,
  "is_fomc_period": 0.001407300421851687,
  "is_opex_week": 0.002174796932376921,
  "liquidity_regime": 0.0015527561539784075,
  "liquidity_stress_composite": 0.00473875068128109,
  "macd": 0.0027643605601042507,
  "macd_histogram": 0.0037604182958602904,
  "macd_signal": 0.005750162480399013,
  "month": 0.005382717680186033,
  "oil_term_regime": 0.003235195949673653,
  "pc_equity_inst_divergence": 0.0010945503134280443,
  "pcc_accel_10d": 0.001336007984355092,
  "regime_change_flag": 0.000605028448626399,
  "regime_distance_to_boundary": 0.0034826262388378383,
  "regime_expected_return_5d": 0.0,
  "regime_median_return_5d": 0.0,
  "regime_prob_crisis": 0.0,
  "regime_prob_elevated": 0.0008359525352716445,
  "regime_prob_stay": 0.0,
  "regime_prob_up_5d": 0.0,
  "regime_return_std_5d": 0.0,
  "regime_spike_prob": 0.0,
  "regime_transition_risk": 0.002464188006706536,
  "regime_vol_of_vol": 0.0,
  "regime_within_regime_percentile": 0.0035260648000985384,
  "reversion_strength_21d": 0.003685918776318431,
  "reversion_strength_63d": 0.004310945933684707,
  "risk_premium_extreme_low_252d": 0.0014970542397350073,
  "risk_premium_extreme_low_63d": 0.001451280852779746,
  "risk_premium_ma21": 0.003957390179857611,
  "risk_premium_percentile_126d": 0.004124833038076758,
  "risk_premium_percentile_21d": 0.0025846923235803843,
  "risk_premium_percentile_252d": 0.004194753337651491,
  "risk_premium_percentile_63d": 0.00443260851316154,
  "risk_premium_percentile_velocity": 0.003067630110308528,
  "risk_premium_regime": 0.0008571558631956577,
  "risk_premium_velocity": 0.0043192170560359955,
  "risk_premium_zscore": 0.004833024181425572,
  "rsi_14": 0.006775031145662069,
  "rsi_divergence": 0.003485466493293643,
  "rsi_regime": 0.0,
  "skew_displacement": 0.0011906611267477273,
  "skew_regime": 0.0,
  "skew_vix_ratio": 0.001553819654509425,
  "skew_vs_vix": 0.001068497449159622,
  "spx_body_size": 0.0020314543740823864,
  "spx_body_to_range": 0.0024665836710482834,
  "spx_close_position": 0.0026826162822544573,
  "spx_dollar_corr_21d": 0.003238639980554581,
  "spx_gap": 0.002229114412330091,
  "spx_gap_extreme_flag": 0.0005215604556724429,
  "spx_gap_magnitude": 0.002172377600800246,
  "spx_gap_magnitude_extreme_flag": 0.0014760805293917655,
  "spx_kurt_21d": 0.003792986972257495,
  "spx_lag1": 0.003806826611980796,
  "spx_lower_rejection": 0.0021874388214200733,
  "spx_lower_shadow": 0.002455073827877641,
  "spx_momentum_z_10d": 0.002610210608690977,
  "spx_momentum_z_21d": 0.004062261711806059,
  "spx_range": 0.0025485253892838953,
  "spx_range_expansion": 0.0024540677201002835,
  "spx_range_pct": 0.0034235110972076653,
  "spx_realized_vol_10d": 0.0031392639968544243,
  "spx_realized_vol_21d": 0.00475312452763319,
  "spx_realized_vol_21d_acceleration_5d": 0.002968447469174862,
  "spx_realized_vol_21d_log": 0.006300112791359424,
  "spx_realized_vol_21d_velocity_3d": 0.0029207329731434583,
  "spx_realized_vol_63d": 0.004179161787033081,
  "spx_realized_vol_63d_x_regime_0": 0.004109101789072156,
  "spx_realized_vol_63d_x_regime_1": 0.0030745880678296087,
  "spx_realized_vol_63d_x_regime_2": 0.0018345358781516551,
  "spx_realized_vol_63d_x_regime_3": 0.0033196767326444387,
  "spx_ret_10d": 0.0035873915534466506,
  "spx_ret_1d": 0.0029967756941914558,
  "spx_ret_21d": 0.004642298305407166,
  "spx_ret_5d": 0.0046360721345990894,
  "spx_ret_5d_regime_adj": 0.0030722126830369234,
  "spx_ret_63d": 0.004025748092681169,
  "spx_skew_21d": 0.005004418641328811,
  "spx_upper_rejection": 0.0022583355428650977,
  "spx_upper_shadow": 0.002169877476990223,
  "spx_vix_corr_126d": 0.003930396866053343,
  "spx_vix_corr_21d": 0.004099139384925366,
  "spx_vix_corr_63d": 0.003975134901702404,
  "spx_vol_ratio_10_21": 0.0038326346781104802,
  "spx_vol_ratio_10_63": 0.0034606849774718286,
  "spx_vs_ma20": 0.0035249267239123583,
  "spx_vs_ma200": 0.003998823836445809,
  "spx_vs_ma50": 0.0036025923676788808,