{
  "10y_vol_63d": 0.0006523792573716492,
  "30y_vol_63d": 0.0008892412297427654,
  "6m_vol_63d_fred": 0.002393879916053265,
  "CL1-CL2": 0.000861649971920997,
  "CL1-CL2_velocity_5d": 0.0009428336750715971,
  "CL1-CL2_zscore_63d": 0.0011358376243151725,
  "COR1M": 0.0005141504341736435,
  "COR1M_change_21d": 0.0010323604568839074,
  "COR1M_zscore_63d": 0.0004840704961679876,
  "COR3M": 0.0005576045718044042,
  "COR3M_change_21d": 0.000296907703159377,
  "COR3M_zscore_63d": 0.0020901232026517393,
  "DX1-DX2": 0.0009186602314002812,
  "DX1-DX2_velocity_5d": 0.001076272048521787,
  "DX1-DX2_zscore_63d": 0.001130653196014464,
  "SKEW": 0.0021514249267056583,
  "SKEW_extreme_low_252d": 0.0,
  "SKEW_extreme_low_63d": 0.0,
  "SKEW_jerk_5d": 0.0017488375306129456,
  "SKEW_momentum_regime": 0.0006309613585472107,
  "SKEW_percentile_126d": 0.0005344429984688759,
  "SKEW_percentile_21d": 0.0011297201737761498,
  "SKEW_percentile_252d": 0.0015243673231452703,
  "SKEW_percentile_63d": 0.0007486932678148151,
  "SKEW_percentile_velocity": 0.001020802976563573,
  "VXTH": 0.006026140926405787,
  "VXTH_change_21d": 0.0024030019994825125,
  "VXTH_zscore_63d": 0.0007107195444405079,
  "VXTLT": 0.00222340130712837,
  "VXTLT_acceleration_5d": 0.0015177370980381966,
  "VXTLT_change_21d": 0.0022584165446460245,
  "VXTLT_percentile_126d": 0.00111967115662992,
  "VXTLT_percentile_252d": 0.0019038713537156582,
  "VXTLT_percentile_63d": 0.002786941290833056,
  "VXTLT_velocity_10d": 0.004392390651628375,
  "VXTLT_vs_ma21": 0.0041178150568157434,
  "VXTLT_vs_ma63": 0.002041494403965771,
  "VXTLT_zscore_63d": 0.0033225171850062908,
  "adx_14": 0.0016986896749585866,
  "bb_position_20d": 0.0012281013303436338,
  "bb_width_20d": 0.0033436249243095515,
  "bond_vol_regime": 0.0,
  "cboe_stress_composite": 0.00637490670196712,
  "cboe_stress_regime": 0.0,
  "claims_4wk_ma": 0.0037321845185942946,
  "claims_percentile_52w": 0.0027840159367769957,
  "claims_regime": 0.003793611758737825,
  "claims_velocity_4w": 0.005030756164342165,
  "claims_velocity_zscore": 0.002550108009018004,
  "claims_zscore_52w": 0.0039797869976609945,
  "cor_term_slope_change_21d": 0.0036105401813983917,
  "cor_term_structure": 0.0017459399066865444,
  "correlation_regime": 0.0002487113320967183,
  "credit_quality_spread": 0.006884671095758676,
  "credit_stress_composite": 0.005623974860645831,
  "credit_vol_divergence": 0.0018412681645713746,
  "credit_vol_stress_composite": 0.002463032794184983,
  "credit_widening_regime": 0.0,
  "cross_asset_vol_cluster": 0.015219737484585494,
  "crude_oil_ret_10d": 0.0018976140185259283,
  "crude_oil_ret_21d": 0.0022607875405810775,
  "crude_oil_ret_63d": 0.004109155805781484,
  "crude_oil_vol_21d": 0.0023478343384340404,
  "crude_oil_vol_21d_log": 0.0027723327744752168,
  "crude_oil_zscore_63d": 0.0026672610081732275,
  "day_of_month": 0.004538427200168371,
  "day_of_week": 0.0011815959704108536,
  "days_in_regime": 0.01878927806392312,
  "dollar_crude_corr_21d": 0.002381836459971964,
  "dxy_ret_10d": 0.0033962213434278964,
  "dxy_ret_21d": 0.003754966566339135,
  "dxy_ret_63d": 0.005744641646742821,
  "dxy_vol_21d": 0.003394469153136015,
  "dxy_vol_21d_log": 0.0014255007379688322,
  "dxy_vs_ma200": 0.010917012486606837,
  "dxy_vs_ma50": 0.003329529636539519,
  "equity_vol_corr_breakdown": 0.0022372544975951315,
  "equity_vol_divergence": 0.0031007642857730387,
  "fin_stress_index": 0.014342299848794936,
  "gold_spx_divergence": 0.0014630179153755306,
  "hy_b_spread": 0.00635596951469779,
  "hy_b_velocity_21d": 0.0035742867970839144,
  "hy_bb_spread": 0.004255538410507143,
  "hy_bb_velocity_21d": 0.007311964919790625,
  "hy_ccc_spread": 0.005644898954778909,
  "hy_ccc_velocity_21d": 0.010024791490286589,
  "hy_spread": 0.009075395972467959,
  "hy_velocity_21d": 0.015378823783248664,
  "hy_zscore_252d": 0.004256173828616738,
  "ig_hy_spread": 0.004253211081959307,
  "initial_claims": 0.0034243401722051205,
  "is_earnings_heavy": 0.0009548981382977217,
  "is_fomc_period": 0.0011224439833313227,
  "is_opex_week": 0.001953160343691707,
  "liquidity_regime": 0.0,
  "liquidity_stress_composite": 0.0018900457653217018,
  "macd": 0.006222871458157897,
  "macd_histogram": 0.002670480776578188,
  "macd_signal": 0.005828488257247954,
  "month": 0.0031025605741888283,
  "oil_term_regime": 0.00016761513543315232,
  "pc_equity_inst_divergence": 0.0005449054297059774,
  "pcc_accel_10d": 0.0017006403766572475,
  "regime_change_flag": 0.0,
  "regime_distance_to_boundary": 0.0032192346872761844,
  "regime_expected_return_5d": 0.0,
  "regime_median_return_5d": 0.0,
  "regime_prob_crisis": 0.0,
  "regime_prob_elevated": 0.0014436513418331742,
  "regime_prob_stay": 0.0,
  "regime_prob_up_5d": 0.0,
  "regime_return_std_5d": 0.0,
  "regime_spike_prob": 0.0006712497444823385,
  "regime_transition_risk": 0.0013525586808100342,
  "regime_vol_of_vol": 0.0,
  "regime_within_regime_percentile": 0.0024258964927867054,
  "reversion_strength_21d": 0.0030099542811512945,
  "reversion_strength_63d": 0.0019447287544608117,
  "risk_premium_extreme_low_252d": 0.0024015351198613645,
  "risk_premium_extreme_low_63d": 0.00040590153075754644,
  "risk_premium_ma21": 0.006239195074886084,
  "risk_premium_percentile_126d": 0.005596271529793739,
  "risk_premium_percentile_21d": 0.002275670995004475,
  "risk_premium_percentile_252d": 0.00586523455567658,
  "risk_premium_percentile_63d": 0.003339678654447198,
  "risk_premium_percentile_velocity": 0.0028320924378931523,
  "risk_premium_regime": 3.0313426395878196e-05,
  "risk_premium_velocity": 0.0038430888438597322,
  "risk_premium_zscore": 0.004542503762058914,
  "rsi_14": 0.0032148770522326233,
  "rsi_divergence": 0.0023471225751563905,
  "rsi_regime": 1.538260403322056e-05,
  "skew_displacement": 0.0012716764584183692,
  "skew_regime": 0.0,
  "skew_vix_ratio": 0.0009806260466575622,
  "skew_vs_vix": 0.0012780701974406839,
  "spx_body_size": 0.0012394881516229362,
  "spx_body_to_range": 0.0020638938527554273,
  "spx_close_position": 0.0016734232776798308,
  "spx_dollar_corr_21d": 0.00352890866342932,
  "spx_gap": 0.001718847977463156,
  "spx_gap_extreme_flag": 0.000867059372831136,
  "spx_gap_magnitude": 0.0025058231316506864,
  "spx_gap_magnitude_extreme_flag": 0.00016691572964191436,
  "spx_kurt_21d": 0.0028276935452595355,
  "spx_lag1": 0.005525892227888107,
  "spx_lower_rejection": 0.0022018153918907045,
  "spx_lower_shadow": 0.003205368435010314,
  "spx_momentum_z_10d": 0.0026549485512077807,
  "spx_momentum_z_21d": 0.0024085059529170396,
  "spx_range": 0.00137361396336928,
  "spx_range_expansion": 0.0017459575785323978,
  "spx_range_pct": 0.001821124937850982,
  "spx_realized_vol_10d": 0.003911628387868404,
  "spx_realized_vol_21d": 0.00587430017767474,
  "spx_realized_vol_21d_acceleration_5d": 0.0017438256647437811,
  "spx_realized_vol_21d_log": 0.0036532561061903834,
  "spx_realized_vol_21d_velocity_3d": 0.002476118761114776,
  "spx_realized_vol_63d": 0.006046401336789131,
  "spx_realized_vol_63d_x_regime_0": 0.0043292539194226265,
  "spx_realized_vol_63d_x_regime_1": 0.004091540258377791,
  "spx_realized_vol_63d_x_regime_2": 0.002502662199549377,
  "spx_realized_vol_63d_x_regime_3": 0.00046567548997700214,
  "spx_ret_10d": 0.0021393521688878535,
  "spx_ret_1d": 0.001463253062684089,
  "spx_ret_21d": 0.003633172018453479,
  "spx_ret_5d": 0.0033002522308379413,
  "spx_ret_5d_regime_adj": 0.0022681386908516288,
  "spx_ret_63d": 0.006969866901636123,
  "spx_skew_21d": 0.003175797639414668,
  "spx_upper_rejection": 0.00110346139408648,
  "spx_upper_shadow": 0.0018158297054469586,
  "spx_vix_corr_126d": 0.0038969172164797783,
  "spx_vix_corr_21d": 0.0025219395523890854,
  "spx_vix_corr_63d": 0.002711982000619173,
  "spx_vol_ratio_10_21": 0.006019757594913244,
  "spx_vol_ratio_10_63": 0.004044913640245795,
  "spx_vs_ma20": 0.004016817547380924,
  "spx_vs_ma200": 0.003063951409421861,
  "spx_vs_ma50": 0.0028078795410692694,