{
  "correlation_threshold": 0.8925,
  "n_removed_correlation": 27,
  "n_samples": 2246,
  "n_selected": 115,
  "random_state": 42,
  "target_type": "expansion",
  "top_10_features": [
    "days_in_regime",
    "vvix_percentile_63d",
    "hy_velocity_21d",
    "fin_stress_index",
    "hy_spread",
    "yield_10y3m_inversion_depth",
    "vx_oi_surge",
    "vix_percentile_126d",
    "credit_quality_spread",
    "dxy_vs_ma200"
  ],
  "top_10_importance": [
    0.015520372241735459,
    0.014962746063247323,
    0.014317389763891696,
    0.013919856771826744,
    0.012829714454710484,
    0.012768312520347536,
    0.011439461261034012,
    0.009496365115046502,
    0.009053396712988614,
    0.008786379592493176
  ],
  "top_n": 115
}