{
  "10y_vol_63d": 0.00026865721447393297,
  "30y_vol_63d": 0.000409972487250343,
  "6m_vol_63d_fred": 0.0007653658918570727,
  "CL1-CL2": 0.0009454633807763457,
  "CL1-CL2_velocity_5d": 0.0006954009993933141,
  "CL1-CL2_zscore_63d": 0.0009242294006980955,
  "COR1M": 0.00047523071989417074,
  "COR1M_change_21d": 0.00044710251968353986,
  "COR1M_zscore_63d": 0.0007357294671237469,
  "COR3M": 0.0024012567475438116,
  "COR3M_change_21d": 0.0009733363520354032,
  "COR3M_zscore_63d": 0.0005664456402882934,
  "DX1-DX2": 0.0011404937948100268,
  "DX1-DX2_velocity_5d": 0.0014031771395821124,
  "DX1-DX2_zscore_63d": 0.001735947630368173,
  "SKEW": 0.000654825079254806,
  "SKEW_extreme_low_252d": 0.0001733254175633192,
  "SKEW_extreme_low_63d": 0.0,
  "SKEW_jerk_5d": 0.0005936036817729473,
  "SKEW_momentum_regime": 0.0012688327580690384,
  "SKEW_percentile_126d": 0.0005016107577830553,
  "SKEW_percentile_21d": 0.000756317819468677,
  "SKEW_percentile_252d": 0.0012421169318258761,
  "SKEW_percentile_63d": 0.0004280911816749722,
  "SKEW_percentile_velocity": 0.0026861974969506265,
  "VXTH": 0.0013414341257885099,
  "VXTH_change_21d": 0.0010040788911283016,
  "VXTH_zscore_63d": 0.0008672111434862018,
  "VXTLT": 0.0015069221612066031,
  "VXTLT_acceleration_5d": 0.0014677976723760366,
  "VXTLT_change_21d": 0.0020126716233789923,
  "VXTLT_percentile_126d": 0.0009794377954676747,
  "VXTLT_percentile_252d": 0.0019796550506725906,
  "VXTLT_percentile_63d": 0.0009911215398460626,
  "VXTLT_velocity_10d": 0.0013071135152131319,
  "VXTLT_vs_ma21": 0.0021839318331331016,
  "VXTLT_vs_ma63": 0.0007128847762942314,
  "VXTLT_zscore_63d": 0.001035638991743326,
  "adx_14": 0.0016463004285469651,
  "bb_position_20d": 0.0053692454472184185,
  "bb_width_20d": 0.0013707706821151078,
  "bond_vol_regime": 0.0,
  "cboe_stress_composite": 0.0005757491220720112,
  "cboe_stress_regime": 0.0,
  "claims_4wk_ma": 0.0023043833789415658,
  "claims_percentile_52w": 0.002075570891611278,
  "claims_regime": 0.0,
  "claims_velocity_4w": 0.0019692945294082164,
  "claims_velocity_zscore": 0.0016319897724315525,
  "claims_zscore_52w": 0.004817927302792668,
  "cor_term_slope_change_21d": 0.0010832719970494508,
  "cor_term_structure": 0.0025290317134931684,
  "correlation_regime": 0.0004046745511004701,
  "credit_quality_spread": 0.0017586552305147052,
  "credit_stress_composite": 0.0017847794108092785,
  "credit_vol_divergence": 0.0019312330521643161,
  "credit_vol_stress_composite": 0.0034865598659962415,
  "credit_widening_regime": 0.0012065950257238,
  "cross_asset_vol_cluster": 0.00017399031203240155,
  "crude_oil_ret_10d": 0.0019857153412885962,
  "crude_oil_ret_21d": 0.001588987046852708,
  "crude_oil_ret_63d": 0.00260236740577966,
  "crude_oil_vol_21d": 0.0019919717917218803,
  "crude_oil_vol_21d_log": 0.004410017223563045,
  "crude_oil_zscore_63d": 0.002626526402309537,
  "day_of_month": 0.0018583464901894332,
  "day_of_week": 0.001163931132759899,
  "days_in_regime": 0.0015498896362259984,
  "dollar_crude_corr_21d": 0.0018309703329578042,
  "dxy_ret_10d": 0.0032819840824231507,
  "dxy_ret_21d": 0.002292380924336612,
  "dxy_ret_63d": 0.002175043476745486,
  "dxy_vol_21d": 0.004398015467450023,
  "dxy_vol_21d_log": 0.0016496296389959752,
  "dxy_vs_ma200": 0.0031580431386828423,
  "dxy_vs_ma50": 0.002843358542304486,
  "equity_vol_corr_breakdown": 0.001937446603551507,
  "equity_vol_divergence": 0.0018858233001083136,
  "fin_stress_index": 0.004287479852791876,
  "gold_spx_divergence": 0.00520849134773016,
  "hy_b_spread": 0.003108311118558049,
  "hy_b_velocity_21d": 0.0021122510079294443,
  "hy_bb_spread": 0.0031909520737826826,
  "hy_bb_velocity_21d": 0.0018191677751019596,
  "hy_ccc_spread": 0.0013116941147018224,
  "hy_ccc_velocity_21d": 0.0025556830456480383,
  "hy_spread": 0.002064751135185361,
  "hy_velocity_21d": 0.002780739136505872,
  "hy_zscore_252d": 0.0023944434942677617,
  "ig_hy_spread": 0.003034329880028963,
  "initial_claims": 0.0022877139155752955,
  "is_earnings_heavy": 0.0002593591809272766,
  "is_fomc_period": 0.00039538245619041845,
  "is_opex_week": 0.0031045856769196687,
  "liquidity_regime": 0.0034839471918530762,
  "liquidity_stress_composite": 0.010458208573982119,
  "macd": 0.0029738368233665825,
  "macd_histogram": 0.004253485985100269,
  "macd_signal": 0.0019323383457958698,
  "month": 0.0029458288569003343,
  "oil_term_regime": 0.002949062202242203,
  "pc_equity_inst_divergence": 0.0012954246252775193,
  "pcc_accel_10d": 0.001049726502969861,
  "regime_change_flag": 0.00021691172150895,
  "regime_distance_to_boundary": 0.0017773016588762403,
  "regime_expected_return_5d": 0.03400890099110256,
  "regime_median_return_5d": 0.04068161249160766,
  "regime_prob_crisis": 0.0,
  "regime_prob_elevated": 0.0006415718235075474,
  "regime_prob_stay": 0.0,
  "regime_prob_up_5d": 0.0,
  "regime_return_std_5d": 0.0,
  "regime_spike_prob": 3.354964719619602e-05,
  "regime_transition_risk": 0.0018363977316766978,
  "regime_vol_of_vol": 0.0,
  "regime_within_regime_percentile": 0.003259527450427413,
  "reversion_strength_21d": 0.0017032391158863902,
  "reversion_strength_63d": 0.009232579660601915,
  "risk_premium_extreme_low_252d": 0.0027981795137748122,
  "risk_premium_extreme_low_63d": 8.864820702001453e-05,
  "risk_premium_ma21": 0.0037083982955664397,
  "risk_premium_percentile_126d": 0.0024171164055587723,
  "risk_premium_percentile_21d": 0.002167845261283219,
  "risk_premium_percentile_252d": 0.0023616777267307042,
  "risk_premium_percentile_63d": 0.004635475249961019,
  "risk_premium_percentile_velocity": 0.002663900516927242,
  "risk_premium_regime": 0.000748255563667044,
  "risk_premium_velocity": 0.0017925549531355501,
  "risk_premium_zscore": 0.0036943550105206667,
  "rsi_14": 0.0022004562662914394,
  "rsi_divergence": 0.0018400601344183086,
  "rsi_regime": 0.0011148799094371498,
  "skew_displacement": 0.0007857758784666658,
  "skew_regime": 0.0,
  "skew_vix_ratio": 0.0025516699999570845,
  "skew_vs_vix": 0.0013237595558166504,
  "spx_body_size": 0.0015548618277534843,
  "spx_body_to_range": 0.0021043575601652265,
  "spx_close_position": 0.0016411963617429138,
  "spx_dollar_corr_21d": 0.004294897709041834,
  "spx_gap": 0.0016356587409973144,
  "spx_gap_extreme_flag": 0.0011336793890222908,
  "spx_gap_magnitude": 0.0029144892352633176,
  "spx_gap_magnitude_extreme_flag": 0.0003253216971643269,
  "spx_kurt_21d": 0.0023406393942423166,
  "spx_lag1": 0.0023298769956454635,
  "spx_lower_rejection": 0.0020767143461853264,
  "spx_lower_shadow": 0.002719567227177322,
  "spx_momentum_z_10d": 0.0021487763384357094,
  "spx_momentum_z_21d": 0.002674177335575223,
  "spx_range": 0.002325058728456497,
  "spx_range_expansion": 0.0023874235805124043,
  "spx_range_pct": 0.002067231270484626,
  "spx_realized_vol_10d": 0.0031327734235674144,
  "spx_realized_vol_21d": 0.0030989085091277955,
  "spx_realized_vol_21d_acceleration_5d": 0.0023789508268237114,
  "spx_realized_vol_21d_log": 0.0021847809781320392,
  "spx_realized_vol_21d_velocity_3d": 0.003226525243371725,
  "spx_realized_vol_63d": 0.004650054639205337,
  "spx_realized_vol_63d_x_regime_0": 0.007200641464442015,
  "spx_realized_vol_63d_x_regime_1": 0.0030011323979124427,
  "spx_realized_vol_63d_x_regime_2": 0.003193078632466495,
  "spx_realized_vol_63d_x_regime_3": 0.0014236290939152242,
  "spx_ret_10d": 0.002593628806062043,
  "spx_ret_1d": 0.0019336584256961942,
  "spx_ret_21d": 0.002990244748070836,
  "spx_ret_5d": 0.0030388799495995045,
  "spx_ret_5d_regime_adj": 0.0027649375377222897,
  "spx_ret_63d": 0.0037156630773097278,
  "spx_skew_21d": 0.0028960686177015305,
  "spx_upper_rejection": 0.0017951153218746184,
  "spx_upper_shadow": 0.0015687768696807324,
  "spx_vix_corr_126d": 0.0032994289649650455,
  "spx_vix_corr_21d": 0.002392007317394018,
  "spx_vix_corr_63d": 0.0031285160686820744,
  "spx_vol_ratio_10_21": 0.002845357055775821,
  "spx_vol_ratio_10_63": 0.0028502915520220995,
  "spx_vs_ma20": 0.006200404185801744,