{
  "correlation_threshold": 0.8925,
  "n_removed_correlation": 40,
  "n_samples": 4859,
  "n_selected": 136,
  "random_state": 42,
  "target_type": "up",
  "top_10_features": [
    "vix_velocity_5d_regime_adj",
    "hy_spread",
    "vix_vs_ma10",
    "vix_zscore_252d",
    "vix_percentile_126d",
    "vix_velocity_5d",
    "vvix_percentile_63d",
    "rsi_14",
    "skew_vix_ratio",
    "spx_realized_vol_21d"
  ],
  "top_10_importance": [
    0.0099556690081954,
    0.008966770861297846,
    0.008230883255600929,
    0.007825947646051646,
    0.007002519629895687,
    0.006997886812314391,
    0.006729570287279785,
    0.006469063926488161,
    0.006389869470149278,
    0.006309960037469864
  ],
  "top_n": 136
}