{
  "spx_lag1": 0.003993289405480027,
  "vix_ret_1d": 0.001027869456447661,
  "vix_ret_5d": 0.005376038630492986,
  "vix_ret_10d": 0.002580749662593007,
  "vix_ret_21d": 0.004433486610651016,
  "vix_vol_10d": 0.0051097423303872345,
  "vix_vol_21d": 0.005054499255493283,
  "vix_vol_63d": 0.005006745783612132,
  "vix_velocity_5d": 0.02034068536013365,
  "vix_velocity_10d": 0.003624336514621973,
  "vix_velocity_21d": 0.002943728119134903,
  "vix_vs_ma10": 0.012359405774623156,
  "vix_vs_ma21": 0.004197813430801034,
  "vix_vs_ma63": 0.005558593198657036,
  "vix_vs_ma252": 0.004793281457386911,
  "vix_zscore_21d": 0.004168858914636075,
  "vix_zscore_63d": 0.005457855574786663,
  "vix_zscore_252d": 0.005305219860747457,
  "vix_momentum_z_10d": 0.0035728683229535817,
  "vix_momentum_z_21d": 0.002770185377448797,
  "vix_accel_5d": 0.007003781292587519,
  "vix_stretch_ma21": 0.0034618271281942727,
  "vix_stretch_ma63": 0.0031848309095948934,
  "reversion_strength_21d": 0.0033246968407183884,
  "reversion_strength_63d": 0.0038781316485255956,
  "vix_bb_position_20d": 0.0033880742266774178,
  "vix_extreme_low_21d": 0.0,
  "vix_regime": 0.0075125287286937235,
  "days_in_regime": 0.011846321262419223,
  "regime_distance_to_boundary": 0.003182378923520446,
  "regime_within_regime_percentile": 0.0031373176258057355,
  "regime_change_flag": 0.0,
  "time_in_regime_pct": 0.01108626639470458,
  "regime_expected_return_5d": 0.0021075792610645294,
  "regime_median_return_5d": 0.0,
  "regime_return_std_5d": 0.0,
  "regime_prob_up_5d": 0.0,
  "regime_vol_of_vol": 0.0,
  "regime_spike_prob": 0.005126060172915459,
  "regime_prob_stay": 0.0,
  "regime_prob_crisis": 0.0,
  "regime_prob_elevated": 0.0,
  "spx_ret_1d": 0.0016860103933140635,
  "spx_ret_5d": 0.009532729163765907,
  "spx_ret_10d": 0.0024193449411541224,
  "spx_ret_21d": 0.005059393541887403,
  "spx_ret_63d": 0.006317521957680583,
  "spx_vs_ma20": 0.004919752525165677,
  "spx_vs_ma50": 0.002829056969494559,
  "spx_vs_ma200": 0.00421699860598892,
  "spx_momentum_z_10d": 0.0017355905845761299,
  "spx_momentum_z_21d": 0.004015363333746791,
  "spx_realized_vol_10d": 0.0029736368684098124,
  "spx_realized_vol_21d": 0.006435020919889211,
  "spx_realized_vol_63d": 0.005774279963225127,
  "spx_vol_ratio_10_21": 0.004742201743647456,
  "spx_vol_ratio_10_63": 0.006315199006348848,
  "spx_skew_21d": 0.0030591776361688972,
  "spx_kurt_21d": 0.0036756652407348156,
  "bb_position_20d": 0.003999503923114389,
  "bb_width_20d": 0.005257610697299242,
  "rsi_14": 0.005319133098237216,
  "rsi_regime": 0.0,
  "rsi_divergence": 0.002608679956756532,
  "macd": 0.004742051288485527,
  "macd_signal": 0.005210165586322546,
  "macd_histogram": 0.0025888978969305755,
  "adx_14": 0.0047742245253175495,
  "trend_strength": 0.003287405101582408,
  "spx_body_size": 0.001303899975027889,
  "spx_range": 0.0006940698251128197,
  "spx_range_pct": 0.0013692651875317097,
  "spx_upper_shadow": 0.0009621645847801119,
  "spx_lower_shadow": 0.00047687125334050506,
  "spx_close_position": 0.00409235181286931,
  "spx_body_to_range": 0.002325806341832504,
  "spx_gap": 0.002065759594552219,
  "spx_gap_magnitude": 0.0012421711813658475,
  "spx_upper_rejection": 0.0,
  "spx_lower_rejection": 0.0008863303577527404,
  "spx_range_expansion": 0.0010386964771896602,
  "spx_vix_corr_21d": 0.0036851386073976757,
  "spx_vix_corr_63d": 0.004527496267110109,
  "spx_vix_corr_126d": 0.006339540891349316,
  "vix_vs_rv_10d": 0.006742386985570193,
  "vix_rv_ratio_10d": 0.007189197326079011,
  "vix_vs_rv_21d": 0.007167570665478707,
  "vix_rv_ratio_21d": 0.004953971644863486,
  "SKEW": 0.00609517153352499,
  "skew_regime": 0.0,
  "skew_vs_vix": 0.0023733912967145443,
  "skew_vix_ratio": 0.003815496899187565,
  "skew_displacement": 0.002475067088380456,
  "pc_equity_inst_divergence": 0.0010011416161432862,
  "pcc_accel_10d": 0.0017829990014433862,
  "COR1M": 0.002622577641159296,
  "COR1M_change_21d": 0.001973373256623745,
  "COR1M_zscore_63d": 0.0009114859625697136,
  "COR3M": 0.002499366831034422,
  "COR3M_change_21d": 0.0024216890335083006,
  "COR3M_zscore_63d": 0.0009201341308653355,
  "cor_term_structure": 0.0015731860883533954,
  "cor_term_slope_change_21d": 0.002239650767296553,
  "VXTH": 0.002072867937386036,
  "VXTH_change_21d": 0.0023463107645511627,
  "VXTH_zscore_63d": 0.0010465962812304496,
  "vxth_vix_ratio": 0.0027083930559456348,
  "VXTLT": 0.00790020301938057,
  "VXTLT_change_21d": 0.0033428853610530497,
  "VXTLT_zscore_63d": 0.004645696189254522,
  "VXTLT_velocity_10d": 0.005732087232172489,
  "VXTLT_acceleration_5d": 0.002726876735687256,
  "bond_vol_regime": 0.0,
  "vxtlt_vix_ratio": 0.003280843887478113,
  "vxtlt_vix_spread": 0.008125904947519302,
  "VXTLT_percentile_63d": 0.002053364389576018,
  "VXTLT_percentile_126d": 0.006333131156861782,
  "VXTLT_percentile_252d": 0.004745979094877839,
  "VXTLT_vs_ma21": 0.005286578182131052,
  "VXTLT_vs_ma63": 0.006239580293186009,
  "cboe_stress_composite": 0.005983030889183283,
  "cboe_stress_regime": 0.0,
  "VX1-VX2": 0.002153425244614482,
  "VX1-VX2_change_21d": 0.003236608952283859,
  "VX1-VX2_zscore_63d": 0.0033675341168418528,
  "VX1-VX2_percentile_63d": 0.0033139494713395833,
  "VX2-VX1_RATIO": 0.003095486806705594,
  "VX2-VX1_RATIO_velocity_10d": 0.0037244233302772046,
  "vx_term_structure_regime": 0.0,
  "vx_curve_acceleration": 0.005483781592920423,
  "vx_term_structure_divergence": 0.0027210606494918466,
  "CL1-CL2": 0.0058088661171495914,
  "CL1-CL2_velocity_5d": 0.0028936881106346847,
  "CL1-CL2_zscore_63d": 0.004074790421873331,
  "oil_term_regime": 0.0003514215350151062,
  "crude_oil_ret_10d": 0.00528569109737873,
  "crude_oil_ret_21d": 0.0024818063480779528,
  "crude_oil_ret_63d": 0.00776814604178071,
  "crude_oil_vol_21d": 0.004458831995725632,
  "crude_oil_zscore_63d": 0.005254312325268984,
  "DX1-DX2": 0.001910435571335256,
  "DX1-DX2_velocity_5d": 0.004061533533968031,
  "DX1-DX2_zscore_63d": 0.0027650600648485126,
  "dxy_ret_10d": 0.00591665729880333,
  "dxy_ret_21d": 0.003685789625160396,
  "dxy_ret_63d": 0.0060769435949623585,
  "dxy_vs_ma50": 0.004571225773543119,
  "dxy_vs_ma200": 0.0061203875113278626,
  "dxy_vol_21d": 0.004536167159676552,
  "vx_crude_corr_21d": 0.004252752894535661,
  "vx_crude_divergence": 0.0029799907584674656,
  "vx_dollar_corr_21d": 0.004639694327488541,
  "dollar_crude_corr_21d": 0.004264342412352562,
  "spx_vx_spread_corr_21d": 0.004169093817472458,
  "spx_dollar_corr_21d": 0.005946096498519182,
  "initial_claims": 0.004883847665041685,
  "claims_4wk_ma": 0.0052877718582749365,
  "claims_velocity_4w": 0.005149955814704299,
  "claims_zscore_52w": 0.005036521889269352,
  "claims_percentile_52w": 0.004927780525758862,
  "claims_regime": 0.0,
  "claims_velocity_zscore": 0.0047778136562556025,
  "fin_stress_index": 0.005528347985818982,
  "stress_velocity_4w": 0.00443326672539115,
  "stress_zscore_52w": 0.0039008617401123046,
  "stress_extreme": 0.0017513422295451163,
  "stress_regime": 0.0,
  "hy_spread": 0.006752560008317232,
  "hy_velocity_21d": 0.006759360036812723,
  "hy_zscore_252d": 0.007720557041466236,
  "hy_bb_spread": 0.0027186713181436063,
  "hy_bb_velocity_21d": 0.005995923513546586,
  "hy_b_spread": 0.006026606820523739,
  "hy_b_velocity_21d": 0.007491893135011196,
  "hy_ccc_spread": 0.005331149371340871,
  "hy_ccc_velocity_21d": 0.004680923465639353,
  "credit_quality_spread": 0.004840323678217828,
  "credit_widening_regime": 0.0,
  "ig_hy_spread": 0.0031567501835525038,
  "credit_stress_composite": 0.00927621629089117,
  "sofr": 0.0018444191664457321,
  "sofr_ff_spread": 0.0004273568745702505,
  "funding_stress": 0.0,
  "funding_stress_zscore": 0.0,
  "funding_stress_regime": 0.0,
  "sofr_velocity_5d": 0.001341957040131092,
  "yield_10y2y": 0.0,
  "yield_10y2y_zscore": 0.0,
  "yield_10y3m": 0.002658611838705838,
  "yield_2y3m": 0.0,
  "yield_5y2y": 0.0,
  "yield_30y10y": 0.004429554147645831,
  "yield_10y2y_velocity_10d": 0.0,