{
  "correlation_threshold": 0.9246,
  "n_removed_correlation": 15,
  "n_samples": 4859,
  "n_selected": 99,
  "random_state": 42,
  "target_type": "down",
  "top_10_features": [
    "vix_velocity_5d_regime_adj",
    "vix_vs_ma10",
    "skew_vix_ratio_percentile_252d",
    "month",
    "skew_vix_ratio",
    "hy_spread",
    "rsi_14",
    "vix_zscore_252d",
    "spx_ret_5d",
    "crude_oil_ret_63d"
  ],
  "top_10_importance": [
    0.010736140515655279,
    0.009003181103616953,
    0.008968347776681184,
    0.007306598033756018,
    0.006899203266948461,
    0.006829435564577579,
    0.006675596348941326,
    0.0064203844405710695,
    0.006286844611167908,
    0.005952654033899307
  ],
  "top_n": 99
}