{
  "correlation_threshold": 0.8925,
  "n_removed_correlation": 43,
  "n_samples": 4859,
  "n_selected": 136,
  "random_state": 42,
  "target_type": "up",
  "top_10_features": [
    "vix_velocity_5d_regime_adj",
    "vix_velocity_5d",
    "vix_zscore_252d",
    "hy_spread",
    "vix_vs_ma10",
    "rsi_14",
    "spx_realized_vol_21d_log",
    "yield_curve_vol_avg_fred",
    "vix_percentile_252d",
    "vix1m_vix3m_ratio"
  ],
  "top_10_importance": [
    0.010325651057064534,
    0.009813797660171986,
    0.007953844219446182,
    0.007642577402293682,
    0.007151798997074366,
    0.00677503077313304,
    0.006300112511962652,
    0.006167156342417002,
    0.005897933151572943,
    0.005751696228981018
  ],
  "top_n": 136
}