{
  "correlation_threshold": 0.9,
  "n_removed_correlation": 4,
  "n_samples": 4859,
  "n_selected": 30,
  "random_state": 42,
  "target_type": "up",
  "top_10_features": [
    "vix_velocity_5d_regime_adj",
    "vix_velocity_5d",
    "vix_vs_ma10",
    "hy_spread",
    "skew_vix_ratio_percentile_252d",
    "dxy_bb_position_20d",
    "rsi_14",
    "skew_vix_ratio",
    "vix_percentile_126d",
    "dxy_vs_ma21"
  ],
  "top_10_importance": [
    0.008837490528821944,
    0.0067807181738317015,
    0.006487653637304902,
    0.006119644967839122,
    0.00553500596433878,
    0.004965682188048959,
    0.004909755941480398,
    0.0048989905044436455,
    0.004796193190850317,
    0.004688453488051891
  ],
  "top_n": 30
}