{
  "spx_lag1": 0.0017348265158943833,
  "vix_ret_1d": 0.0011377455084584653,
  "vix_ret_5d": 0.0009938793955370784,
  "vix_ret_10d": 0.0009872185532003642,
  "vix_ret_21d": 0.001125577138736844,
  "vix_vol_10d": 0.005026875669136644,
  "vix_vol_21d": 0.003839275613427162,
  "vix_vol_63d": 0.005367498123086989,
  "vix_velocity_5d": 0.0025678106816485525,
  "vix_velocity_10d": 0.001034235386759974,
  "vix_velocity_21d": 0.005377535242587328,
  "vix_vs_ma10": 0.003977777040563524,
  "vix_vs_ma21": 0.0023363200481981037,
  "vix_vs_ma63": 0.001616526348516345,
  "vix_vs_ma252": 0.003677937918109819,
  "vix_zscore_21d": 0.0008005462361325045,
  "vix_zscore_63d": 0.0014743085252121092,
  "vix_zscore_252d": 0.0037455921526998283,
  "vix_momentum_z_10d": 0.0021921627223491667,
  "vix_momentum_z_21d": 0.002378737018443644,
  "vix_accel_5d": 0.002126518706791103,
  "vix_stretch_ma21": 0.0027217824244871736,
  "vix_stretch_ma63": 0.0019374605850316583,
  "reversion_strength_21d": 0.0033713162993080914,
  "reversion_strength_63d": 0.0015584605047479273,
  "vix_bb_position_20d": 0.0013668794883415103,
  "vix_extreme_low_21d": 0.0003733897116035223,
  "vix_regime": 0.0,
  "days_in_regime": 0.01640200726687908,
  "regime_distance_to_boundary": 0.00376488387119025,
  "regime_within_regime_percentile": 0.004132426646538079,
  "regime_change_flag": 0.0,
  "time_in_regime_pct": 0.019492696831002833,
  "regime_expected_return_5d": 0.0,
  "regime_median_return_5d": 0.0,
  "regime_return_std_5d": 0.0,
  "regime_prob_up_5d": 0.0,
  "regime_vol_of_vol": 0.0,
  "regime_spike_prob": 0.004743339537526481,
  "regime_prob_stay": 0.0,
  "regime_prob_crisis": 0.0,
  "regime_prob_elevated": 0.0,
  "vix1m_vix3m_ratio": 0.005612616520375013,
  "vix_term_slope_short": 0.0018618491070810706,
  "vix_term_slope_velocity_21d": 0.00358781898394227,
  "vix_term_ratio_zscore_63d": 0.002599715779069811,
  "vix3m_vix6m_ratio": 0.0012845154036767782,
  "vix_term_slope_long": 0.0033575497101992367,
  "vix_term_curvature": 0.002987084980122745,
  "vix_term_curvature_zscore": 0.002289304556325078,
  "spx_ret_1d": 0.0014564404264092445,
  "spx_ret_5d": 0.0018308969447389245,
  "spx_ret_10d": 0.003597808722406626,
  "spx_ret_21d": 0.0033967919182032345,
  "spx_ret_63d": 0.005053922720253468,
  "spx_vs_ma20": 0.003918600291945041,
  "spx_vs_ma50": 0.00547858802601695,
  "spx_vs_ma200": 0.0035354455001652242,
  "spx_momentum_z_10d": 0.0034137228736653923,
  "spx_momentum_z_21d": 0.002140116109512746,
  "spx_realized_vol_10d": 0.002547055284958333,
  "spx_realized_vol_21d": 0.003634759597480297,
  "spx_realized_vol_63d": 0.005202822084538638,
  "spx_vol_ratio_10_21": 0.005596366990357637,
  "spx_vol_ratio_10_63": 0.009705587662756443,
  "spx_skew_21d": 0.005567758111283183,
  "spx_kurt_21d": 0.002384530706331134,
  "bb_position_20d": 0.0029081483371555805,
  "bb_width_20d": 0.005049096723087132,
  "rsi_14": 0.004437783476896584,
  "rsi_regime": 0.0,
  "rsi_divergence": 0.0029723914340138435,
  "macd": 0.0051161764655262235,
  "macd_signal": 0.005059186136350036,
  "macd_histogram": 0.0028575561940670014,
  "adx_14": 0.0038445509970188143,
  "trend_strength": 0.0021230066660791634,
  "spx_body_size": 0.004173444607295096,
  "spx_range": 0.0019430732354521751,
  "spx_range_pct": 0.0022686688229441644,
  "spx_upper_shadow": 0.0013516329578123986,
  "spx_lower_shadow": 0.002788948290981352,
  "spx_close_position": 0.0020230190828442575,
  "spx_body_to_range": 0.001752449688501656,
  "spx_gap": 0.0018015086650848388,
  "spx_gap_magnitude": 0.0014738144585862757,
  "spx_upper_rejection": 0.0021182602038607003,
  "spx_lower_rejection": 0.0026668180711567403,
  "spx_range_expansion": 0.0025367732159793377,
  "spx_vix_corr_21d": 0.00364536764100194,
  "spx_vix_corr_63d": 0.0035412540659308434,
  "spx_vix_corr_126d": 0.0050724196480587125,
  "vix_vs_rv_10d": 0.004427104908972979,
  "vix_rv_ratio_10d": 0.004907780606299639,
  "vix_vs_rv_21d": 0.004746613651514053,
  "vix_rv_ratio_21d": 0.004008919303305447,
  "SKEW": 0.0024133881321176886,
  "skew_regime": 0.0,
  "skew_vs_vix": 0.0009617531206458807,
  "skew_vix_ratio": 0.001062127761542797,
  "skew_displacement": 0.0009654451394453644,
  "pc_equity_inst_divergence": 0.0006581815425306559,
  "pcc_accel_10d": 0.001532820938155055,
  "COR1M": 0.0017846552655100822,
  "COR1M_change_21d": 0.0024881810881197453,
  "COR1M_zscore_63d": 0.0016483602114021779,
  "COR3M": 0.0008922479581087827,
  "COR3M_change_21d": 0.000930605549365282,
  "COR3M_zscore_63d": 0.002606930211186409,
  "cor_term_structure": 0.0014537330251187086,
  "cor_term_slope_change_21d": 0.0019181224517524243,
  "VXTH": 0.002921849489212036,
  "VXTH_change_21d": 0.003290383145213127,
  "VXTH_zscore_63d": 0.002444304432719946,
  "vxth_vix_ratio": 0.0005497109610587359,
  "VXTLT": 0.004121291381306946,
  "VXTLT_change_21d": 0.004110691417008638,
  "VXTLT_zscore_63d": 0.002886738535016775,
  "VXTLT_velocity_10d": 0.005538861127570271,
  "VXTLT_acceleration_5d": 0.002037993655540049,
  "bond_vol_regime": 0.0,
  "vxtlt_vix_ratio": 0.0021861672401428224,
  "vxtlt_vix_spread": 0.004736463853623718,
  "VXTLT_percentile_63d": 0.0013954883674159647,
  "VXTLT_percentile_126d": 0.004580789292231202,
  "VXTLT_percentile_252d": 0.0031314299441874026,
  "VXTLT_vs_ma21": 0.005497903749346733,
  "VXTLT_vs_ma63": 0.0019275272032245993,
  "cboe_stress_composite": 0.002360985684208572,
  "cboe_stress_regime": 0.0,
  "vx_contango_pct": 0.0003755695885047317,
  "vx_contango_5d_change": 0.0011543878354132175,
  "vx_contango_zscore": 0.005639204988256097,
  "vx1_return_5d": 5.418447544798255e-05,
  "vx2_return_5d": 0.0012093760771676898,
  "vx_curve_2_1_ratio": 0.0,
  "vx_curve_3_2_ratio": 0.0006493256194517016,
  "vx_curve_4_3_ratio": 0.001208238652907312,
  "vx_curve_steepness": 0.0004186983103863895,
  "vx_oi_front_concentration": 0.002028570603579283,
  "vx_oi_imbalance": 0.0009904701262712478,
  "vx_oi_5d_change": 0.003425898472778499,
  "vx_oi_zscore_63d": 0.001907803863286972,
  "vx_oi_surge": 0.011397694237530231,
  "vx_churn_ratio": 0.00020430055446922778,
  "vx_churn_zscore_63d": 0.0010383910499513148,
  "vx_roll_yield_annualized": 0.004816537722945213,
  "vx_roll_cost_5d": 0.0,
  "vx_roll_yield_zscore_63d": 0.004035378387197852,
  "vx_momentum_5d": 0.004602149163838476,
  "vx_momentum_zscore": 0.004609077656641603,
  "CL1-CL2": 0.002854652248788625,
  "CL1-CL2_velocity_5d": 0.001759490487165749,
  "CL1-CL2_zscore_63d": 0.004868709808215499,
  "oil_term_regime": 0.0,
  "crude_oil_ret_10d": 0.002475076983682811,
  "crude_oil_ret_21d": 0.003918103571049869,
  "crude_oil_ret_63d": 0.005094299232587219,
  "crude_oil_vol_21d": 0.0018334332911763341,
  "crude_oil_zscore_63d": 0.0026712462771683932,
  "DX1-DX2": 0.0022575725335627793,
  "DX1-DX2_velocity_5d": 0.001752700936049223,
  "DX1-DX2_zscore_63d": 0.002313580480404198,
  "dxy_ret_10d": 0.004299119720235467,
  "dxy_ret_21d": 0.004825578350573778,
  "dxy_ret_63d": 0.008680953830480575,
  "dxy_vs_ma50": 0.0036954255774617195,
  "dxy_vs_ma200": 0.007205548929050565,
  "dxy_vol_21d": 0.004775974340736866,
  "dollar_crude_corr_21d": 0.002378722815774381,
  "spx_dollar_corr_21d": 0.003119864175096154,
  "initial_claims": 0.004372484842315316,
  "claims_4wk_ma": 0.004705114988610148,
  "claims_velocity_4w": 0.00428128051571548,
  "claims_zscore_52w": 0.0025983213912695647,
  "claims_percentile_52w": 0.004669504379853607,
  "claims_regime": 0.0,
  "claims_velocity_zscore": 0.0031900848494842648,
  "fin_stress_index": 0.018335893284529448,
  "stress_velocity_4w": 0.0022943853284232317,
  "stress_zscore_52w": 0.002767891203984618,
  "stress_extreme": 0.0,
  "stress_regime": 0.0,
  "hy_spread": 0.012828909093514085,
  "hy_velocity_21d": 0.012527112290263176,
  "hy_zscore_252d": 0.005397207755595446,
  "hy_bb_spread": 0.007728922110982239,
  "hy_bb_velocity_21d": 0.00956696979701519,
  "hy_b_spread": 0.004112233826890588,
  "hy_b_velocity_21d": 0.0037388310534879564,