{
  "spx_lag1": 0.005739277601242066,
  "vix_ret_1d": 0.0021498471032828093,
  "vix_ret_5d": 0.004001553216949105,
  "vix_ret_10d": 0.0039153135061496865,
  "vix_ret_21d": 0.003487222408875823,
  "vix_vol_10d": 0.004817822529003024,
  "vix_vol_21d": 0.006175327487289906,
  "vix_vol_63d": 0.0053048677742481235,
  "vix_velocity_5d": 0.012624500412493944,
  "vix_velocity_10d": 0.004045239556580782,
  "vix_velocity_21d": 0.0048334641382098194,
  "vix_vs_ma10": 0.009942095074802638,
  "vix_vs_ma21": 0.006485529989004135,
  "vix_vs_ma63": 0.006939116958528757,
  "vix_vs_ma252": 0.005210658721625805,
  "vix_zscore_21d": 0.005330718727782369,
  "vix_zscore_63d": 0.006391121353954077,
  "vix_zscore_252d": 0.010072310734540225,
  "vix_momentum_z_10d": 0.003885064380665426,
  "vix_momentum_z_21d": 0.002940005110576749,
  "vix_accel_5d": 0.006099004577845335,
  "vix_stretch_ma21": 0.005282057169824839,
  "vix_stretch_ma63": 0.004918484110385179,
  "reversion_strength_21d": 0.0053964982274919745,
  "reversion_strength_63d": 0.007184296101331711,
  "vix_bb_position_20d": 0.006173437018878758,
  "vix_extreme_low_21d": 0.0027953080832958223,
  "vix_regime": 0.0031677741557359696,
  "days_in_regime": 0.007438646350055933,
  "regime_distance_to_boundary": 0.005946222227066755,
  "regime_within_regime_percentile": 0.004159025987610221,
  "regime_change_flag": 0.0,
  "time_in_regime_pct": 0.0043924589641392234,
  "regime_expected_return_5d": 0.0,
  "regime_median_return_5d": 0.0,
  "regime_return_std_5d": 0.0,
  "regime_prob_up_5d": 0.0,
  "regime_vol_of_vol": 0.0,
  "regime_spike_prob": 0.001907794363796711,
  "regime_prob_stay": 0.0,
  "regime_prob_crisis": 0.0,
  "regime_prob_elevated": 0.0,
  "spx_ret_1d": 0.003004192921798676,
  "spx_ret_5d": 0.007914172578603029,
  "spx_ret_10d": 0.004445353010669351,
  "spx_ret_21d": 0.0027178834716323763,
  "spx_ret_63d": 0.005006216466426849,
  "spx_vs_ma20": 0.004213881678879261,
  "spx_vs_ma50": 0.005407224269583821,
  "spx_vs_ma200": 0.005217800848186016,
  "spx_momentum_z_10d": 0.003328493610024452,
  "spx_momentum_z_21d": 0.004556011641398072,
  "spx_realized_vol_10d": 0.005651330109685659,
  "spx_realized_vol_21d": 0.00812192801386118,
  "spx_realized_vol_63d": 0.00913986749947071,
  "spx_vol_ratio_10_21": 0.004250890482217074,
  "spx_vol_ratio_10_63": 0.006146432692185044,
  "spx_skew_21d": 0.005724706454202533,
  "spx_kurt_21d": 0.0031284299679100514,
  "bb_position_20d": 0.006723607610911131,
  "bb_width_20d": 0.0038586173206567763,
  "rsi_14": 0.0075789799913764,
  "rsi_regime": 0.0,
  "rsi_divergence": 0.004254376236349344,
  "macd": 0.005663415975868702,
  "macd_signal": 0.006082126405090094,
  "macd_histogram": 0.003607369866222143,
  "adx_14": 0.005594590865075588,
  "trend_strength": 0.005965724028646946,
  "spx_body_size": 0.001859845279250294,
  "spx_range": 0.0026272127695847304,
  "spx_range_pct": 0.005879034707322717,
  "spx_upper_shadow": 0.002217263914644718,
  "spx_lower_shadow": 0.0023206918267533183,
  "spx_close_position": 0.0036851234501227735,
  "spx_body_to_range": 0.003799432283267379,
  "spx_gap": 0.002671267767436802,
  "spx_gap_magnitude": 0.00184516980079934,
  "spx_upper_rejection": 0.0028283703373745083,
  "spx_lower_rejection": 0.0016706064983736725,
  "spx_range_expansion": 0.002684615342877805,
  "spx_vix_corr_21d": 0.004913504142314196,
  "spx_vix_corr_63d": 0.005223601590842009,
  "spx_vix_corr_126d": 0.005878533609211445,
  "vix_vs_rv_10d": 0.00474589541554451,
  "vix_rv_ratio_10d": 0.005587389040738344,
  "vix_vs_rv_21d": 0.005858084745705127,
  "vix_rv_ratio_21d": 0.0058739612810313705,
  "SKEW": 0.0011019515804946423,
  "skew_regime": 0.0,
  "skew_vs_vix": 0.002021651994436979,
  "skew_vix_ratio": 0.0027253412641584872,
  "skew_displacement": 0.0,
  "pc_equity_inst_divergence": 0.0010013066697865725,
  "pcc_accel_10d": 0.0,
  "COR1M": 0.002085464168339968,
  "COR1M_change_21d": 0.0014967591036111117,
  "COR1M_zscore_63d": 0.0004820863716304302,
  "COR3M": 0.001276721665635705,
  "COR3M_change_21d": 0.0019431868568062782,
  "COR3M_zscore_63d": 0.00013231257908046244,
  "cor_term_structure": 0.0014932208228856324,
  "cor_term_slope_change_21d": 0.002437227312475443,
  "VXTH": 0.0018405836075544358,
  "VXTH_change_21d": 0.000954749621450901,
  "VXTH_zscore_63d": 0.0007901988923549652,
  "vxth_vix_ratio": 0.0016810640459880232,
  "VXTLT": 0.005616206862032414,
  "VXTLT_change_21d": 0.0034720397321507334,
  "VXTLT_zscore_63d": 0.003134446800686419,
  "VXTLT_velocity_10d": 0.004291117889806628,
  "VXTLT_acceleration_5d": 0.004293668596073985,
  "bond_vol_regime": 0.0,
  "vxtlt_vix_ratio": 0.005349917151033878,
  "vxtlt_vix_spread": 0.007634579110890627,
  "VXTLT_percentile_63d": 0.005549845844507217,
  "VXTLT_percentile_126d": 0.0030173169448971747,
  "VXTLT_percentile_252d": 0.0035756729543209077,
  "VXTLT_vs_ma21": 0.0036455600056797266,
  "VXTLT_vs_ma63": 0.005720014683902264,
  "cboe_stress_composite": 0.0009433982893824577,
  "cboe_stress_regime": 0.0,
  "VX1-VX2": 0.0038605120964348314,
  "VX1-VX2_change_21d": 0.004850046057254076,
  "VX1-VX2_zscore_63d": 0.004303528321906924,
  "VX1-VX2_percentile_63d": 0.0028508937917649745,
  "VX2-VX1_RATIO": 0.004683468304574489,
  "VX2-VX1_RATIO_velocity_10d": 0.004472531983628869,
  "vx_term_structure_regime": 0.0,
  "vx_curve_acceleration": 0.0071896187961101535,
  "vx_term_structure_divergence": 0.00366583582945168,
  "CL1-CL2": 0.005815527867525816,
  "CL1-CL2_velocity_5d": 0.0030723548959940674,
  "CL1-CL2_zscore_63d": 0.004885027464479208,
  "oil_term_regime": 0.0018277179449796676,
  "crude_oil_ret_10d": 0.00801963796839118,
  "crude_oil_ret_21d": 0.004256974626332522,
  "crude_oil_ret_63d": 0.006500350683927536,
  "crude_oil_vol_21d": 0.005495509225875139,
  "crude_oil_zscore_63d": 0.005709842778742313,
  "DX1-DX2": 0.0047661638353019955,
  "DX1-DX2_velocity_5d": 0.0030522802378982307,
  "DX1-DX2_zscore_63d": 0.004296156857162714,
  "dxy_ret_10d": 0.006998331099748611,
  "dxy_ret_21d": 0.005409964546561241,
  "dxy_ret_63d": 0.004394635045900941,
  "dxy_vs_ma50": 0.005695619340986014,
  "dxy_vs_ma200": 0.005569768510758877,
  "dxy_vol_21d": 0.0050525211729109286,
  "vx_crude_corr_21d": 0.004400769528001547,
  "vx_crude_divergence": 0.0037101426627486945,
  "vx_dollar_corr_21d": 0.004380925931036473,
  "dollar_crude_corr_21d": 0.005017961654812097,
  "spx_vx_spread_corr_21d": 0.00461258958093822,
  "spx_dollar_corr_21d": 0.004287450015544892,
  "initial_claims": 0.005357367917895317,
  "claims_4wk_ma": 0.0061336570419371125,
  "claims_velocity_4w": 0.004128724243491888,
  "claims_zscore_52w": 0.004901829455047846,
  "claims_percentile_52w": 0.0055366161745041605,
  "claims_regime": 0.0,
  "claims_velocity_zscore": 0.004755431087687612,
  "fin_stress_index": 0.006352587323635817,
  "stress_velocity_4w": 0.005148113518953323,
  "stress_zscore_52w": 0.004561208421364427,
  "stress_extreme": 0.000108722981531173,
  "stress_regime": 0.0,
  "hy_spread": 0.007488072477281093,
  "hy_velocity_21d": 0.00455779954791069,
  "hy_zscore_252d": 0.0056341346353292465,
  "hy_bb_spread": 0.004983488656580448,
  "hy_bb_velocity_21d": 0.005114475637674332,
  "hy_b_spread": 0.004730848828330636,
  "hy_b_velocity_21d": 0.0034425200428813696,
  "hy_ccc_spread": 0.006706437468528748,
  "hy_ccc_velocity_21d": 0.005897172633558512,
  "credit_quality_spread": 0.003547297231853008,
  "credit_widening_regime": 0.0019101682119071484,
  "ig_hy_spread": 0.0035372110083699226,
  "credit_stress_composite": 0.005434363055974245,
  "sofr": 0.000991697609424591,
  "sofr_ff_spread": 0.0,
  "funding_stress": 0.0,
  "funding_stress_zscore": 0.0007671854458749294,
  "funding_stress_regime": 0.0,
  "sofr_velocity_5d": 0.00038438043557107446,
  "yield_10y2y": 0.0,
  "yield_10y2y_zscore": 0.0,
  "yield_10y3m": 0.005679629044607282,
  "yield_2y3m": 0.0,
  "yield_5y2y": 0.0,
  "yield_30y10y": 0.0062398710288107395,
  "yield_10y2y_velocity_10d": 0.0,