{
  "spx_lag1": 0.004584748018532992,
  "vix_ret_1d": 0.001299666741397232,
  "vix_ret_5d": 0.007447405718266964,
  "vix_ret_10d": 0.0028054758440703154,
  "vix_ret_21d": 0.002331051416695118,
  "vix_vol_10d": 0.006864868849515915,
  "vix_vol_21d": 0.005154253914952278,
  "vix_vol_63d": 0.006239623110741377,
  "vix_velocity_5d": 0.009736660216003657,
  "vix_velocity_10d": 0.004899847134947777,
  "vix_velocity_21d": 0.00580597803927958,
  "vix_vs_ma10": 0.011810623668134212,
  "vix_vs_ma21": 0.0035825553350150585,
  "vix_vs_ma63": 0.007944000978022813,
  "vix_vs_ma252": 0.006073167826980352,
  "vix_zscore_21d": 0.00660602068528533,
  "vix_zscore_63d": 0.006327756680548191,
  "vix_zscore_252d": 0.010436337254941464,
  "vix_momentum_z_10d": 0.003990133805200457,
  "vix_momentum_z_21d": 0.0021282152738422155,
  "vix_accel_5d": 0.00684297988191247,
  "vix_stretch_ma21": 0.0033568677492439745,
  "vix_stretch_ma63": 0.004556724615395069,
  "reversion_strength_21d": 0.0018305017496459187,
  "reversion_strength_63d": 0.007451475784182549,
  "vix_bb_position_20d": 0.007162370812147855,
  "vix_extreme_low_21d": 0.0005192868877202273,
  "vix_regime": 0.005198974162340164,
  "days_in_regime": 0.007194608449935913,
  "regime_distance_to_boundary": 0.005038525070995092,
  "regime_within_regime_percentile": 0.004580946918576956,
  "regime_change_flag": 0.0,
  "time_in_regime_pct": 0.007842503394931555,
  "regime_expected_return_5d": 0.005119181796908378,
  "regime_median_return_5d": 0.0,
  "regime_return_std_5d": 0.0,
  "regime_prob_up_5d": 0.0,
  "regime_vol_of_vol": 0.0,
  "regime_spike_prob": 0.0016645375639200211,
  "regime_prob_stay": 0.0,
  "regime_prob_crisis": 0.0,
  "regime_prob_elevated": 0.0,
  "spx_ret_1d": 0.0025602236622944475,
  "spx_ret_5d": 0.009011814650148154,
  "spx_ret_10d": 0.0058511070441454646,
  "spx_ret_21d": 0.0016675539780408144,
  "spx_ret_63d": 0.006056914199143648,
  "spx_vs_ma20": 0.005043658195063472,
  "spx_vs_ma50": 0.007610327005386353,
  "spx_vs_ma200": 0.005071496032178402,
  "spx_momentum_z_10d": 0.004326942516490817,
  "spx_momentum_z_21d": 0.003189989784732461,
  "spx_realized_vol_10d": 0.007359873317182064,
  "spx_realized_vol_21d": 0.006186076998710632,
  "spx_realized_vol_63d": 0.0081213372759521,
  "spx_vol_ratio_10_21": 0.0052815528586506845,
  "spx_vol_ratio_10_63": 0.005554777849465608,
  "spx_skew_21d": 0.0053273321129381655,
  "spx_kurt_21d": 0.0033851183950901033,
  "bb_position_20d": 0.007985973078757525,
  "bb_width_20d": 0.004963716771453619,
  "rsi_14": 0.009599828720092773,
  "rsi_regime": 0.0032852668315172195,
  "rsi_divergence": 0.0033407184295356275,
  "macd": 0.005865654814988375,
  "macd_signal": 0.007205141335725784,
  "macd_histogram": 0.0026191886514425277,
  "adx_14": 0.005787724442780018,
  "trend_strength": 0.006910046469420195,
  "spx_body_size": 0.0018509606830775737,
  "spx_range": 0.0013937492854893207,
  "spx_range_pct": 0.004628024809062481,
  "spx_upper_shadow": 0.0018894620239734649,
  "spx_lower_shadow": 0.0011185104493051767,
  "spx_close_position": 0.004053743463009596,
  "spx_body_to_range": 0.0018077276181429625,
  "spx_gap": 0.0004616980440914631,
  "spx_gap_magnitude": 0.0028758111875504255,
  "spx_upper_rejection": 0.0007981056929565966,
  "spx_lower_rejection": 0.001249741343781352,
  "spx_range_expansion": 0.001979620382189751,
  "spx_vix_corr_21d": 0.005101699149236083,
  "spx_vix_corr_63d": 0.005726216826587915,
  "spx_vix_corr_126d": 0.004815003555268049,
  "vix_vs_rv_10d": 0.007902156142517925,
  "vix_rv_ratio_10d": 0.00734815550968051,
  "vix_vs_rv_21d": 0.005528648104518652,
  "vix_rv_ratio_21d": 0.005738287977874279,
  "SKEW": 0.0,
  "skew_regime": 0.0,
  "skew_vs_vix": 0.0012119312770664692,
  "skew_vix_ratio": 0.002130488492548466,
  "skew_displacement": 0.0,
  "pc_equity_inst_divergence": 0.0,
  "pcc_accel_10d": 0.0,
  "COR1M": 0.0021671471185982227,
  "COR1M_change_21d": 0.0006308977957814932,
  "COR1M_zscore_63d": 0.000691817095503211,
  "COR3M": 0.0013588009402155875,
  "COR3M_change_21d": 0.0010530775412917136,
  "COR3M_zscore_63d": 0.0,
  "cor_term_structure": 0.0007748068775981665,
  "cor_term_slope_change_21d": 0.002407670300453901,
  "VXTH": 0.0010942662134766578,
  "VXTH_change_21d": 0.0015029426664113998,
  "VXTH_zscore_63d": 0.0010636527091264724,
  "vxth_vix_ratio": 0.0,
  "VXTLT": 0.006567343603819609,
  "VXTLT_change_21d": 0.004398233350366354,
  "VXTLT_zscore_63d": 0.0033787353429943325,
  "VXTLT_velocity_10d": 0.005536803975701332,
  "VXTLT_acceleration_5d": 0.005037051625549793,
  "bond_vol_regime": 0.0,
  "vxtlt_vix_ratio": 0.007300741504877806,
  "vxtlt_vix_spread": 0.0072671010624617335,
  "VXTLT_percentile_63d": 0.007242723926901817,
  "VXTLT_percentile_126d": 0.004775259038433432,
  "VXTLT_percentile_252d": 0.0046208127401769165,
  "VXTLT_vs_ma21": 0.003914341889321804,
  "VXTLT_vs_ma63": 0.005717047024518251,
  "cboe_stress_composite": 0.0026025847066193817,
  "cboe_stress_regime": 0.0,
  "vx_front_spread": 0.0009597077034413815,
  "vx_contango_intensity": 0.0,
  "vx_spread_5d_change": 0.0,
  "vx_spread_zscore_63d": 0.001137983612716198,
  "vx_curve_slope": 0.0008746140636503696,
  "vx_curve_concavity": 0.0,
  "vx_curve_steepness_ratio": 0.0012956757098436355,
  "vx_oi_front_concentration": 0.0007469866424798966,
  "vx_oi_imbalance": 0.0006774896290153265,
  "vx_oi_5d_change": 0.0015512969344854354,
  "vx_oi_zscore_63d": 0.002429353166371584,
  "vx_oi_surge": 0.00143934718798846,
  "vx_churn_ratio": 0.002832360565662384,
  "vx_churn_zscore_63d": 0.003226197510957718,
  "vx_roll_yield_annualized": 0.0,
  "vx_roll_cost_5d": 0.0,
  "vx_roll_yield_zscore_63d": 0.0,
  "vx_steep_contango_flag": 0.0,
  "vx_backwardation_flag": 0.0,
  "vx_extreme_backwardation_flag": 0.0,
  "vx_regime_shift_velocity": 0.0011457105167210103,
  "vx_momentum_5d": 0.0,
  "vx_momentum_zscore": 0.0009155026637017727,
  "CL1-CL2": 0.005690116994082927,
  "CL1-CL2_velocity_5d": 0.004697815771214664,
  "CL1-CL2_zscore_63d": 0.005678207101300359,
  "oil_term_regime": 0.0,
  "crude_oil_ret_10d": 0.009366276301443576,
  "crude_oil_ret_21d": 0.004807504452764988,
  "crude_oil_ret_63d": 0.007154586724936962,
  "crude_oil_vol_21d": 0.00665530925616622,
  "crude_oil_zscore_63d": 0.005993701051920652,
  "DX1-DX2": 0.003985164756886661,
  "DX1-DX2_velocity_5d": 0.004659309983253479,
  "DX1-DX2_zscore_63d": 0.004776651505380869,
  "dxy_ret_10d": 0.007318251021206379,
  "dxy_ret_21d": 0.006181482970714569,
  "dxy_ret_63d": 0.005978226754814386,
  "dxy_vs_ma50": 0.00616722609847784,
  "dxy_vs_ma200": 0.005536477267742157,
  "dxy_vol_21d": 0.005148607771843672,
  "dollar_crude_corr_21d": 0.005076050804927945,
  "spx_dollar_corr_21d": 0.005229848995804786,
  "initial_claims": 0.006411688541993499,
  "claims_4wk_ma": 0.006854545138776302,
  "claims_velocity_4w": 0.005543483980000019,
  "claims_zscore_52w": 0.004358300007879734,
  "claims_percentile_52w": 0.006954423803836107,
  "claims_regime": 0.0016312532126903534,
  "claims_velocity_zscore": 0.005057167820632457,
  "fin_stress_index": 0.004157357104122639,
  "stress_velocity_4w": 0.0032418000046163797,
  "stress_zscore_52w": 0.00510588688775897,
  "stress_extreme": 0.0,
  "stress_regime": 0.0,
  "hy_spread": 0.004774893540889025,
  "hy_velocity_21d": 0.0027948446106165646,
  "hy_zscore_252d": 0.006965669710189104,
  "hy_bb_spread": 0.005848926119506359,
  "hy_bb_velocity_21d": 0.005108879506587982,
  "hy_b_spread": 0.004747056029736995,
  "hy_b_velocity_21d": 0.005580188427120447,
  "hy_ccc_spread": 0.004161026608198881,
  "hy_ccc_velocity_21d": 0.002857611561194062,
  "credit_quality_spread": 0.0075440057553350925,
  "credit_widening_regime": 0.001221822202205658,
  "ig_hy_spread": 0.002338345628231764,
  "credit_stress_composite": 0.006075924029573798,
  "sofr": 0.0,
  "sofr_ff_spread": 0.0,
  "funding_stress": 0.0,
  "funding_stress_zscore": 0.0009585917927324772,
  "funding_stress_regime": 0.0,
  "sofr_velocity_5d": 0.0,