{
  "spx_lag1": 0.0020407887641340494,
  "vix_ret_1d": 0.0024482594337314366,
  "vix_ret_5d": 0.0022001957055181264,
  "vix_ret_10d": 0.0031589554622769357,
  "vix_ret_21d": 0.0030611978378146886,
  "vix_vol_10d": 0.004876350099220872,
  "vix_vol_21d": 0.005582692101597786,
  "vix_vol_63d": 0.005579945258796215,
  "vix_velocity_5d": 0.0024048649705946446,
  "vix_velocity_10d": 0.003681263653561473,
  "vix_velocity_21d": 0.0037801678292453287,
  "vix_vs_ma10": 0.007800585310906172,
  "vix_vs_ma21": 0.003562644589692354,
  "vix_vs_ma63": 0.005604833411052823,
  "vix_vs_ma252": 0.0030062567442655564,
  "vix_zscore_21d": 0.0030528679490089417,
  "vix_zscore_63d": 0.004618883272632957,
  "vix_zscore_252d": 0.008527481276541949,
  "vix_momentum_z_10d": 0.002358226478099823,
  "vix_momentum_z_21d": 0.0033655579667538405,
  "vix_accel_5d": 0.00428119795396924,
  "vix_stretch_ma21": 0.0036613126285374165,
  "vix_stretch_ma63": 0.003872009227052331,
  "reversion_strength_21d": 0.0031369000673294066,
  "reversion_strength_63d": 0.006171716144308448,
  "vix_bb_position_20d": 0.003833918832242489,
  "vix_extreme_low_21d": 0.00020398113410919906,
  "vix_regime": 0.0006997950840741396,
  "days_in_regime": 0.003329385071992874,
  "regime_distance_to_boundary": 0.0034140083938837052,
  "regime_within_regime_percentile": 0.0030461922753602265,
  "regime_change_flag": 0.0,
  "time_in_regime_pct": 0.004501939658075571,
  "regime_expected_return_5d": 0.0,
  "regime_median_return_5d": 0.0,
  "regime_return_std_5d": 0.0,
  "regime_prob_up_5d": 0.0,
  "regime_vol_of_vol": 0.0,
  "regime_spike_prob": 0.0009848764166235924,
  "regime_prob_stay": 0.0,
  "regime_prob_crisis": 0.0,
  "regime_prob_elevated": 0.0,
  "vix1m_vix3m_ratio": 0.00651727020740509,
  "vix_term_slope_short": 0.0037115985993295907,
  "vix_term_slope_velocity_21d": 0.002992543438449502,
  "vix_term_ratio_zscore_63d": 0.005519580561667681,
  "vix3m_vix6m_ratio": 0.0024331863503903152,
  "vix_term_slope_long": 0.0008703275118023158,
  "vix_term_curvature": 0.0023808364756405355,
  "vix_term_curvature_zscore": 0.001842375285923481,
  "spx_ret_1d": 0.0035267262253910305,
  "spx_ret_5d": 0.0037016261834651233,
  "spx_ret_10d": 0.003216940816491842,
  "spx_ret_21d": 0.004222590726567432,
  "spx_ret_63d": 0.004893940081819892,
  "spx_vs_ma20": 0.003724434762261808,
  "spx_vs_ma50": 0.004062237683683634,
  "spx_vs_ma200": 0.004549460532143712,
  "spx_momentum_z_10d": 0.0029399728402495382,
  "spx_momentum_z_21d": 0.003922791499644518,
  "spx_realized_vol_10d": 0.00428270036354661,
  "spx_realized_vol_21d": 0.00600908431224525,
  "spx_realized_vol_63d": 0.004413314675912261,
  "spx_vol_ratio_10_21": 0.003757244534790516,
  "spx_vol_ratio_10_63": 0.004212044831365347,
  "spx_skew_21d": 0.004725618194788695,
  "spx_kurt_21d": 0.0028386743972077964,
  "bb_position_20d": 0.0035035036504268645,
  "bb_width_20d": 0.004153785901144147,
  "rsi_14": 0.006403258629143238,
  "rsi_regime": 0.0,
  "rsi_divergence": 0.0024138308595865964,
  "macd": 0.004005463095381856,
  "macd_signal": 0.004137359978631139,
  "macd_histogram": 0.0035218239761888983,
  "adx_14": 0.004112687893211842,
  "trend_strength": 0.003402605908922851,
  "spx_body_size": 0.0014147446025162935,
  "spx_range": 0.0031283088959753514,
  "spx_range_pct": 0.0037301371106877924,
  "spx_upper_shadow": 0.0019977617426775395,
  "spx_lower_shadow": 0.002251664036884904,
  "spx_close_position": 0.0031459231860935686,
  "spx_body_to_range": 0.0027758085867390036,
  "spx_gap": 0.002309892023913562,
  "spx_gap_magnitude": 0.0026033828034996986,
  "spx_upper_rejection": 0.002112796879373491,
  "spx_lower_rejection": 0.001428190378646832,
  "spx_range_expansion": 0.0034150952473282815,
  "spx_vix_corr_21d": 0.004006131365895271,
  "spx_vix_corr_63d": 0.00331499008461833,
  "spx_vix_corr_126d": 0.0037246754858642817,
  "vix_vs_rv_10d": 0.004038778273388744,
  "vix_rv_ratio_10d": 0.004037196468561888,
  "vix_vs_rv_21d": 0.0032515744445845486,
  "vix_rv_ratio_21d": 0.00433521056547761,
  "SKEW": 0.0,
  "skew_regime": 0.0,
  "skew_vs_vix": 0.0007701715687289834,
  "skew_vix_ratio": 0.0,
  "skew_displacement": 0.0010875084903091193,
  "pc_equity_inst_divergence": 0.0008375755744054914,
  "pcc_accel_10d": 0.0,
  "COR1M": 0.0010902417823672294,
  "COR1M_change_21d": 0.0010799138341099023,
  "COR1M_zscore_63d": 0.0012894549872726202,
  "COR3M": 0.00208844430744648,
  "COR3M_change_21d": 0.0017294376157224178,
  "COR3M_zscore_63d": 0.0006867758929729462,
  "cor_term_structure": 0.0012807678431272507,
  "cor_term_slope_change_21d": 0.0015998848713934422,
  "VXTH": 0.001668087113648653,
  "VXTH_change_21d": 0.0014754910953342915,
  "VXTH_zscore_63d": 0.000146796484477818,
  "vxth_vix_ratio": 0.0006090766284614802,
  "VXTLT": 0.0034533095080405475,
  "VXTLT_change_21d": 0.003908361773937941,
  "VXTLT_zscore_63d": 0.003281619306653738,
  "VXTLT_velocity_10d": 0.004099134495481849,
  "VXTLT_acceleration_5d": 0.0031104894820600747,
  "bond_vol_regime": 0.0,
  "vxtlt_vix_ratio": 0.00578802740201354,
  "vxtlt_vix_spread": 0.007080810237675905,
  "VXTLT_percentile_63d": 0.0036875947378575804,
  "VXTLT_percentile_126d": 0.0038115201983600854,
  "VXTLT_percentile_252d": 0.0015623321291059256,
  "VXTLT_vs_ma21": 0.005626070615835488,
  "VXTLT_vs_ma63": 0.002919953619129956,
  "cboe_stress_composite": 0.0022816204174887387,
  "cboe_stress_regime": 0.0,
  "vx_contango_pct": 0.001191601250320673,
  "vx_contango_5d_change": 0.001456292113289237,
  "vx_contango_zscore": 0.000301061593927443,
  "vx1_return_5d": 0.0007741309702396393,
  "vx2_return_5d": 0.0005868131294846535,
  "vx_curve_2_1_ratio": 0.0,
  "vx_curve_3_2_ratio": 0.001868020312394947,
  "vx_curve_4_3_ratio": 0.0018478372134268285,
  "vx_curve_steepness": 0.001821283670142293,
  "vx_oi_front_concentration": 0.0023938809521496297,
  "vx_oi_imbalance": 0.000995361339300871,
  "vx_oi_5d_change": 0.001116183353587985,
  "vx_oi_zscore_63d": 0.0022451317869126796,
  "vx_oi_surge": 0.0019743268843740226,
  "vx_churn_ratio": 0.0037818667478859425,
  "vx_churn_zscore_63d": 0.000893908180296421,
  "vx_roll_yield_annualized": 0.001122875651344657,
  "vx_roll_cost_5d": 0.000714501366019249,
  "vx_roll_yield_zscore_63d": 0.0013439083471894265,
  "vx_momentum_5d": 0.0,
  "vx_momentum_zscore": 0.0,
  "CL1-CL2": 0.0036361672449856997,
  "CL1-CL2_velocity_5d": 0.0027379209641367197,
  "CL1-CL2_zscore_63d": 0.004557698592543602,
  "oil_term_regime": 0.0,
  "crude_oil_ret_10d": 0.006795189063996077,
  "crude_oil_ret_21d": 0.00388828762806952,
  "crude_oil_ret_63d": 0.005356311658397317,
  "crude_oil_vol_21d": 0.0039696207270026205,
  "crude_oil_zscore_63d": 0.004522757045924664,
  "DX1-DX2": 0.002329712826758623,
  "DX1-DX2_velocity_5d": 0.0030072450172156096,
  "DX1-DX2_zscore_63d": 0.002727844286710024,
  "dxy_ret_10d": 0.005204932065680623,
  "dxy_ret_21d": 0.0045218241866678,
  "dxy_ret_63d": 0.0047226384282112125,
  "dxy_vs_ma50": 0.004817795939743519,
  "dxy_vs_ma200": 0.003323498647660017,
  "dxy_vol_21d": 0.003079189546406269,
  "dollar_crude_corr_21d": 0.0034894620534032584,
  "spx_dollar_corr_21d": 0.0034380221273750066,
  "initial_claims": 0.004009888600558042,
  "claims_4wk_ma": 0.004604409588500858,
  "claims_velocity_4w": 0.0037099589128047226,
  "claims_zscore_52w": 0.004213497415184975,
  "claims_percentile_52w": 0.003317053895443678,
  "claims_regime": 0.0,
  "claims_velocity_zscore": 0.0035567708779126405,
  "fin_stress_index": 0.0025162096600979565,
  "stress_velocity_4w": 0.0031970004551112653,
  "stress_zscore_52w": 0.004592977277934551,
  "stress_extreme": 0.0004831681028008461,
  "stress_regime": 0.0,
  "hy_spread": 0.004876014031469822,
  "hy_velocity_21d": 0.00465056519024074,
  "hy_zscore_252d": 0.004975054133683443,
  "hy_bb_spread": 0.003999234456568956,
  "hy_bb_velocity_21d": 0.004078388353809715,
  "hy_b_spread": 0.004997323220595718,
  "hy_b_velocity_21d": 0.0038476547226309775,
  "hy_ccc_spread": 0.0038566474337130784,