{
  "spx_lag1": 0.0021003829703355827,
  "vix_ret_1d": 0.0007687178440392017,
  "vix_ret_5d": 0.001533927609367917,
  "vix_ret_10d": 0.0011310168774798512,
  "vix_ret_21d": 0.001388371883270641,
  "vix_vol_10d": 0.002865708627117177,
  "vix_vol_21d": 0.0044157834102710085,
  "vix_vol_63d": 0.0038346940806756416,
  "vix_velocity_5d": 0.008597252269585928,
  "vix_velocity_10d": 0.004099458688870072,
  "vix_velocity_21d": 0.004415835331504543,
  "vix_vs_ma10": 0.01286222537358602,
  "vix_vs_ma21": 0.003951258026063442,
  "vix_vs_ma63": 0.005501167771096031,
  "vix_vs_ma252": 0.0055922050184259815,
  "vix_zscore_21d": 0.0025212915303806462,
  "vix_zscore_63d": 0.005941008993734916,
  "vix_zscore_252d": 0.007662267113725345,
  "vix_momentum_z_10d": 0.004473920290668805,
  "vix_momentum_z_21d": 0.0033739672508090734,
  "vix_accel_5d": 0.003006900039811929,
  "vix_stretch_ma21": 0.003349225347240766,
  "vix_stretch_ma63": 0.0029198835448672376,
  "reversion_strength_21d": 0.004748137745385368,
  "reversion_strength_63d": 0.005837934169297417,
  "vix_bb_position_20d": 0.0031485744596769414,
  "vix_extreme_low_21d": 4.942515321696798e-05,
  "vix_regime": 0.0025476142812597877,
  "days_in_regime": 0.007475707369546096,
  "spx_ret_1d": 0.002355857752263546,
  "spx_ret_5d": 0.00795659547050794,
  "spx_ret_10d": 0.002665182730803887,
  "spx_ret_21d": 0.003665622789412737,
  "spx_ret_63d": 0.004822960744301478,
  "spx_vs_ma20": 0.008123483431215087,
  "spx_vs_ma50": 0.004845887112120788,
  "spx_vs_ma200": 0.007035896026839812,
  "spx_momentum_z_10d": 0.0025156730165084205,
  "spx_momentum_z_21d": 0.003686474170535803,
  "spx_realized_vol_10d": 0.00581437620955209,
  "spx_realized_vol_21d": 0.0050788385172684984,
  "spx_realized_vol_63d": 0.006506900768727064,
  "spx_vol_ratio_10_21": 0.004111923510208726,
  "spx_vol_ratio_10_63": 0.008789757111420235,
  "spx_skew_21d": 0.00552090040097634,
  "spx_kurt_21d": 0.003043509709338347,
  "bb_position_20d": 0.0035543497651815414,
  "bb_width_20d": 0.004746563344572981,
  "rsi_14": 0.0033652629548062882,
  "rsi_regime": 0.0,
  "rsi_divergence": 0.002755172550678253,
  "macd": 0.003654718010996779,
  "macd_signal": 0.005742056295275688,
  "macd_histogram": 0.0034429513228436313,
  "adx_14": 0.00646369190265735,
  "trend_strength": 0.006331379525363445,
  "spx_body_size": 0.001453228488874932,
  "spx_range": 0.001735456792327265,
  "spx_range_pct": 0.0012294712554042537,
  "spx_upper_shadow": 0.0023910181674485407,
  "spx_lower_shadow": 0.00178369483910501,
  "spx_close_position": 0.003495166621481379,
  "spx_body_to_range": 0.0023259160419305167,
  "spx_gap": 0.0014694632263854146,
  "spx_gap_magnitude": 0.0021241517194236317,
  "spx_upper_rejection": 0.001106040474648277,
  "spx_lower_rejection": 0.0013857053903241952,
  "spx_range_expansion": 0.0028520808555185795,
  "spx_vix_corr_21d": 0.005016127368435264,
  "spx_vix_corr_63d": 0.008066810667514801,
  "spx_vix_corr_126d": 0.006463137300064166,
  "vix_vs_rv_10d": 0.007268537301570177,
  "vix_rv_ratio_10d": 0.009890490211546421,
  "vix_vs_rv_21d": 0.007009898312389851,
  "vix_rv_ratio_21d": 0.005410263314843178,
  "SKEW": 0.0025052951726441583,
  "skew_regime": 0.0,
  "skew_vs_vix": 0.002950211831678947,
  "skew_vix_ratio": 0.010607047627369562,
  "skew_displacement": 0.001977622766086521,
  "pc_equity_inst_divergence": 0.0019014133140444756,
  "pcc_accel_10d": 0.001638359623029828,
  "COR1M": 0.009560937993228436,
  "COR1M_change_21d": 0.0014378223568201065,
  "COR1M_zscore_63d": 0.0007838450061778227,
  "COR3M": 0.0021061617881059647,
  "COR3M_change_21d": 0.0021427630757292113,
  "COR3M_zscore_63d": 0.0006855153478682041,
  "cor_term_structure": 0.005922617623582482,
  "cor_term_slope_change_21d": 0.0017714166703323524,
  "VXTH": 0.004456729007263978,
  "VXTH_change_21d": 0.0089880235803624,
  "VXTH_zscore_63d": 0.002002386221041282,
  "vxth_vix_ratio": 0.01073353768636783,
  "VXTLT": 0.009499847578505674,
  "VXTLT_change_21d": 0.004137434686223666,
  "VXTLT_zscore_63d": 0.004738741243879001,
  "VXTLT_velocity_10d": 0.006387566449120641,
  "VXTLT_acceleration_5d": 0.0030637859211613736,
  "bond_vol_regime": 0.0004612131742760539,
  "vxtlt_vix_ratio": 0.003668275661766529,
  "vxtlt_vix_spread": 0.007322555563102166,
  "VXTLT_percentile_63d": 0.003588750803222259,
  "VXTLT_percentile_126d": 0.00690995001544555,
  "VXTLT_percentile_252d": 0.00932871550321579,
  "VXTLT_vs_ma21": 0.0076238907252748804,
  "VXTLT_vs_ma63": 0.005160008401920398,
  "cboe_stress_composite": 0.015608102548867464,
  "cboe_stress_regime": 0.0004891049660121402,
  "VX1-VX2": 0.003904416303460797,
  "VX1-VX2_change_21d": 0.0033160635891060033,
  "VX1-VX2_zscore_63d": 0.004604636070628961,
  "VX1-VX2_percentile_63d": 0.003938940353691578,
  "VX2-VX1_RATIO": 0.002533333608880639,
  "VX2-VX1_RATIO_velocity_10d": 0.0030176873163630566,
  "vx_term_structure_regime": 0.0,
  "vx_curve_acceleration": 0.0052346896069745226,
  "vx_term_structure_divergence": 0.00331087790740033,
  "CL1-CL2": 0.007483734594037135,
  "CL1-CL2_velocity_5d": 0.0024046621207768717,
  "CL1-CL2_zscore_63d": 0.003436290736620625,
  "oil_term_regime": 0.008439301590745648,
  "crude_oil_ret_10d": 0.005852454497168462,
  "crude_oil_ret_21d": 0.003423975237334768,
  "crude_oil_ret_63d": 0.007962127837042013,
  "crude_oil_vol_21d": 0.0071758815708259744,
  "crude_oil_zscore_63d": 0.005523927975445986,
  "DX1-DX2": 0.002087979926727712,
  "DX1-DX2_velocity_5d": 0.002646425971761346,
  "DX1-DX2_zscore_63d": 0.004215153865516186,
  "dxy_ret_10d": 0.007807710984100898,
  "dxy_ret_21d": 0.004018219265465935,
  "dxy_ret_63d": 0.005444784959157308,
  "dxy_vs_ma50": 0.007984904727588097,
  "dxy_vs_ma200": 0.005604847334325314,
  "dxy_vol_21d": 0.006833042794217666,
  "vx_crude_corr_21d": 0.0056326971389353275,
  "vx_crude_divergence": 0.0026387568408002457,
  "vx_dollar_corr_21d": 0.006463744056721528,
  "dollar_crude_corr_21d": 0.004446475611378749,
  "spx_vx_spread_corr_21d": 0.005323984970649083,
  "spx_dollar_corr_21d": 0.00536159457017978,
  "yield_10y2y": 0.0,
  "yield_10y2y_zscore": 0.0,
  "yield_10y3m": 0.004278469753141205,
  "yield_2y3m": 0.0,
  "yield_5y2y": 0.0,
  "yield_30y10y": 0.006123381356398265,
  "yield_10y2y_velocity_10d": 0.0,
  "yield_10y2y_velocity_21d": 0.0,
  "yield_10y2y_velocity_63d": 0.0,
  "yield_10y2y_acceleration": 0.0,
  "yield_10y2y_vs_ma63": 0.0,
  "yield_10y2y_percentile_252d": 0.0,
  "yield_10y3m_velocity_10d": 0.004462432969982426,
  "yield_10y3m_velocity_21d": 0.003986318285266559,
  "yield_10y3m_velocity_63d": 0.007906043902039528,
  "yield_10y3m_acceleration": 0.0038697111885994673,
  "yield_10y3m_vs_ma63": 0.004419573039437334,
  "yield_10y3m_percentile_252d": 0.0044229434958348674,
  "yield_2y3m_velocity_10d": 0.0,
  "yield_2y3m_velocity_21d": 0.0,
  "yield_2y3m_velocity_63d": 0.0,
  "yield_2y3m_acceleration": 0.0,
  "yield_2y3m_vs_ma63": 0.0,
  "yield_2y3m_percentile_252d": 0.0,
  "yield_10y2y_inversion_depth": 0.0,
  "yield_10y3m_inversion_depth": 0.004413780310035993,
  "yield_curve_level": 0.0046903700567781925,
  "yield_curve_level_zscore": 0.008581661619246006,
  "yield_curve_curvature": 0.0,
  "yield_curve_curvature_zscore": 0.0,
  "10y_vol_63d": 0.004863103618845344,
  "30y_vol_63d": 0.005211851093918085,
  "yield_curve_vol_avg": 0.006248152892415722,
  "yield_curve_vol_dispersion": 0.004863014677539468,
  "vvix": 0.009859279729425907,
  "vvix_ret_5d": 0.004463501429806153,
  "vvix_ret_10d": 0.002587918114537994,
  "vvix_ret_21d": 0.004943610479434331,
  "vvix_velocity_10d": 0.008657652729501327,
  "vvix_velocity_21d": 0.004922379118700822,
  "vvix_vs_ma21": 0.003555532079190016,
  "vvix_vs_ma63": 0.0030264059702555337,
  "vvix_zscore_21d": 0.006880625616759062,
  "vvix_zscore_63d": 0.008111744187772274,
  "vvix_vix_ratio": 0.005997008411213756,
  "vvix_vix_spread": 0.012366913569470247,
  "vvix_percentile_21d": 0.002132890745997429,
  "vvix_percentile_63d": 0.0024752767834191522,