{
  "spx_lag1": 0.004218119732104242,
  "vix_ret_1d": 0.0025210454594343902,
  "vix_ret_5d": 0.003934820368885994,
  "vix_ret_10d": 0.0033113140147179366,
  "vix_ret_21d": 0.0038784595672041178,
  "vix_vol_10d": 0.006018854212015867,
  "vix_vol_21d": 0.00402166428975761,
  "vix_vol_63d": 0.004695484787225724,
  "vix_velocity_5d": 0.007118294574320316,
  "vix_velocity_10d": 0.003107631765305996,
  "vix_velocity_21d": 0.004462526296265423,
  "vix_vs_ma10": 0.004468873795121908,
  "vix_vs_ma21": 0.004393001366406679,
  "vix_vs_ma63": 0.0056088744197040795,
  "vix_vs_ma252": 0.0064460521563887594,
  "vix_zscore_21d": 0.006265747174620628,
  "vix_zscore_63d": 0.0037458015605807303,
  "vix_zscore_252d": 0.005079094762913882,
  "vix_momentum_z_10d": 0.002074675657786429,
  "vix_momentum_z_21d": 0.005031972331926227,
  "vix_accel_5d": 0.004716606624424457,
  "vix_stretch_ma21": 0.0035097386222332715,
  "vix_stretch_ma63": 0.005034333514049649,
  "reversion_strength_21d": 0.0026424615643918514,
  "reversion_strength_63d": 0.004368597408756614,
  "vix_bb_position_20d": 0.009176313411444426,
  "vix_extreme_low_21d": 0.0,
  "vix_regime": 0.0,
  "days_in_regime": 0.00752593195065856,
  "regime_distance_to_boundary": 0.0045885412022471424,
  "regime_within_regime_percentile": 0.003797348774969578,
  "regime_change_flag": 0.0,
  "time_in_regime_pct": 0.005398845998570323,
  "regime_expected_return_5d": 0.0,
  "regime_median_return_5d": 0.0,
  "regime_return_std_5d": 0.0,
  "regime_prob_up_5d": 0.0,
  "regime_vol_of_vol": 0.0,
  "regime_spike_prob": 0.0002119014214258641,
  "regime_prob_stay": 0.0,
  "regime_prob_crisis": 0.0,
  "regime_prob_elevated": 0.0,
  "vix1m_vix3m_ratio": 0.008486082358285785,
  "vix_term_slope_short": 0.004794530221261084,
  "vix_term_slope_velocity_21d": 0.003482834529131651,
  "vix_term_ratio_zscore_63d": 0.007600908447057009,
  "vix3m_vix6m_ratio": 0.004685425478965044,
  "vix_term_slope_long": 0.0029519569827243684,
  "vix_term_curvature": 0.004388616653159261,
  "vix_term_curvature_zscore": 0.004229602823033929,
  "spx_ret_1d": 0.0018513996590627357,
  "spx_ret_5d": 0.0039604511577636,
  "spx_ret_10d": 0.003313292539678514,
  "spx_ret_21d": 0.005850442964583635,
  "spx_ret_63d": 0.004266654513776303,
  "spx_vs_ma20": 0.004750843858346343,
  "spx_vs_ma50": 0.005261072935536504,
  "spx_vs_ma200": 0.004102056426927447,
  "spx_momentum_z_10d": 0.003197763115167618,
  "spx_momentum_z_21d": 0.005098822759464383,
  "spx_realized_vol_10d": 0.00460618946235627,
  "spx_realized_vol_21d": 0.006195435952395201,
  "spx_realized_vol_63d": 0.004683959996327758,
  "spx_vol_ratio_10_21": 0.003960119746625424,
  "spx_vol_ratio_10_63": 0.0035511400084942578,
  "spx_skew_21d": 0.003762516286224127,
  "spx_kurt_21d": 0.004402758367359638,
  "bb_position_20d": 0.0024757372215390206,
  "bb_width_20d": 0.004023128654807806,
  "rsi_14": 0.006859693396836519,
  "rsi_regime": 0.0,
  "rsi_divergence": 0.003522271546535194,
  "macd": 0.004688374511897564,
  "macd_signal": 0.006348031479865313,
  "macd_histogram": 0.003971431823447347,
  "adx_14": 0.0038380267098546026,
  "trend_strength": 0.003326308145187795,
  "spx_body_size": 0.0028693820349872112,
  "spx_range": 0.0019321046333061532,
  "spx_range_pct": 0.002585230115801096,
  "spx_upper_shadow": 0.0019640504848212003,
  "spx_lower_shadow": 0.00349751862231642,
  "spx_close_position": 0.002634600945748389,
  "spx_body_to_range": 0.002144595026038587,
  "spx_gap": 0.0033894742373377085,
  "spx_gap_magnitude": 0.0021739441901445387,
  "spx_upper_rejection": 0.0024055592715740205,
  "spx_lower_rejection": 0.002639734512194991,
  "spx_range_expansion": 0.0019542508758604526,
  "spx_vix_corr_21d": 0.0033904830925166607,
  "spx_vix_corr_63d": 0.0040118555072695015,
  "spx_vix_corr_126d": 0.0043193493504077194,
  "vix_vs_rv_10d": 0.004570417106151581,
  "vix_rv_ratio_10d": 0.0037858609575778246,
  "vix_vs_rv_21d": 0.005000189132988453,
  "vix_rv_ratio_21d": 0.005927242944017053,
  "SKEW": 0.0021556674037128687,
  "skew_regime": 0.0,
  "skew_vs_vix": 0.0019024724839255213,
  "skew_vix_ratio": 0.00229178206063807,
  "skew_displacement": 0.0014550805557519198,
  "pc_equity_inst_divergence": 0.002108918409794569,
  "pcc_accel_10d": 0.0007996075320988894,
  "COR1M": 0.0023216824512928723,
  "COR1M_change_21d": 0.002021126635372639,
  "COR1M_zscore_63d": 0.0009047267492860555,
  "COR3M": 0.0029039190150797365,
  "COR3M_change_21d": 0.002871120534837246,
  "COR3M_zscore_63d": 0.0016940390225499869,
  "cor_term_structure": 0.0025672340299934147,
  "cor_term_slope_change_21d": 0.0030079904478043317,
  "VXTH": 0.0013494686223566531,
  "VXTH_change_21d": 0.0013502192217856646,
  "VXTH_zscore_63d": 0.0015950408531352877,
  "vxth_vix_ratio": 0.0007202652283012867,
  "VXTLT": 0.003830670076422393,
  "VXTLT_change_21d": 0.004062529839575291,
  "VXTLT_zscore_63d": 0.003568125935271382,
  "VXTLT_velocity_10d": 0.0042389367241412405,
  "VXTLT_acceleration_5d": 0.00377392447553575,
  "bond_vol_regime": 0.0,
  "vxtlt_vix_ratio": 0.004938658652827143,
  "vxtlt_vix_spread": 0.008135949121788144,
  "VXTLT_percentile_63d": 0.00326922838576138,
  "VXTLT_percentile_126d": 0.003512941859662533,
  "VXTLT_percentile_252d": 0.003091114526614547,
  "VXTLT_vs_ma21": 0.004033867362886667,
  "VXTLT_vs_ma63": 0.00562405246309936,
  "cboe_stress_composite": 0.0028683267533779143,
  "cboe_stress_regime": 0.0004575058352202177,
  "vx_contango_pct": 0.0018660670844838022,
  "vx_contango_5d_change": 0.0023659979924559593,
  "vx_contango_zscore": 0.0033068878576159475,
  "vx1_return_5d": 0.0026674119289964437,
  "vx2_return_5d": 0.0016496103722602128,
  "vx_curve_2_1_ratio": 0.0004966252017766237,
  "vx_curve_3_2_ratio": 0.0030039024772122503,
  "vx_curve_4_3_ratio": 0.0028701229952275754,
  "vx_curve_steepness": 0.0046320987399667505,
  "vx_oi_front_concentration": 0.003719125874340534,
  "vx_oi_imbalance": 0.0006039268802851439,
  "vx_oi_5d_change": 0.003860773239284754,
  "vx_oi_zscore_63d": 0.0026062732096761463,
  "vx_oi_surge": 0.0036091352347284557,
  "vx_churn_ratio": 0.004569228971377015,
  "vx_churn_zscore_63d": 0.0038678340613842012,
  "vx_roll_yield_annualized": 0.0020881955046206714,
  "vx_roll_cost_5d": 0.0004790743812918663,
  "vx_roll_yield_zscore_63d": 0.004127525724470615,
  "vx_momentum_5d": 0.0004652943927794695,
  "vx_momentum_zscore": 0.0016977737890556456,
  "CL1-CL2": 0.004444953054189682,
  "CL1-CL2_velocity_5d": 0.003983742673881352,
  "CL1-CL2_zscore_63d": 0.004192969063296914,
  "oil_term_regime": 0.0,
  "crude_oil_ret_10d": 0.004013998247683048,
  "crude_oil_ret_21d": 0.004655175469815731,
  "crude_oil_ret_63d": 0.0027107588481158017,
  "crude_oil_vol_21d": 0.004653662489727139,
  "crude_oil_zscore_63d": 0.005826017260551453,
  "DX1-DX2": 0.00288367816247046,
  "DX1-DX2_velocity_5d": 0.003744456963613629,
  "DX1-DX2_zscore_63d": 0.0037382842507213353,
  "dxy_ret_10d": 0.003936555190011859,
  "dxy_ret_21d": 0.0037805945612490177,
  "dxy_ret_63d": 0.003741723019629717,
  "dxy_vs_ma50": 0.00389615036547184,
  "dxy_vs_ma200": 0.007414754061028361,
  "dxy_vol_21d": 0.005330418515950441,
  "dollar_crude_corr_21d": 0.0038840959314256907,
  "spx_dollar_corr_21d": 0.004842508956789971,
  "initial_claims": 0.00527606918476522,
  "claims_4wk_ma": 0.0044191641267389056,
  "claims_velocity_4w": 0.004191202530637384,
  "claims_zscore_52w": 0.004580719908699393,
  "claims_percentile_52w": 0.004295268515124917,
  "claims_regime": 0.0,
  "claims_velocity_zscore": 0.005530561041086912,
  "fin_stress_index": 0.004749982059001923,
  "stress_velocity_4w": 0.0037386921234428883,
  "stress_zscore_52w": 0.003486066497862339,
  "stress_extreme": 0.0,
  "stress_regime": 0.0,
  "hy_spread": 0.003086956252809614,
  "hy_velocity_21d": 0.003652288974262774,
  "hy_zscore_252d": 0.0032880265731364488,
  "hy_bb_spread": 0.0046996524091809985,
  "hy_bb_velocity_21d": 0.0034273548517376184,
  "hy_b_spread": 0.0034427979961037638,