{
  "target_type": "down",
  "top_n": 101,
  "correlation_threshold": 0.8925,
  "n_selected": 101,
  "n_removed_correlation": 30,
  "n_samples": 4859,
  "top_10_features": [
    "vix_velocity_5d_regime_adj",
    "vix_vs_ma10",
    "vix_velocity_5d_x_regime_0",
    "vix_zscore_252d_x_regime_0",
    "vix_zscore_252d_x_regime_2",
    "vix_term_ratio_zscore_63d",
    "yield_curve_vol_avg",
    "vix_vol_63d",
    "hy_b_spread",
    "rsi_14"
  ],
  "top_10_importance": [
    0.00885841092094779,
    0.008762791473418474,
    0.007617094507440925,
    0.006679157400503755,
    0.006466293660923839,
    0.006243901420384645,
    0.0061918521299958226,
    0.006003870069980622,
    0.0059565594419837,
    0.005893768277019262
  ]
}