{
  "correlation_threshold": 0.9246,
  "n_removed_correlation": 14,
  "n_samples": 2246,
  "n_selected": 73,
  "random_state": 42,
  "target_type": "expansion",
  "top_10_features": [
    "days_in_regime",
    "vix_percentile_126d",
    "vx_roll_cost_5d",
    "fin_stress_index",
    "vix_zscore_252d_x_regime_0",
    "hy_velocity_21d",
    "hy_spread",
    "vx_oi_surge",
    "SKEW_percentile_63d",
    "macd"
  ],
  "top_10_importance": [
    0.017368365451693533,
    0.014850774127990008,
    0.013132819160819053,
    0.012888116482645273,
    0.011157636949792504,
    0.010483297426253558,
    0.008874375000596046,
    0.008745488803833723,
    0.007698352308943867,
    0.007526397635228932
  ],
  "top_n": 73
}