{
  "spx_lag1": 0.0003415202983887866,
  "vix_ret_1d": 0.00046406907495111227,
  "vix_ret_5d": 0.0008803261676803231,
  "vix_ret_10d": 0.0007065800251439214,
  "vix_ret_21d": 0.0009751666220836341,
  "vix_vol_10d": 0.0012266756501048803,
  "vix_vol_21d": 0.0020899596391245725,
  "vix_vol_63d": 0.001991814677603543,
  "vix_velocity_5d": 0.00572578152641654,
  "vix_velocity_10d": 0.001127851230558008,
  "vix_velocity_21d": 0.0018477986566722393,
  "vix_vs_ma10": 0.0020982831018045546,
  "vix_vs_ma21": 0.011424313485622405,
  "vix_vs_ma63": 0.050841177627444264,
  "vix_vs_ma252": 0.0029315694700926542,
  "vix_zscore_21d": 0.003219836112111807,
  "vix_zscore_63d": 0.005737226642668247,
  "vix_zscore_252d": 0.005973227834329009,
  "vix_momentum_z_10d": 0.002309534139931202,
  "vix_momentum_z_21d": 0.0015592425828799606,
  "vix_accel_5d": 0.0019616538658738135,
  "vix_stretch_ma21": 0.002377679548226297,
  "vix_stretch_ma63": 0.005535550159402191,
  "reversion_strength_21d": 0.0017978321528062224,
  "reversion_strength_63d": 0.00852295660879463,
  "vix_bb_position_20d": 0.0037714523263275624,
  "vix_extreme_low_21d": 3.839442215394229e-05,
  "vix_regime": 0.00942294265551027,
  "days_in_regime": 0.0030091620283201337,
  "regime_distance_to_boundary": 0.002169293980114162,
  "regime_within_regime_percentile": 0.0031243090983480216,
  "regime_change_flag": 0.0003401261055842042,
  "time_in_regime_pct": 0.0016520152101293206,
  "regime_expected_return_5d": 8.07147502200678e-05,
  "regime_median_return_5d": 0.020829520560801028,
  "regime_return_std_5d": 0.0,
  "regime_prob_up_5d": 0.0,
  "regime_vol_of_vol": 0.00026268388610333203,
  "regime_spike_prob": 0.0005794148601125926,
  "regime_prob_stay": 0.0,
  "regime_prob_crisis": 0.0,
  "regime_prob_elevated": 0.0,
  "vix1m_vix3m_ratio": 0.004374528909102083,
  "vix_term_slope_short": 0.0026117241010069846,
  "vix_term_slope_velocity_21d": 0.0019810213707387447,
  "vix_term_ratio_zscore_63d": 0.0020622130017727614,
  "vix3m_vix6m_ratio": 0.0016615025466307997,
  "vix_term_slope_long": 0.0020308693405240775,
  "vix_term_curvature": 0.004712380468845367,
  "vix_term_curvature_zscore": 0.003426378732547164,
  "spx_ret_1d": 0.0022514406591653824,
  "spx_ret_5d": 0.0038483519107103347,
  "spx_ret_10d": 0.002552239294163883,
  "spx_ret_21d": 0.0012377824052236975,
  "spx_ret_63d": 0.0034960868302732705,
  "spx_vs_ma20": 0.0027564826654270292,
  "spx_vs_ma50": 0.0024887184612452985,
  "spx_vs_ma200": 0.0024284661980345846,
  "spx_momentum_z_10d": 0.0023463616613298654,
  "spx_momentum_z_21d": 0.0027168415021151305,
  "spx_realized_vol_10d": 0.0029766814317554236,
  "spx_realized_vol_21d": 0.0034418292343616486,
  "spx_realized_vol_63d": 0.002950336737558246,
  "spx_vol_ratio_10_21": 0.0021900580264627933,
  "spx_vol_ratio_10_63": 0.0028749852906912567,
  "spx_skew_21d": 0.0026657421607524157,
  "spx_kurt_21d": 0.001778088230639696,
  "bb_position_20d": 0.015891741774976254,
  "bb_width_20d": 0.0026166853262111545,
  "rsi_14": 0.001897551235742867,
  "rsi_regime": 2.2966168762650342e-05,
  "rsi_divergence": 0.0021318943006917836,
  "macd": 0.002317521383520216,
  "macd_signal": 0.0031899755354970693,
  "macd_histogram": 0.0025948679307475687,
  "adx_14": 0.003872482944279909,
  "trend_strength": 0.004191112471744418,
  "spx_body_size": 0.002606937475502491,
  "spx_range": 0.0019163189746905119,
  "spx_range_pct": 0.0021963735576719045,
  "spx_upper_shadow": 0.0011876507138367741,
  "spx_lower_shadow": 0.002283393288962543,
  "spx_close_position": 0.0021854530554264785,
  "spx_body_to_range": 0.001673233602195978,
  "spx_gap": 0.002506517106667161,
  "spx_gap_magnitude": 0.0014946319512091576,
  "spx_upper_rejection": 0.0020006128819659353,
  "spx_lower_rejection": 0.001963324873941019,
  "spx_range_expansion": 0.0021129228174686433,
  "spx_vix_corr_21d": 0.0019656563876196743,
  "spx_vix_corr_63d": 0.0038887161528691648,
  "spx_vix_corr_126d": 0.00434647910296917,
  "vix_vs_rv_10d": 0.007226469041779637,
  "vix_rv_ratio_10d": 0.003617060650140047,
  "vix_vs_rv_21d": 0.006992243858985603,
  "vix_rv_ratio_21d": 0.006522182654589414,
  "SKEW": 0.0011564297135919332,
  "skew_regime": 0.0,
  "skew_vs_vix": 0.0019004322588443757,
  "skew_vix_ratio": 0.0014144655782729388,
  "skew_displacement": 0.001259384024888277,
  "pc_equity_inst_divergence": 0.0014187776949256658,
  "pcc_accel_10d": 0.0007629869738593698,
  "COR1M": 0.0012636281549930572,
  "COR1M_change_21d": 0.0009641213342547417,
  "COR1M_zscore_63d": 0.001122156623750925,
  "COR3M": 0.0016577768605202437,
  "COR3M_change_21d": 0.0016438373830169439,
  "COR3M_zscore_63d": 0.0008433480747044086,
  "cor_term_structure": 0.0016124857123941184,
  "cor_term_slope_change_21d": 0.0020493535324931146,
  "VXTH": 0.0006038310588337481,
  "VXTH_change_21d": 0.001240725675597787,
  "VXTH_zscore_63d": 0.004210685286670924,
  "vxth_vix_ratio": 0.002811801992356777,
  "VXTLT": 0.0024624553276225924,
  "VXTLT_change_21d": 0.0025153367372695357,
  "VXTLT_zscore_63d": 0.002395853470079601,
  "VXTLT_velocity_10d": 0.005177802825346589,
  "VXTLT_acceleration_5d": 0.001970159285701811,
  "bond_vol_regime": 0.0,
  "vxtlt_vix_ratio": 0.0026107155485078693,
  "vxtlt_vix_spread": 0.003235761437099427,
  "VXTLT_percentile_63d": 0.003038703231140971,
  "VXTLT_percentile_126d": 0.004481813358142972,
  "VXTLT_percentile_252d": 0.005389867676422,
  "VXTLT_vs_ma21": 0.002650373545475304,
  "VXTLT_vs_ma63": 0.0051243934780359265,
  "cboe_stress_composite": 0.004006854456383735,
  "cboe_stress_regime": 0.0,
  "vx_contango_pct": 0.0021003160160034894,
  "vx_contango_5d_change": 0.0012896324740722775,
  "vx_contango_zscore": 0.0021828746888786555,
  "vx1_return_5d": 0.0028203658293932676,
  "vx2_return_5d": 0.0009578272234648466,
  "vx_curve_2_1_ratio": 0.001973933819681406,
  "vx_curve_3_2_ratio": 0.0010461580008268357,
  "vx_curve_4_3_ratio": 0.002217293484136462,
  "vx_curve_steepness": 0.001310634333640337,
  "vx_oi_front_concentration": 0.003995248815044761,
  "vx_oi_imbalance": 0.0002727622224483639,
  "vx_oi_5d_change": 0.0009222316322848201,
  "vx_oi_zscore_63d": 0.0014654301543487237,
  "vx_oi_surge": 0.003114195400848985,
  "vx_churn_ratio": 0.0022942243609577417,
  "vx_churn_zscore_63d": 0.0019446975318714976,
  "vx_roll_yield_annualized": 0.0026264772517606617,
  "vx_roll_cost_5d": 0.001387922978028655,
  "vx_roll_yield_zscore_63d": 0.0008494712412357331,
  "vx_momentum_5d": 0.001093936967663467,
  "vx_momentum_zscore": 0.0022162059205584226,
  "CL1-CL2": 0.004859183123335243,
  "CL1-CL2_velocity_5d": 0.0024768562987446787,
  "CL1-CL2_zscore_63d": 0.0020817712298594414,
  "oil_term_regime": 0.006140333600342274,
  "crude_oil_ret_10d": 0.0021937778685241936,
  "crude_oil_ret_21d": 0.0024657435016706584,
  "crude_oil_ret_63d": 0.0032415375811979175,
  "crude_oil_vol_21d": 0.0028704057913273573,
  "crude_oil_zscore_63d": 0.003182786190882325,
  "DX1-DX2": 0.0025362672517076136,
  "DX1-DX2_velocity_5d": 0.002162739937193692,
  "DX1-DX2_zscore_63d": 0.0024107929784804583,
  "dxy_ret_10d": 0.003357326379045844,
  "dxy_ret_21d": 0.0031786267645657063,
  "dxy_ret_63d": 0.0026480470085516574,
  "dxy_vs_ma50": 0.003047000849619508,
  "dxy_vs_ma200": 0.004140538652427495,
  "dxy_vol_21d": 0.0033160038990899922,
  "dollar_crude_corr_21d": 0.003128201561048627,
  "spx_dollar_corr_21d": 0.003618979174643755,
  "initial_claims": 0.004327254672534764,
  "claims_4wk_ma": 0.002681610989384353,
  "claims_velocity_4w": 0.0024235436925664545,
  "claims_zscore_52w": 0.002826280053704977,
  "claims_percentile_52w": 0.007132912799715996,
  "claims_regime": 0.0,
  "claims_velocity_zscore": 0.0020441545406356455,
  "fin_stress_index": 0.0010918020911049099,
  "stress_velocity_4w": 0.0033913419116288423,
  "stress_zscore_52w": 0.0022297849180176856,
  "stress_extreme": 0.0007663359632715583,
  "stress_regime": 0.0,
  "hy_spread": 0.004156932746991515,
  "hy_velocity_21d": 0.0019028473878279328,