{
  "10y_vol_63d": 0.00030151695245876907,
  "30y_vol_63d": 0.0004113552189664915,
  "6m_vol_63d_fred": 0.000712063501123339,
  "CL1-CL2": 0.0009179933811537921,
  "CL1-CL2_velocity_5d": 0.0006489416409749538,
  "CL1-CL2_zscore_63d": 0.0010725352563895284,
  "COR1M": 0.0003276954754255712,
  "COR1M_change_21d": 0.0008288726210594177,
  "COR1M_zscore_63d": 0.000941975205205381,
  "COR3M": 0.0021460180170834063,
  "COR3M_change_21d": 0.0021625438705086706,
  "COR3M_zscore_63d": 0.0006506770383566618,
  "DX1-DX2": 0.0009633616893552244,
  "DX1-DX2_velocity_5d": 0.001115651347208768,
  "DX1-DX2_zscore_63d": 0.001733255316503346,
  "SKEW": 0.0007462013512849808,
  "SKEW_extreme_low_252d": 0.0,
  "SKEW_extreme_low_63d": 0.0,
  "SKEW_jerk_5d": 0.0005894461879506707,
  "SKEW_momentum_regime": 0.0013588846661150456,
  "SKEW_percentile_126d": 0.0007122321054339409,
  "SKEW_percentile_21d": 0.00110725371632725,
  "SKEW_percentile_252d": 0.0008875350002199411,
  "SKEW_percentile_63d": 0.0002909832634031773,
  "SKEW_percentile_velocity": 0.0031306419055908918,
  "VXTH": 0.0017118962481617928,
  "VXTH_change_21d": 0.0010061768582090736,
  "VXTH_zscore_63d": 0.0008681955281645059,
  "VXTLT": 0.00132049621315673,
  "VXTLT_acceleration_5d": 0.001277423754800111,
  "VXTLT_change_21d": 0.0017092455411329866,
  "VXTLT_percentile_126d": 0.001566745524178259,
  "VXTLT_percentile_252d": 0.0031349950702860953,
  "VXTLT_percentile_63d": 0.002123244991526008,
  "VXTLT_velocity_10d": 0.0023182490142062305,
  "VXTLT_vs_ma21": 0.0018701276276260614,
  "VXTLT_vs_ma63": 0.003167241532355547,
  "VXTLT_zscore_63d": 0.0023987083928659557,
  "adx_14": 0.0019479818642139436,
  "bb_position_20d": 0.00849558524787426,
  "bb_width_20d": 0.0018087044241838156,
  "bond_vol_regime": 2.272048295708373e-05,
  "cboe_stress_composite": 0.003686318080872297,
  "cboe_stress_regime": 3.057424619328231e-05,
  "claims_4wk_ma": 0.0030970861203968524,
  "claims_percentile_52w": 0.00235040292609483,
  "claims_regime": 3.520578320603818e-05,
  "claims_velocity_4w": 0.0017586619360372424,
  "claims_velocity_zscore": 0.0014113400015048684,
  "claims_zscore_52w": 0.005593195976689458,
  "cor_term_slope_change_21d": 0.001145136496052146,
  "cor_term_structure": 0.0019196907989680767,
  "correlation_regime": 0.0014414192119147629,
  "credit_quality_spread": 0.002106692991219461,
  "credit_stress_composite": 0.0016632466111332178,
  "credit_vol_divergence": 0.0016207128763198852,
  "credit_vol_stress_composite": 0.0034736915957182648,
  "credit_widening_regime": 0.0003308286803076044,
  "cross_asset_vol_cluster": 0.0006841265247203409,
  "crude_oil_ret_10d": 0.002090576430782676,
  "crude_oil_ret_21d": 0.0014911656733602285,
  "crude_oil_ret_63d": 0.002215914474800229,
  "crude_oil_vol_21d": 0.0019203317002393304,
  "crude_oil_vol_21d_log": 0.003225033706985414,
  "crude_oil_zscore_63d": 0.002324880822561681,
  "day_of_month": 0.001945849834010005,
  "day_of_week": 0.0010900916531682014,
  "days_in_regime": 0.0015992000116966665,
  "dollar_crude_corr_21d": 0.001542924193199724,
  "dxy_ret_10d": 0.003200558037497103,
  "dxy_ret_21d": 0.002249620598740876,
  "dxy_ret_63d": 0.0019120097858831286,
  "dxy_vol_21d": 0.0028521554544568063,
  "dxy_vol_21d_log": 0.0013700783369131387,
  "dxy_vs_ma200": 0.003147642337717116,
  "dxy_vs_ma50": 0.0028234463650733234,
  "equity_vol_corr_breakdown": 0.001718644378706813,
  "equity_vol_divergence": 0.0020329514285549522,
  "fin_stress_index": 0.003792594891274348,
  "gold_spx_divergence": 0.0062053813599050045,
  "hy_b_spread": 0.002651890681590885,
  "hy_b_velocity_21d": 0.0017860726569779218,
  "hy_bb_spread": 0.0018032551801297815,
  "hy_bb_velocity_21d": 0.002313490747474134,
  "hy_ccc_spread": 0.001571174879791215,
  "hy_ccc_velocity_21d": 0.0024549612775444985,
  "hy_spread": 0.00249833945708815,
  "hy_velocity_21d": 0.004571452783420682,
  "hy_zscore_252d": 0.003607706446200609,
  "ig_hy_spread": 0.001209030533209443,
  "initial_claims": 0.0028100726660341023,
  "is_earnings_heavy": 0.0004899907391518355,
  "is_fomc_period": 0.000995908691402292,
  "is_opex_week": 0.0027989593101665376,
  "liquidity_regime": 7.984095718711614e-05,
  "liquidity_stress_composite": 0.009289384353905916,
  "macd": 0.00256455410271883,
  "macd_histogram": 0.003582973126322031,
  "macd_signal": 0.0016846609185449779,
  "month": 0.0031504749204032123,
  "oil_term_regime": 0.003616338782012463,
  "pc_equity_inst_divergence": 0.0009462391491979361,
  "pcc_accel_10d": 0.0011033324524760246,
  "regime_change_flag": 0.0,
  "regime_distance_to_boundary": 0.001915095211006701,
  "regime_expected_return_5d": 0.02408845224417746,
  "regime_median_return_5d": 0.040933448437135665,
  "regime_prob_crisis": 0.0,
  "regime_prob_elevated": 0.0011331661604344844,
  "regime_prob_stay": 0.0,
  "regime_prob_up_5d": 0.0,
  "regime_return_std_5d": 0.0,
  "regime_spike_prob": 0.0,
  "regime_transition_risk": 0.0016794319730252028,
  "regime_vol_of_vol": 0.0,
  "regime_within_regime_percentile": 0.00307755758985877,
  "reversion_strength_21d": 0.0017092294292524457,
  "reversion_strength_63d": 0.007248206972144544,
  "risk_premium_extreme_low_252d": 0.0001411001845553983,
  "risk_premium_extreme_low_63d": 0.0002489236598194111,
  "risk_premium_ma21": 0.003069143183529377,
  "risk_premium_percentile_126d": 0.0021334519842639565,
  "risk_premium_percentile_21d": 0.0015950190601870418,
  "risk_premium_percentile_252d": 0.002792595466598868,
  "risk_premium_percentile_63d": 0.0029190223664045333,
  "risk_premium_percentile_velocity": 0.002288309414871037,
  "risk_premium_regime": 0.00306865822058171,
  "risk_premium_velocity": 0.0019589760340750217,
  "risk_premium_zscore": 0.003041163133457303,
  "rsi_14": 0.0022646322846412658,
  "rsi_divergence": 0.0022884410340338946,
  "rsi_regime": 0.0008012755075469613,
  "skew_displacement": 0.0007390806684270501,
  "skew_regime": 0.0,
  "skew_vix_ratio": 0.002101306337863207,
  "skew_vs_vix": 0.0014722091611474753,
  "spx_body_size": 0.0018423049245029689,
  "spx_body_to_range": 0.0018501663929782809,
  "spx_close_position": 0.0017846284667029978,
  "spx_dollar_corr_21d": 0.004082858981564641,
  "spx_gap": 0.0017105720471590757,
  "spx_gap_extreme_flag": 0.0005277329757518601,
  "spx_gap_magnitude": 0.0025130958063527943,
  "spx_gap_magnitude_extreme_flag": 0.001158647274132818,
  "spx_kurt_21d": 0.0020617966074496508,
  "spx_lag1": 0.001575275172945112,
  "spx_lower_rejection": 0.0015064989449456335,
  "spx_lower_shadow": 0.001973278447985649,
  "spx_momentum_z_10d": 0.001881241227965802,
  "spx_momentum_z_21d": 0.0031101959059014915,
  "spx_range": 0.002623814740218222,
  "spx_range_expansion": 0.002122979494743049,
  "spx_range_pct": 0.002426440129056573,
  "spx_realized_vol_10d": 0.00403298269957304,
  "spx_realized_vol_21d": 0.003201316692866385,
  "spx_realized_vol_21d_acceleration_5d": 0.0021788223413750528,
  "spx_realized_vol_21d_log": 0.0011084057870903053,
  "spx_realized_vol_21d_velocity_3d": 0.002924927324056625,
  "spx_realized_vol_63d": 0.005042973207309842,
  "spx_realized_vol_63d_x_regime_0": 0.006068038858938962,
  "spx_realized_vol_63d_x_regime_1": 0.003986143646761775,
  "spx_realized_vol_63d_x_regime_2": 0.0021261314395815134,
  "spx_realized_vol_63d_x_regime_3": 0.0009891531430184842,
  "spx_ret_10d": 0.0022474118508398534,
  "spx_ret_1d": 0.0022902213037014007,
  "spx_ret_21d": 0.0032144826487638055,
  "spx_ret_5d": 0.002366914716549218,
  "spx_ret_5d_regime_adj": 0.002877670479938388,
  "spx_ret_63d": 0.00300989740062505,
  "spx_skew_21d": 0.0027527636382728817,
  "spx_upper_rejection": 0.001448130572680384,
  "spx_upper_shadow": 0.0017416198388673365,
  "spx_vix_corr_126d": 0.002825908688828349,
  "spx_vix_corr_21d": 0.002482103882357478,
  "spx_vix_corr_63d": 0.0020953566767275334,
  "spx_vol_ratio_10_21": 0.002872900082729757,
  "spx_vol_ratio_10_63": 0.002972434042021632,
  "spx_vs_ma20": 0.006484717992134392,