{
  "spx_lag1": 0.00088119882857427,
  "vix_ret_1d": 0.001187379111070186,
  "vix_ret_5d": 0.0009601039462722837,
  "vix_ret_10d": 0.001030819141305983,
  "vix_ret_21d": 0.0016680466709658504,
  "vix_vol_10d": 0.003946405975148082,
  "vix_vol_21d": 0.003121822967659682,
  "vix_vol_63d": 0.0043238774407655,
  "vix_velocity_5d": 0.018393149133771658,
  "vix_velocity_10d": 0.004696136573329568,
  "vix_velocity_21d": 0.0035435123543720694,
  "vix_vs_ma10": 0.003255831619026139,
  "vix_vs_ma21": 0.003997346735559404,
  "vix_vs_ma63": 0.0058813637122511865,
  "vix_vs_ma252": 0.005409067962318659,
  "vix_zscore_21d": 0.003877758758608252,
  "vix_zscore_63d": 0.004224869376048446,
  "vix_zscore_252d": 0.007473203912377357,
  "vix_momentum_z_10d": 0.0018239519209600984,
  "vix_momentum_z_21d": 0.001488564524333924,
  "vix_accel_5d": 0.004842727398499847,
  "vix_stretch_ma21": 0.0017339276964776218,
  "vix_stretch_ma63": 0.002340321150768432,
  "reversion_strength_21d": 0.0026177801191806793,
  "reversion_strength_63d": 0.004702562105376273,
  "vix_bb_position_20d": 0.005020545423030853,
  "vix_extreme_low_21d": 0.0,
  "vix_regime": 0.0,
  "days_in_regime": 0.011515380069613456,
  "regime_distance_to_boundary": 0.004002133384346962,
  "regime_within_regime_percentile": 0.002048909873701632,
  "regime_change_flag": 0.0,
  "time_in_regime_pct": 0.009249010775238275,
  "regime_expected_return_5d": 0.0,
  "regime_median_return_5d": 0.0,
  "regime_return_std_5d": 0.0,
  "regime_prob_up_5d": 0.0,
  "regime_vol_of_vol": 0.0,
  "regime_spike_prob": 2.5595722036086953e-06,
  "regime_prob_stay": 0.0,
  "regime_prob_crisis": 0.0,
  "regime_prob_elevated": 0.0013645945116877555,
  "vix1m_vix3m_ratio": 0.013479852117598057,
  "vix_term_slope_short": 0.012629614025354386,
  "vix_term_slope_velocity_21d": 0.0023050382267683746,
  "vix_term_ratio_zscore_63d": 0.0040851110126823185,
  "vix3m_vix6m_ratio": 0.003493659012019634,
  "vix_term_slope_long": 0.0030680300202220677,
  "vix_term_curvature": 0.003154238173738122,
  "vix_term_curvature_zscore": 0.0027499008923769,
  "spx_ret_1d": 0.001052099757362157,
  "spx_ret_5d": 0.0036691080313175917,
  "spx_ret_10d": 0.0014660853894383763,
  "spx_ret_21d": 0.00520685100927949,
  "spx_ret_63d": 0.0031776852440088986,
  "spx_vs_ma20": 0.005405296315439045,
  "spx_vs_ma50": 0.0040102394297719,
  "spx_vs_ma200": 0.002513045072555542,
  "spx_momentum_z_10d": 0.0020911404862999916,
  "spx_momentum_z_21d": 0.0029846251010894774,
  "spx_realized_vol_10d": 0.0036723055993206797,
  "spx_realized_vol_21d": 0.0034841794753447176,
  "spx_realized_vol_63d": 0.005272561218589544,
  "spx_vol_ratio_10_21": 0.003765913052484393,
  "spx_vol_ratio_10_63": 0.005445153568871319,
  "spx_skew_21d": 0.002744588698260486,
  "spx_kurt_21d": 0.0029402969870716334,
  "bb_position_20d": 0.002417663554660976,
  "bb_width_20d": 0.005181527603417635,
  "rsi_14": 0.00467806572560221,
  "rsi_regime": 0.00010823959019035101,
  "rsi_divergence": 0.0020125549286603927,
  "macd": 0.0037867807084694506,
  "macd_signal": 0.004080561408773065,
  "macd_histogram": 0.0022163338027894495,
  "adx_14": 0.0023721468402072786,
  "trend_strength": 0.003602906875312328,
  "spx_body_size": 0.0011346296523697674,
  "spx_range": 0.0013388940642471425,
  "spx_range_pct": 0.0007162237539887429,
  "spx_upper_shadow": 0.0009412242099642754,
  "spx_lower_shadow": 0.0010055654915049673,
  "spx_close_position": 0.0014883984869811684,
  "spx_body_to_range": 0.0015730816172435879,
  "spx_gap": 0.002027373970486224,
  "spx_gap_magnitude": 0.001578416081611067,
  "spx_upper_rejection": 0.0009485932998359204,
  "spx_lower_rejection": 0.0022588080726563932,
  "spx_range_expansion": 0.0014073134050704538,
  "spx_vix_corr_21d": 0.0032734781270846725,
  "spx_vix_corr_63d": 0.0034060622565448284,
  "spx_vix_corr_126d": 0.005492103542201221,
  "vix_vs_rv_10d": 0.0028626231243833898,
  "vix_rv_ratio_10d": 0.0038756610825657844,
  "vix_vs_rv_21d": 0.007234747614711523,
  "vix_rv_ratio_21d": 0.006208540126681328,
  "SKEW": 0.0049002811312675474,
  "skew_regime": 0.0,
  "skew_vs_vix": 0.002682847995311022,
  "skew_vix_ratio": 0.0013145024655386805,
  "skew_displacement": 0.0015123444609344006,
  "pc_equity_inst_divergence": 0.0006879039690829813,
  "pcc_accel_10d": 0.0013054912444204092,
  "COR1M": 0.0029920308850705625,
  "COR1M_change_21d": 0.0034642045851796866,
  "COR1M_zscore_63d": 0.0009209931828081608,
  "COR3M": 0.0005582153331488371,
  "COR3M_change_21d": 0.0013288929127156734,
  "COR3M_zscore_63d": 0.0026053263805806636,
  "cor_term_structure": 0.0012901937356218697,
  "cor_term_slope_change_21d": 0.009315982274711133,
  "VXTH": 0.0022679184563457965,
  "VXTH_change_21d": 0.0017880270723253488,
  "VXTH_zscore_63d": 0.002080115396529436,
  "vxth_vix_ratio": 0.00116327996365726,
  "VXTLT": 0.004356495942920447,
  "VXTLT_change_21d": 0.00412735240533948,
  "VXTLT_zscore_63d": 0.0038363407365977764,
  "VXTLT_velocity_10d": 0.004598964564502239,
  "VXTLT_acceleration_5d": 0.0026846407912671567,
  "bond_vol_regime": 0.0,
  "vxtlt_vix_ratio": 0.003691382933175191,
  "vxtlt_vix_spread": 0.0070573044591583315,
  "VXTLT_percentile_63d": 0.0028895043884404003,
  "VXTLT_percentile_126d": 0.002815049886703491,
  "VXTLT_percentile_252d": 0.007697684690356255,
  "VXTLT_vs_ma21": 0.006130737578496337,
  "VXTLT_vs_ma63": 0.003279705555178225,
  "cboe_stress_composite": 0.00386949866078794,
  "cboe_stress_regime": 0.0,
  "vx_contango_pct": 0.004343050450552255,
  "vx_contango_5d_change": 0.0018107201671227814,
  "vx_contango_zscore": 0.001755989296361804,
  "vx1_return_5d": 0.0005169917130842805,
  "vx2_return_5d": 0.0015657435869798064,
  "vx_curve_2_1_ratio": 0.0,
  "vx_curve_3_2_ratio": 0.0018610687926411628,
  "vx_curve_4_3_ratio": 0.00402979776263237,
  "vx_curve_steepness": 0.002563607366755605,
  "vx_oi_front_concentration": 0.0026415680767968297,
  "vx_oi_imbalance": 0.00011321818456053734,
  "vx_oi_5d_change": 0.0018332615261897444,
  "vx_oi_zscore_63d": 0.0032393322748248466,
  "vx_oi_surge": 0.004616393428295851,
  "vx_churn_ratio": 0.004412123188376427,
  "vx_churn_zscore_63d": 0.0010525039862841368,
  "vx_roll_yield_annualized": 0.008250945247709751,
  "vx_roll_cost_5d": 0.0005973547697067261,
  "vx_roll_yield_zscore_63d": 0.0037553699687123297,
  "vx_momentum_5d": 0.0,
  "vx_momentum_zscore": 0.0005719719920307398,
  "CL1-CL2": 0.007444588840007782,
  "CL1-CL2_velocity_5d": 0.0021160945994779467,
  "CL1-CL2_zscore_63d": 0.0047188296914100645,
  "oil_term_regime": 0.0,
  "crude_oil_ret_10d": 0.0014666489441879094,
  "crude_oil_ret_21d": 0.005245764320716262,
  "crude_oil_ret_63d": 0.006100001325830817,
  "crude_oil_vol_21d": 0.0049968788400292395,
  "crude_oil_zscore_63d": 0.0034330992959439753,
  "DX1-DX2": 0.0015063926111906767,
  "DX1-DX2_velocity_5d": 0.002306001796387136,
  "DX1-DX2_zscore_63d": 0.0040412572212517265,
  "dxy_ret_10d": 0.002520180167630315,
  "dxy_ret_21d": 0.004691541497595608,
  "dxy_ret_63d": 0.003413195884786546,
  "dxy_vs_ma50": 0.00279192547313869,
  "dxy_vs_ma200": 0.004321965202689171,
  "dxy_vol_21d": 0.003173459251411259,
  "dollar_crude_corr_21d": 0.0023629666538909078,
  "spx_dollar_corr_21d": 0.004270609794184565,
  "initial_claims": 0.0038798754801973702,
  "claims_4wk_ma": 0.005954898800700903,
  "claims_velocity_4w": 0.006049387785606086,
  "claims_zscore_52w": 0.0024408932542428373,
  "claims_percentile_52w": 0.0035905393306165934,
  "claims_regime": 0.0,
  "claims_velocity_zscore": 0.004075620183721184,
  "fin_stress_index": 0.005392318731173873,
  "stress_velocity_4w": 0.003348122490569949,
  "stress_zscore_52w": 0.003351071663200855,
  "stress_extreme": 0.0,
  "stress_regime": 0.0,
  "hy_spread": 0.0063109899871051315,
  "hy_velocity_21d": 0.005493197031319142,
  "hy_zscore_252d": 0.005069068679586053,
  "hy_bb_spread": 0.0030486922594718637,
  "hy_bb_velocity_21d": 0.0042051872937008735,
  "hy_b_spread": 0.002553722122684121,