{
  "correlation_threshold": 0.9246,
  "n_removed_correlation": 18,
  "n_samples": 4859,
  "n_selected": 99,
  "random_state": 42,
  "target_type": "down",
  "top_10_features": [
    "vix_vs_ma10",
    "vix_velocity_5d_regime_adj",
    "skew_vix_ratio_percentile_252d",
    "rsi_14",
    "vix_velocity_5d",
    "dxy_zscore_21d",
    "vix_term_ratio_zscore_63d",
    "vix_zscore_252d",
    "dxy_vs_ma21",
    "crude_oil_ret_63d"
  ],
  "top_10_importance": [
    0.008358350768685342,
    0.008320380002260208,
    0.006739649921655655,
    0.005625036638230085,
    0.005548437451943755,
    0.005531190196052194,
    0.005292253289371729,
    0.005156743852421641,
    0.005146944802254439,
    0.005080889305099845
  ],
  "top_n": 99
}