{
  "10y_vol_63d": 0.00038408744148910046,
  "30y_vol_63d": 0.0009232286596670747,
  "6m_vol_63d_fred": 0.0012233965971972793,
  "CL1-CL2": 0.0007794153178110718,
  "CL1-CL2_velocity_5d": 0.0006257882283534855,
  "CL1-CL2_zscore_63d": 0.0012636993895284831,
  "Gold_lag1": 0.001507753413170576,
  "Gold_zscore_63d": 0.0017537504783831537,
  "SKEW": 0.000947559077758342,
  "SKEW_extreme_low_252d": 0.0015179981011897326,
  "SKEW_extreme_low_63d": 0.0029594261396596266,
  "SKEW_jerk_5d": 0.0015438784612342715,
  "SKEW_momentum_regime": 0.0014852370717562736,
  "SKEW_percentile_126d": 0.0030036827782168986,
  "SKEW_percentile_21d": 0.0008955163415521383,
  "SKEW_percentile_252d": 0.00219154201913625,
  "SKEW_percentile_63d": 0.002662780578248203,
  "SKEW_percentile_velocity": 0.002396037126891315,
  "VX1-VX2": 0.0008533229120075703,
  "VX1-VX2_change_21d": 0.000835400586220203,
  "VX1-VX2_percentile_63d": 0.006315350253134966,
  "VX1-VX2_zscore_63d": 0.005421323608607054,
  "VX2-VX1_RATIO": 0.0002973587126689381,
  "VX2-VX1_RATIO_velocity_10d": 0.0009880685014650227,
  "VXTH": 0.0060214148834347725,
  "VXTH_change_21d": 0.0012470202869735657,
  "VXTH_zscore_63d": 0.0021430292166769505,
  "VXTLT": 0.0008120950544252992,
  "VXTLT_acceleration_5d": 0.0009927092120051383,
  "VXTLT_change_21d": 0.0015935920644551515,
  "VXTLT_percentile_126d": 0.001058743428438902,
  "VXTLT_percentile_252d": 0.001464529102668166,
  "VXTLT_percentile_63d": 0.001102747372351587,
  "VXTLT_velocity_10d": 0.0020884670782834293,
  "VXTLT_vs_ma21": 0.003011094592511654,
  "VXTLT_vs_ma63": 0.0011722421739250421,
  "VXTLT_zscore_63d": 0.0014238363830372692,
  "adx_14": 0.0014489686232991516,
  "bb_position_20d": 0.0015843692584894598,
  "bb_width_20d": 0.005367895751260221,
  "bond_vol_regime": 0.0,
  "both_near_boundary_flag": 0.0005999358283588663,
  "both_regimes_changed_flag": 0.00023453821195289492,
  "cboe_stress_composite": 0.000498280138708651,
  "cboe_stress_regime": 0.0,
  "claims_4wk_ma": 0.004704088345170021,
  "claims_percentile_52w": 0.0034535305108875035,
  "claims_regime": 0.004870503424899653,
  "claims_velocity_4w": 0.003990003792569041,
  "claims_velocity_zscore": 0.00293278475292027,
  "claims_zscore_52w": 0.004584044590592385,
  "correlation_regime": 0.0008280260721221566,
  "credit_quality_spread": 0.00514755651820451,
  "credit_stress_composite": 0.004246947751380503,
  "credit_vol_divergence": 0.0015889192000031471,
  "credit_vol_stress_composite": 0.002582577895373106,
  "credit_widening_regime": 0.002308656123932451,
  "cross_asset_vol_cluster": 0.003263249628798803,
  "crude_oil_ret_10d": 0.0013054858893156052,
  "crude_oil_ret_21d": 0.0024623185978271066,
  "crude_oil_ret_63d": 0.0029261513613164426,
  "crude_oil_vol_21d": 0.0037024647230282427,
  "crude_oil_vol_21d_log": 0.002029533981112763,
  "crude_oil_zscore_63d": 0.0032093414571136235,
  "day_of_month": 0.005128213763236999,
  "day_of_week": 0.0010561791015788913,
  "days_in_joint_regime": 0.0017752337502315641,
  "days_in_regime": 0.018784843571484088,
  "days_in_skew_regime": 0.0027045061113312842,
  "equity_vol_corr_breakdown": 0.0019891634350642563,
  "equity_vol_divergence": 0.004367837309837341,
  "fin_stress_index": 0.015401483327150346,
  "gold_ret_10d": 0.0026448065415024757,
  "gold_ret_21d": 0.004209946887567639,
  "gold_ret_63d": 0.004669006913900375,
  "gold_spx_divergence": 0.002204681886360049,
  "hy_b_spread": 0.004415071988478303,
  "hy_b_velocity_21d": 0.00386548456735909,
  "hy_bb_spread": 0.004836804411024786,
  "hy_bb_velocity_21d": 0.006508649187162518,
  "hy_ccc_spread": 0.0027902713045477867,
  "hy_ccc_velocity_21d": 0.009429733455181121,
  "hy_spread": 0.015743039175868036,
  "hy_velocity_21d": 0.012290330743417144,
  "hy_zscore_252d": 0.0032945161918178202,
  "ig_hy_spread": 0.0029525740857934578,
  "initial_claims": 0.004416200402192772,
  "is_earnings_heavy": 0.000817006139550358,
  "is_fomc_period": 0.0006564744020579383,
  "is_opex_week": 0.00036635425640270115,
  "joint_regime_change_flag": 0.0025625819951528685,
  "joint_regime_correlation": 0.0012368216761387885,
  "joint_regime_expected_return": 0.0006083625368773938,
  "joint_regime_frequency": 0.003051352547481656,
  "joint_regime_volatility": 0.0013221310509834439,
  "liquidity_regime": 0.0,
  "liquidity_stress_composite": 0.0018886425474192946,
  "macd": 0.00413681969512254,
  "macd_histogram": 0.0020466292975470425,
  "macd_signal": 0.0053999618161469694,
  "month": 0.0025852307793684305,
  "oil_term_regime": 0.0,
  "regime_change_flag": 6.362442509271205e-05,
  "regime_distance_to_boundary": 0.0028362660435959698,
  "regime_expected_return_5d": 0.0,
  "regime_median_return_5d": 0.0,
  "regime_prob_crisis": 0.0,
  "regime_prob_elevated": 0.0004376775585114956,
  "regime_prob_stay": 0.0,
  "regime_prob_up_5d": 0.0,
  "regime_return_std_5d": 0.0,
  "regime_spike_prob": 2.314621233381331e-05,
  "regime_transition_risk": 0.0014385908376425504,
  "regime_vol_of_vol": 0.0,
  "regime_within_regime_percentile": 0.0018959662033012138,
  "reversion_strength_21d": 0.0026626505656167864,
  "reversion_strength_63d": 0.0019057454075664282,
  "risk_premium_extreme_low_252d": 0.0002917425939813256,
  "risk_premium_extreme_low_63d": 0.00021350900642573832,
  "risk_premium_ma21": 0.004405048629269004,
  "risk_premium_percentile_126d": 0.004673054604791105,
  "risk_premium_percentile_21d": 0.0032097274670377374,
  "risk_premium_percentile_252d": 0.0032098316587507725,
  "risk_premium_percentile_63d": 0.004414616688154638,
  "risk_premium_percentile_velocity": 0.002480046218261123,
  "risk_premium_regime": 3.075575805269182e-05,
  "risk_premium_velocity": 0.003353271074593067,
  "risk_premium_zscore": 0.004253826942294836,
  "rsi_14": 0.004668609984219074,
  "rsi_divergence": 0.0017438133712857963,
  "rsi_regime": 0.0006096601020544768,
  "skew_boundary_distance": 0.0014643223257735372,
  "skew_complacency_flag": 0.0,
  "skew_distance_to_boundary": 0.0013885584368836135,
  "skew_expected_5d_return": 0.0003701535053551197,
  "skew_extreme_tail_flag": 0.0,
  "skew_percentile_252d": 0.005563744250684977,
  "skew_percentile_63d": 0.0028000287828035654,
  "skew_regime_behavior": 0.0,
  "skew_regime_change_flag": 0.00010665120789781213,
  "skew_regime_displacement": 0.003913330967770889,
  "skew_regime_numeric": 0.0,
  "skew_regime_transition_direction": 0.00023317274171859027,
  "skew_vix_ratio": 0.0034871735144406555,
  "skew_vix_ratio_percentile_252d": 0.0026664445642381905,
  "skew_vix_ratio_regime": 0.0,
  "skew_vix_ratio_velocity_10d": 0.002274188387673348,
  "skew_within_regime_zscore": 0.0019317162339575588,
  "spx_body_size": 0.001093384705018252,
  "spx_body_to_range": 0.002354865265078843,
  "spx_close_position": 0.0013648948166519403,
  "spx_gap": 0.0013559213723056019,
  "spx_gap_extreme_flag": 0.001157075125956908,
  "spx_gap_magnitude": 0.001882656558882445,
  "spx_gap_magnitude_extreme_flag": 0.0,
  "spx_kurt_21d": 0.0019260694971308112,
  "spx_lag1": 0.00528787833172828,
  "spx_lower_rejection": 0.0027007243130356073,
  "spx_lower_shadow": 0.0015443028882145883,
  "spx_momentum_z_10d": 0.00236590295098722,
  "spx_momentum_z_21d": 0.0017404400277882814,
  "spx_range": 0.0008870596648193896,
  "spx_range_expansion": 0.002619087207131088,
  "spx_range_pct": 0.0017606536159291864,
  "spx_realized_vol_10d": 0.005694877682253718,
  "spx_realized_vol_21d": 0.0030087682767771184,
  "spx_realized_vol_21d_acceleration_5d": 0.001369728660210967,
  "spx_realized_vol_21d_log": 0.0024691417813301085,
  "spx_realized_vol_21d_velocity_3d": 0.0017929530586116016,
  "spx_realized_vol_63d": 0.004645351227372885,
  "spx_realized_vol_63d_x_regime_0": 0.0033458561170846223,
  "spx_realized_vol_63d_x_regime_1": 0.005363764660432935,
  "spx_realized_vol_63d_x_regime_2": 0.00138003085157834,
  "spx_realized_vol_63d_x_regime_3": 0.00017455064225941898,
  "spx_ret_10d": 0.0024606026243418457,
  "spx_ret_1d": 0.0016320415772497654,