{
  "spx_lag1": 0.0012601294826405744,
  "vix_ret_1d": 0.0005386245805614939,
  "vix_ret_5d": 0.0013282816701879103,
  "vix_ret_10d": 0.0013095988930823903,
  "vix_ret_21d": 0.0011288226814940572,
  "vix_vol_10d": 0.0026683523513687155,
  "vix_vol_21d": 0.0037545465553800264,
  "vix_vol_63d": 0.002266831618423263,
  "vix_velocity_5d": 0.008234950558592876,
  "vix_velocity_10d": 0.0010461559286341071,
  "vix_velocity_21d": 0.002858563714350263,
  "vix_vs_ma10": 0.009031338461985191,
  "vix_vs_ma21": 0.00715642833771805,
  "vix_vs_ma63": 0.006759984573970239,
  "vix_vs_ma252": 0.005175354890525341,
  "vix_zscore_21d": 0.0017885115618507068,
  "vix_zscore_63d": 0.0028207856230437756,
  "vix_zscore_252d": 0.006834517853955428,
  "vix_momentum_z_10d": 0.0025305801536887884,
  "vix_momentum_z_21d": 0.0025680421385914087,
  "vix_accel_5d": 0.003388283463815848,
  "vix_stretch_ma21": 0.001911807417248686,
  "vix_stretch_ma63": 0.001702700275927782,
  "reversion_strength_21d": 0.0041251533742373185,
  "reversion_strength_63d": 0.004517665598541498,
  "vix_bb_position_20d": 0.004646165121812373,
  "vix_extreme_low_21d": 0.0,
  "vix_regime": 0.01596453493887869,
  "days_in_regime": 0.009828172624111176,
  "regime_distance_to_boundary": 0.0035453662664319077,
  "regime_within_regime_percentile": 0.002279518016924461,
  "regime_change_flag": 1.8087762327922974e-06,
  "time_in_regime_pct": 0.00429274863563478,
  "regime_expected_return_5d": 0.0,
  "regime_median_return_5d": 0.0,
  "regime_return_std_5d": 0.0,
  "regime_prob_up_5d": 0.0,
  "regime_vol_of_vol": 0.0,
  "regime_spike_prob": 0.004102482693269849,
  "regime_prob_stay": 0.0,
  "regime_prob_crisis": 0.0,
  "regime_prob_elevated": 0.003257835041343545,
  "spx_ret_1d": 0.0017504792582864563,
  "spx_ret_5d": 0.009126549935899675,
  "spx_ret_10d": 0.0027815866827343902,
  "spx_ret_21d": 0.0021303625156482062,
  "spx_ret_63d": 0.0026154680332789817,
  "spx_vs_ma20": 0.0049241731176152825,
  "spx_vs_ma50": 0.003795772402857741,
  "spx_vs_ma200": 0.005994652863591909,
  "spx_momentum_z_10d": 0.0032335491462921104,
  "spx_momentum_z_21d": 0.0037891154643148184,
  "spx_realized_vol_10d": 0.0022190060699358582,
  "spx_realized_vol_21d": 0.005715833976864815,
  "spx_realized_vol_63d": 0.0035066872369498014,
  "spx_vol_ratio_10_21": 0.003452919889241457,
  "spx_vol_ratio_10_63": 0.010025366209447384,
  "spx_skew_21d": 0.004140073666349053,
  "spx_kurt_21d": 0.0025883365888148546,
  "bb_position_20d": 0.0025871071654061475,
  "bb_width_20d": 0.003005095951569577,
  "rsi_14": 0.0029290274639303484,
  "rsi_regime": 0.00029368749043593806,
  "rsi_divergence": 0.001747426964963476,
  "macd": 0.0027437434376527867,
  "macd_signal": 0.006933084378639857,
  "macd_histogram": 0.001956305388982097,
  "adx_14": 0.003979084004337589,
  "trend_strength": 0.004166154578949015,
  "spx_body_size": 0.0010198660117263596,
  "spx_range": 0.0015770005605493982,
  "spx_range_pct": 0.0019627547590062022,
  "spx_upper_shadow": 0.001293953973799944,
  "spx_lower_shadow": 0.0022725669744734964,
  "spx_close_position": 0.0019552192728345594,
  "spx_body_to_range": 0.0013544920172231893,
  "spx_gap": 0.001954898606830587,
  "spx_gap_magnitude": 0.002242239968230327,
  "spx_upper_rejection": 0.001373280460635821,
  "spx_lower_rejection": 0.0007109071593731642,
  "spx_range_expansion": 0.0013189821814497311,
  "spx_vix_corr_21d": 0.00325719538765649,
  "spx_vix_corr_63d": 0.003029060705254475,
  "spx_vix_corr_126d": 0.006352066916103165,
  "vix_vs_rv_10d": 0.004910800140351057,
  "vix_rv_ratio_10d": 0.006567626105000575,
  "vix_vs_rv_21d": 0.007765892582635085,
  "vix_rv_ratio_21d": 0.0036222677833090224,
  "SKEW": 0.0033476705042024455,
  "skew_regime": 0.0,
  "skew_vs_vix": 0.004456918065746625,
  "skew_vix_ratio": 0.013786357827484608,
  "skew_displacement": 0.0009450877550989389,
  "pc_equity_inst_divergence": 0.0006317318093351787,
  "pcc_accel_10d": 0.0019226144067943096,
  "COR1M": 0.006458500089744727,
  "COR1M_change_21d": 0.0010176453894625108,
  "COR1M_zscore_63d": 0.0008948040970911583,
  "COR3M": 0.001566643671443065,
  "COR3M_change_21d": 0.0023410281476875148,
  "COR3M_zscore_63d": 0.002659930226703485,
  "cor_term_structure": 0.0017094888413945835,
  "cor_term_slope_change_21d": 0.0011191082497437794,
  "VXTH": 0.004808461604019006,
  "VXTH_change_21d": 0.0021861022881542644,
  "VXTH_zscore_63d": 0.001162419794127345,
  "vxth_vix_ratio": 0.005036124959588051,
  "VXTLT": 0.008593363066514334,
  "VXTLT_change_21d": 0.005111210513859987,
  "VXTLT_zscore_63d": 0.0037425114617993436,
  "VXTLT_velocity_10d": 0.0034816050125906863,
  "VXTLT_acceleration_5d": 0.0020266914119323096,
  "bond_vol_regime": 0.0004906494480868181,
  "vxtlt_vix_ratio": 0.0033847777328143516,
  "vxtlt_vix_spread": 0.005143044438833992,
  "VXTLT_percentile_63d": 0.0015080230659805238,
  "VXTLT_percentile_126d": 0.006790270563215017,
  "VXTLT_percentile_252d": 0.006317033510034283,
  "VXTLT_vs_ma21": 0.0036969700207312903,
  "VXTLT_vs_ma63": 0.004647413734346628,
  "cboe_stress_composite": 0.01671622247279932,
  "cboe_stress_regime": 0.0,
  "VX1-VX2": 0.0029215902516928813,
  "VX1-VX2_change_21d": 0.0030112959599743285,
  "VX1-VX2_zscore_63d": 0.005003508335600297,
  "VX1-VX2_percentile_63d": 0.0018431500842173894,
  "VX2-VX1_RATIO": 0.0029452285186077156,
  "VX2-VX1_RATIO_velocity_10d": 0.002501678808281819,
  "vx_term_structure_regime": 0.004796462458519575,
  "vx_curve_acceleration": 0.0042605715959022445,
  "vx_term_structure_divergence": 0.002657104671622316,
  "CL1-CL2": 0.006671286032845576,
  "CL1-CL2_velocity_5d": 0.0013258021402483184,
  "CL1-CL2_zscore_63d": 0.0032524026464670897,
  "oil_term_regime": 0.0,
  "crude_oil_ret_10d": 0.0036463074696560702,
  "crude_oil_ret_21d": 0.0036448904623587928,
  "crude_oil_ret_63d": 0.006453998930131395,
  "crude_oil_vol_21d": 0.004373510368168354,
  "crude_oil_zscore_63d": 0.0041364153536657495,
  "DX1-DX2": 0.0025234874337911606,
  "DX1-DX2_velocity_5d": 0.002138559978144864,
  "DX1-DX2_zscore_63d": 0.0023523091028134027,
  "dxy_ret_10d": 0.006755167152732611,
  "dxy_ret_21d": 0.0036410632698486247,
  "dxy_ret_63d": 0.004417546248684327,
  "dxy_vs_ma50": 0.0041136171979208784,
  "dxy_vs_ma200": 0.005041573507090409,
  "dxy_vol_21d": 0.003141095939402779,
  "vx_crude_corr_21d": 0.005793888897945483,
  "vx_crude_divergence": 0.0024092833433921137,
  "vx_dollar_corr_21d": 0.00428132441205283,
  "dollar_crude_corr_21d": 0.0029717760626226664,
  "spx_vx_spread_corr_21d": 0.0037185046821832657,
  "spx_dollar_corr_21d": 0.0034911680656174817,
  "initial_claims": 0.005439883253226678,
  "claims_4wk_ma": 0.006953423998008172,
  "claims_velocity_4w": 0.004033629472057025,
  "claims_zscore_52w": 0.00625836073110501,
  "claims_percentile_52w": 0.0049703163870920735,
  "claims_regime": 0.0014273774189253647,
  "claims_velocity_zscore": 0.003726378781720996,
  "fin_stress_index": 0.009422439150512218,
  "stress_velocity_4w": 0.005487570151065786,
  "stress_zscore_52w": 0.004011654178611934,
  "stress_extreme": 0.009522667290487638,
  "stress_regime": 0.0002581112979290386,
  "hy_spread": 0.0048153694563855725,
  "hy_velocity_21d": 0.004447370767593384,
  "hy_zscore_252d": 0.010554611372450987,
  "hy_bb_spread": 0.007413103788470228,
  "hy_bb_velocity_21d": 0.002669440621199707,
  "hy_b_spread": 0.006036548099170129,
  "hy_b_velocity_21d": 0.004504052456468344,
  "hy_ccc_spread": 0.009572807233780622,
  "hy_ccc_velocity_21d": 0.0034500064017872014,
  "credit_quality_spread": 0.007670355572675665,
  "credit_widening_regime": 0.0025805562424163022,
  "ig_hy_spread": 0.0034814569323013225,
  "credit_stress_composite": 0.009789336783190569,
  "sofr": 0.0031274364640315375,
  "sofr_ff_spread": 0.00027936687304948765,
  "funding_stress": 9.81281918939203e-05,
  "funding_stress_zscore": 0.0008463916989664236,
  "funding_stress_regime": 0.0,
  "sofr_velocity_5d": 0.003097347915172577,
  "yield_10y2y": 0.0,
  "yield_10y2y_zscore": 0.0,