{
  "spx_lag1": 0.007127040531486273,
  "vix_ret_1d": 0.0014489100722130388,
  "vix_ret_5d": 0.00649840971454978,
  "vix_ret_10d": 0.00521422284655273,
  "vix_ret_21d": 0.005071464367210865,
  "vix_vol_10d": 0.005831837747246027,
  "vix_vol_21d": 0.0042388949543237684,
  "vix_vol_63d": 0.006131835840642452,
  "vix_velocity_5d": 0.009579778648912907,
  "vix_velocity_10d": 0.0065123617183417085,
  "vix_velocity_21d": 0.003848281968384981,
  "vix_vs_ma10": 0.012188617698848247,
  "vix_vs_ma21": 0.006289755087345838,
  "vix_vs_ma63": 0.007787577994167805,
  "vix_vs_ma252": 0.0065526111051440235,
  "vix_zscore_21d": 0.006544949766248464,
  "vix_zscore_63d": 0.006091602426022291,
  "vix_zscore_252d": 0.009997020941227674,
  "vix_momentum_z_10d": 0.0033937486121430995,
  "vix_momentum_z_21d": 0.0029275034787133334,
  "vix_accel_5d": 0.006442240346223116,
  "vix_stretch_ma21": 0.004597402084618807,
  "vix_stretch_ma63": 0.005162826832383871,
  "reversion_strength_21d": 0.003573320433497429,
  "reversion_strength_63d": 0.006924566440284252,
  "vix_bb_position_20d": 0.006886030361056328,
  "vix_extreme_low_21d": 0.0015493190847337246,
  "vix_regime": 0.0015922723338007926,
  "days_in_regime": 0.00880649071186781,
  "regime_distance_to_boundary": 0.005899928230792284,
  "regime_within_regime_percentile": 0.004583441279828548,
  "regime_change_flag": 0.0,
  "time_in_regime_pct": 0.004253032896667719,
  "regime_expected_return_5d": 0.004330258257687092,
  "regime_median_return_5d": 0.0,
  "regime_return_std_5d": 0.0,
  "regime_prob_up_5d": 0.0,
  "regime_vol_of_vol": 0.0,
  "regime_spike_prob": 0.0,
  "regime_prob_stay": 0.0,
  "regime_prob_crisis": 0.0,
  "regime_prob_elevated": 0.0,
  "spx_ret_1d": 0.004443831462413073,
  "spx_ret_5d": 0.008132108021527529,
  "spx_ret_10d": 0.004393218690529466,
  "spx_ret_21d": 0.004510439839214087,
  "spx_ret_63d": 0.006142229493707419,
  "spx_vs_ma20": 0.006024642381817102,
  "spx_vs_ma50": 0.007346293888986111,
  "spx_vs_ma200": 0.007193042989820242,
  "spx_momentum_z_10d": 0.005028500221669674,
  "spx_momentum_z_21d": 0.005414152890443802,
  "spx_realized_vol_10d": 0.007511543482542038,
  "spx_realized_vol_21d": 0.006032980675809085,
  "spx_realized_vol_63d": 0.008027295116335154,
  "spx_vol_ratio_10_21": 0.005705893877893687,
  "spx_vol_ratio_10_63": 0.004016154911369085,
  "spx_skew_21d": 0.005767955910414457,
  "spx_kurt_21d": 0.005120115354657173,
  "bb_position_20d": 0.010468301083892583,
  "bb_width_20d": 0.005577321210876107,
  "rsi_14": 0.009818444028496742,
  "rsi_regime": 0.0,
  "rsi_divergence": 0.002973406086675823,
  "macd": 0.005899232672527432,
  "macd_signal": 0.006023290380835533,
  "macd_histogram": 0.002468103519640863,
  "adx_14": 0.005857429094612598,
  "trend_strength": 0.005235466547310353,
  "spx_body_size": 0.0006535802036523819,
  "spx_range": 0.004325575660914183,
  "spx_range_pct": 0.005435012164525688,
  "spx_upper_shadow": 0.0016773597337305546,
  "spx_lower_shadow": 0.000548740744125098,
  "spx_close_position": 0.005529429949820042,
  "spx_body_to_range": 0.0018876801244914533,
  "spx_gap": 0.0015627152286469936,
  "spx_gap_magnitude": 0.002750913705676794,
  "spx_upper_rejection": 0.0,
  "spx_lower_rejection": 0.0017758850706741213,
  "spx_range_expansion": 0.0010519305709749461,
  "spx_vix_corr_21d": 0.0039161453023552895,
  "spx_vix_corr_63d": 0.0036426268517971037,
  "spx_vix_corr_126d": 0.006816558446735144,
  "vix_vs_rv_10d": 0.0056965377181768416,
  "vix_rv_ratio_10d": 0.005278855189681053,
  "vix_vs_rv_21d": 0.005596286430954933,
  "vix_rv_ratio_21d": 0.0066008767113089565,
  "SKEW": 0.0,
  "skew_regime": 0.0,
  "skew_vs_vix": 0.0012165561318397522,
  "skew_vix_ratio": 0.002542110625654459,
  "skew_displacement": 0.0014507814310491085,
  "pc_equity_inst_divergence": 0.0,
  "pcc_accel_10d": 0.0005380123388022184,
  "COR1M": 0.002268107794225216,
  "COR1M_change_21d": 0.0007050405256450176,
  "COR1M_zscore_63d": 0.000745477993041277,
  "COR3M": 0.002451455406844616,
  "COR3M_change_21d": 0.0,
  "COR3M_zscore_63d": 0.0,
  "cor_term_structure": 0.002000357303768396,
  "cor_term_slope_change_21d": 0.0026238927617669105,
  "VXTH": 0.001864443439990282,
  "VXTH_change_21d": 0.0,
  "VXTH_zscore_63d": 0.0,
  "vxth_vix_ratio": 0.0009416970424354076,
  "VXTLT": 0.004913502559065819,
  "VXTLT_change_21d": 0.0016758500132709742,
  "VXTLT_zscore_63d": 0.0011548420530743896,
  "VXTLT_velocity_10d": 0.005686157755553723,
  "VXTLT_acceleration_5d": 0.005127443792298436,
  "bond_vol_regime": 0.0,
  "vxtlt_vix_ratio": 0.007273898087441921,
  "vxtlt_vix_spread": 0.007782825734466314,
  "VXTLT_percentile_63d": 0.005284524150192737,
  "VXTLT_percentile_126d": 0.006580647546797991,
  "VXTLT_percentile_252d": 0.004218361666426062,
  "VXTLT_vs_ma21": 0.002632811164949089,
  "VXTLT_vs_ma63": 0.005255346279591322,
  "cboe_stress_composite": 0.0036337480647489428,
  "cboe_stress_regime": 0.0,
  "vx_contango_pct": 0.0,
  "vx_contango_5d_change": 0.0018778804689645768,
  "vx_contango_zscore": 0.0,
  "vx1_return_5d": 0.0,
  "vx2_return_5d": 0.0008247441612184048,
  "vx_curve_2_1_ratio": 0.0,
  "vx_curve_3_2_ratio": 0.0007413225714117289,
  "vx_curve_4_3_ratio": 0.0026764401234686376,
  "vx_curve_steepness": 0.0024510051123797895,
  "vx_oi_front_concentration": 0.001996266096830368,
  "vx_oi_imbalance": 0.002127344999462366,
  "vx_oi_5d_change": 0.0008925813250243664,
  "vx_oi_zscore_63d": 0.0012553696520626544,
  "vx_oi_surge": 0.0014156055636703967,
  "vx_churn_ratio": 0.002978002652525902,
  "vx_churn_zscore_63d": 0.0010122311301529407,
  "vx_roll_yield_annualized": 0.002031546551734209,
  "vx_roll_cost_5d": 0.001059457566589117,
  "vx_roll_yield_zscore_63d": 0.0022289525251835583,
  "vx_momentum_5d": 0.0,
  "vx_momentum_zscore": 0.001672355830669403,
  "CL1-CL2": 0.005801786156371236,
  "CL1-CL2_velocity_5d": 0.004156534979119897,
  "CL1-CL2_zscore_63d": 0.003930298751220107,
  "oil_term_regime": 0.0011039895936846734,
  "crude_oil_ret_10d": 0.00853301351889968,
  "crude_oil_ret_21d": 0.003999600606039167,
  "crude_oil_ret_63d": 0.006052775867283344,
  "crude_oil_vol_21d": 0.005403389595448971,
  "crude_oil_zscore_63d": 0.006497381767258048,
  "DX1-DX2": 0.003197251260280609,
  "DX1-DX2_velocity_5d": 0.003736331732943654,
  "DX1-DX2_zscore_63d": 0.00397593486122787,
  "dxy_ret_10d": 0.006937866471707821,
  "dxy_ret_21d": 0.005833248607814312,
  "dxy_ret_63d": 0.005154296709224582,
  "dxy_vs_ma50": 0.004096327209845185,
  "dxy_vs_ma200": 0.004448968917131424,
  "dxy_vol_21d": 0.0036982642719522118,
  "dollar_crude_corr_21d": 0.005923669785261154,
  "spx_dollar_corr_21d": 0.00411536954343319,
  "initial_claims": 0.005267794709652662,
  "claims_4wk_ma": 0.0061164069920778275,
  "claims_velocity_4w": 0.005007324367761612,
  "claims_zscore_52w": 0.005722201522439718,
  "claims_percentile_52w": 0.005908697098493576,
  "claims_regime": 0.0,
  "claims_velocity_zscore": 0.006024630833417177,
  "fin_stress_index": 0.0048646230250597,
  "stress_velocity_4w": 0.0048957125749439,
  "stress_zscore_52w": 0.0034868493210524322,
  "stress_extreme": 0.0,
  "stress_regime": 0.0,
  "hy_spread": 0.005479273479431867,
  "hy_velocity_21d": 0.0023121813632315026,
  "hy_zscore_252d": 0.004675366077572107,
  "hy_bb_spread": 0.0053745944052934645,
  "hy_bb_velocity_21d": 0.005994969047605991,
  "hy_b_spread": 0.006661977712064981,
  "hy_b_velocity_21d": 0.0046133059076964855,
  "hy_ccc_spread": 0.004021759331226349,
  "hy_ccc_velocity_21d": 0.002009080536663532,
  "credit_quality_spread": 0.003564852545969188,
  "credit_widening_regime": 0.003734484617598355,
  "ig_hy_spread": 0.005042943637818098,
  "credit_stress_composite": 0.008316205255687237,
  "sofr": 0.0,
  "sofr_ff_spread": 0.0,
  "funding_stress": 0.0006411003880202771,
  "funding_stress_zscore": 0.0010871250182390214,
  "funding_stress_regime": 0.0,
  "sofr_velocity_5d": 0.0,
  "yield_10y2y": 0.0,
  "yield_10y2y_zscore": 0.0,
  "yield_10y3m": 0.006028148345649242,