{
  "spx_lag1": 0.0021673074224963784,
  "vix_ret_1d": 0.0007035324815660715,
  "vix_ret_5d": 0.0016581923118792474,
  "vix_ret_10d": 0.001454907450048874,
  "vix_ret_21d": 0.0011891120035822194,
  "vix_vol_10d": 0.002928591682575643,
  "vix_vol_21d": 0.006272679039587577,
  "vix_vol_63d": 0.004872780836497744,
  "vix_velocity_5d": 0.006504862103611231,
  "vix_velocity_10d": 0.0023981845394397774,
  "vix_velocity_21d": 0.0037960290986423693,
  "vix_vs_ma10": 0.013197092494616905,
  "vix_vs_ma21": 0.005225672852247953,
  "vix_vs_ma63": 0.005680326372385025,
  "vix_vs_ma252": 0.004303596215322614,
  "vix_zscore_21d": 0.004307621158659458,
  "vix_zscore_63d": 0.002915137835467855,
  "vix_zscore_252d": 0.003857112256810069,
  "vix_momentum_z_10d": 0.003236351224283377,
  "vix_momentum_z_21d": 0.0043573273190607624,
  "vix_accel_5d": 0.005085162663211425,
  "vix_stretch_ma21": 0.0032332551199942827,
  "vix_stretch_ma63": 0.003228589737166961,
  "reversion_strength_21d": 0.0056383733948071795,
  "reversion_strength_63d": 0.005182957587142785,
  "vix_bb_position_20d": 0.006238369193548958,
  "vix_extreme_low_21d": 6.460658429811399e-05,
  "vix_regime": 0.015483029031505188,
  "days_in_regime": 0.011042180471122265,
  "spx_ret_1d": 0.0023483251376698413,
  "spx_ret_5d": 0.009304097232719263,
  "spx_ret_10d": 0.003498532654096683,
  "spx_ret_21d": 0.0028719554344813028,
  "spx_ret_63d": 0.005431831814348698,
  "spx_vs_ma20": 0.007987104123458266,
  "spx_vs_ma50": 0.00473927054554224,
  "spx_vs_ma200": 0.007672894901285569,
  "spx_momentum_z_10d": 0.0023958870054533086,
  "spx_momentum_z_21d": 0.0038771511365969977,
  "spx_realized_vol_10d": 0.0028768961395447454,
  "spx_realized_vol_21d": 0.005828592227771878,
  "spx_realized_vol_63d": 0.00645422392214338,
  "spx_vol_ratio_10_21": 0.003704722737893462,
  "spx_vol_ratio_10_63": 0.008043995747963587,
  "spx_skew_21d": 0.0058985009479026,
  "spx_kurt_21d": 0.0029437769359598556,
  "bb_position_20d": 0.003309157327748835,
  "bb_width_20d": 0.0051355911418795586,
  "rsi_14": 0.002867792616598308,
  "rsi_regime": 0.0,
  "rsi_divergence": 0.004303000246485074,
  "macd": 0.003761259256862104,
  "macd_signal": 0.006040084796647231,
  "macd_histogram": 0.0029536604415625334,
  "adx_14": 0.005349606275558472,
  "trend_strength": 0.004780773539096117,
  "spx_body_size": 0.001535517085964481,
  "spx_range": 0.001939647365361452,
  "spx_range_pct": 0.002094192081131041,
  "spx_upper_shadow": 0.0023215959081426263,
  "spx_lower_shadow": 0.0014939508594882984,
  "spx_close_position": 0.0023888941310967007,
  "spx_body_to_range": 0.0023416283656843007,
  "spx_gap": 0.0018806039976576965,
  "spx_gap_magnitude": 0.002743164038596054,
  "spx_upper_rejection": 0.0014456641705085833,
  "spx_lower_rejection": 0.0016805054619908333,
  "spx_range_expansion": 0.0029223584569990635,
  "spx_vix_corr_21d": 0.005105310119688511,
  "spx_vix_corr_63d": 0.004460428453360994,
  "spx_vix_corr_126d": 0.006715696770697832,
  "vix_vs_rv_10d": 0.008020879700779915,
  "vix_rv_ratio_10d": 0.010225879649321238,
  "vix_vs_rv_21d": 0.007783396635204554,
  "vix_rv_ratio_21d": 0.005403846191863219,
  "SKEW": 0.0026233216437200704,
  "skew_regime": 0.0,
  "skew_vs_vix": 0.005434281192719936,
  "skew_vix_ratio": 0.006115070544183254,
  "skew_displacement": 0.0039494941011071205,
  "pc_equity_inst_divergence": 0.0014517392652730148,
  "pcc_accel_10d": 0.0071698687970638275,
  "COR1M": 0.007638024166226387,
  "COR1M_change_21d": 0.0034948385631044707,
  "COR1M_zscore_63d": 0.0010952974359194438,
  "COR3M": 0.0023131915368139744,
  "COR3M_change_21d": 0.0026539646981594465,
  "COR3M_zscore_63d": 0.0016338443383574486,
  "cor_term_structure": 0.003906702933212121,
  "cor_term_slope_change_21d": 0.0013119081656138103,
  "VXTH": 0.003887890217204889,
  "VXTH_change_21d": 0.015699500838915508,
  "VXTH_zscore_63d": 0.0022823199008901915,
  "vxth_vix_ratio": 0.007903136623402437,
  "VXTLT": 0.0089226677082479,
  "VXTLT_change_21d": 0.00440614876182129,
  "VXTLT_zscore_63d": 0.0058164517395198345,
  "VXTLT_velocity_10d": 0.004957363164673249,
  "VXTLT_acceleration_5d": 0.0038168583996593952,
  "bond_vol_regime": 0.0027740420385574303,
  "vxtlt_vix_ratio": 0.005217274961372216,
  "vxtlt_vix_spread": 0.005295048079763849,
  "VXTLT_percentile_63d": 0.002311898279003799,
  "VXTLT_percentile_126d": 0.008590066029379765,
  "VXTLT_percentile_252d": 0.00742099240111808,
  "VXTLT_vs_ma21": 0.006727237564822038,
  "VXTLT_vs_ma63": 0.0053381977292398615,
  "cboe_stress_composite": 0.01811759554160138,
  "cboe_stress_regime": 0.0,
  "VX1-VX2": 0.003859013939897219,
  "VX1-VX2_change_21d": 0.0030431096286823354,
  "VX1-VX2_zscore_63d": 0.003452292953928312,
  "VX1-VX2_percentile_63d": 0.003740286764999231,
  "VX2-VX1_RATIO": 0.0037922527020176253,
  "VX2-VX1_RATIO_velocity_10d": 0.002901372965425253,
  "vx_term_structure_regime": 0.0021522107417695224,
  "vx_curve_acceleration": 0.0052255685441195965,
  "vx_term_structure_divergence": 0.0028921602061018348,
  "CL1-CL2": 0.00804767074684302,
  "CL1-CL2_velocity_5d": 0.001571107655763626,
  "CL1-CL2_zscore_63d": 0.0033952846812705197,
  "oil_term_regime": 0.0008864401218791803,
  "crude_oil_ret_10d": 0.004949414792160193,
  "crude_oil_ret_21d": 0.003812397364526987,
  "crude_oil_ret_63d": 0.00823722779750824,
  "crude_oil_vol_21d": 0.005168545215080182,
  "crude_oil_zscore_63d": 0.0043350922254224615,
  "DX1-DX2": 0.0013980486740668614,
  "DX1-DX2_velocity_5d": 0.0024120194915061197,
  "DX1-DX2_zscore_63d": 0.0036026613476375737,
  "dxy_ret_10d": 0.007615114251772563,
  "dxy_ret_21d": 0.004143497829015057,
  "dxy_ret_63d": 0.004936197306960821,
  "dxy_vs_ma50": 0.007701491160939137,
  "dxy_vs_ma200": 0.006711933761835098,
  "dxy_vol_21d": 0.004750020025918881,
  "vx_crude_corr_21d": 0.005269975013410051,
  "vx_crude_divergence": 0.0029134133753056326,
  "vx_dollar_corr_21d": 0.006166965079804261,
  "dollar_crude_corr_21d": 0.0039713710236052675,
  "spx_vx_spread_corr_21d": 0.004684348435451587,
  "spx_dollar_corr_21d": 0.005446051713079214,
  "yield_10y2y": 0.0,
  "yield_10y2y_zscore": 0.0,
  "yield_10y3m": 0.003610747323061029,
  "yield_2y3m": 0.0,
  "yield_5y2y": 0.0,
  "yield_30y10y": 0.00657129396374027,
  "yield_10y2y_velocity_10d": 0.0,
  "yield_10y2y_velocity_21d": 0.0,
  "yield_10y2y_velocity_63d": 0.0,
  "yield_10y2y_acceleration": 0.0,
  "yield_10y2y_vs_ma63": 0.0,
  "yield_10y2y_percentile_252d": 0.0,
  "yield_10y3m_velocity_10d": 0.003781457586834828,
  "yield_10y3m_velocity_21d": 0.004513645855089028,
  "yield_10y3m_velocity_63d": 0.006139350589364767,
  "yield_10y3m_acceleration": 0.00448146943623821,
  "yield_10y3m_vs_ma63": 0.005767896383379896,
  "yield_10y3m_percentile_252d": 0.005743361699084441,
  "yield_2y3m_velocity_10d": 0.0,
  "yield_2y3m_velocity_21d": 0.0,
  "yield_2y3m_velocity_63d": 0.0,
  "yield_2y3m_acceleration": 0.0,
  "yield_2y3m_vs_ma63": 0.0,
  "yield_2y3m_percentile_252d": 0.0,
  "yield_10y2y_inversion_depth": 0.0,
  "yield_10y3m_inversion_depth": 0.007529271068051457,
  "yield_curve_level": 0.004936480584243934,
  "yield_curve_level_zscore": 0.008963687190165123,
  "yield_curve_curvature": 0.0,
  "yield_curve_curvature_zscore": 0.0,
  "10y_vol_63d": 0.005322934128344059,
  "30y_vol_63d": 0.0071307639591395855,
  "yield_curve_vol_avg": 0.005904504097998142,
  "yield_curve_vol_dispersion": 0.004822918679565191,
  "vvix": 0.008539025206118822,
  "vvix_ret_5d": 0.004227651593585809,
  "vvix_ret_10d": 0.004061377529675762,
  "vvix_ret_21d": 0.006080504118775328,
  "vvix_velocity_10d": 0.011753517823914686,
  "vvix_velocity_21d": 0.004715559965309997,
  "vvix_vs_ma21": 0.008540719204271833,
  "vvix_vs_ma63": 0.004191297261665265,
  "vvix_zscore_21d": 0.0093073978399237,
  "vvix_zscore_63d": 0.001777897879946977,
  "vvix_vix_ratio": 0.007951545529067516,
  "vvix_vix_spread": 0.012573814485222101,
  "vvix_percentile_21d": 0.0034684647107496858,
  "vvix_percentile_63d": 0.004915854117522637,