{
  "spx_lag1": 0.0049772478174418214,
  "vix_ret_1d": 0.0021970887668430806,
  "vix_ret_5d": 0.0039728163741528984,
  "vix_ret_10d": 0.003991519706323743,
  "vix_ret_21d": 0.0028953686822205784,
  "vix_vol_10d": 0.004379750834777952,
  "vix_vol_21d": 0.005920832976698875,
  "vix_vol_63d": 0.005338834226131439,
  "vix_velocity_5d": 0.005252602510154247,
  "vix_velocity_10d": 0.002293026354163885,
  "vix_velocity_21d": 0.004042269755154848,
  "vix_vs_ma10": 0.0123110456392169,
  "vix_vs_ma21": 0.004082476487383246,
  "vix_vs_ma63": 0.005109803518280387,
  "vix_vs_ma252": 0.004264037788379938,
  "vix_zscore_21d": 0.00394873833283782,
  "vix_zscore_63d": 0.004235902009531856,
  "vix_zscore_252d": 0.006583950575441122,
  "vix_momentum_z_10d": 0.003031293582171202,
  "vix_momentum_z_21d": 0.0029534726403653623,
  "vix_accel_5d": 0.005460231006145478,
  "vix_stretch_ma21": 0.005221825372427702,
  "vix_stretch_ma63": 0.004226683685556054,
  "reversion_strength_21d": 0.0035534454858861864,
  "reversion_strength_63d": 0.005013851867988706,
  "vix_bb_position_20d": 0.006878385879099369,
  "vix_extreme_low_21d": 0.0,
  "vix_regime": 0.0010168191976845265,
  "days_in_regime": 0.005128998681902886,
  "regime_distance_to_boundary": 0.00445427056401968,
  "regime_within_regime_percentile": 0.0026812478201463817,
  "regime_change_flag": 0.0,
  "time_in_regime_pct": 0.005585045274347067,
  "regime_expected_return_5d": 0.0,
  "regime_median_return_5d": 0.0,
  "regime_return_std_5d": 0.0,
  "regime_prob_up_5d": 0.0,
  "regime_vol_of_vol": 0.0,
  "regime_spike_prob": 0.0,
  "regime_prob_stay": 0.0,
  "regime_prob_crisis": 0.0,
  "regime_prob_elevated": 0.0,
  "vix1m_vix3m_ratio": 0.005894049908965826,
  "vix_term_slope_short": 0.004628093633800745,
  "vix_term_slope_velocity_21d": 0.003443279629573226,
  "vix_term_ratio_zscore_63d": 0.005170249007642269,
  "vix3m_vix6m_ratio": 0.002891701553016901,
  "vix_term_slope_long": 0.004580478742718696,
  "vix_term_curvature": 0.0034507515374571085,
  "vix_term_curvature_zscore": 0.0020662198774516584,
  "spx_ret_1d": 0.002890546154230833,
  "spx_ret_5d": 0.005757429497316479,
  "spx_ret_10d": 0.0029101617634296416,
  "spx_ret_21d": 0.0031085092574357986,
  "spx_ret_63d": 0.0043605091515928505,
  "spx_vs_ma20": 0.004108098847791552,
  "spx_vs_ma50": 0.00621716920286417,
  "spx_vs_ma200": 0.004472851660102606,
  "spx_momentum_z_10d": 0.003078915923833847,
  "spx_momentum_z_21d": 0.003763946332037449,
  "spx_realized_vol_10d": 0.0036243318580091,
  "spx_realized_vol_21d": 0.006993516162037849,
  "spx_realized_vol_63d": 0.004535012878477573,
  "spx_vol_ratio_10_21": 0.003642922593280673,
  "spx_vol_ratio_10_63": 0.0038457509828731416,
  "spx_skew_21d": 0.005077813565731048,
  "spx_kurt_21d": 0.0027034169994294643,
  "bb_position_20d": 0.003454904165118933,
  "bb_width_20d": 0.004061047080904245,
  "rsi_14": 0.007397467270493507,
  "rsi_regime": 0.0,
  "rsi_divergence": 0.0036636365111917257,
  "macd": 0.0033978965366259217,
  "macd_signal": 0.0046224075369536875,
  "macd_histogram": 0.0031594574451446534,
  "adx_14": 0.004476156178861856,
  "trend_strength": 0.0031286620534956453,
  "spx_body_size": 0.0021058727987110617,
  "spx_range": 0.0032241967506706714,
  "spx_range_pct": 0.003619221830740571,
  "spx_upper_shadow": 0.0025287054711952807,
  "spx_lower_shadow": 0.0025229037273675203,
  "spx_close_position": 0.0038953386712819336,
  "spx_body_to_range": 0.002169545111246407,
  "spx_gap": 0.0022055922308936715,
  "spx_gap_magnitude": 0.00218918293248862,
  "spx_upper_rejection": 0.002195971831679344,
  "spx_lower_rejection": 0.0020955298328772186,
  "spx_range_expansion": 0.0021749923937022684,
  "spx_vix_corr_21d": 0.003338574408553541,
  "spx_vix_corr_63d": 0.0041701608337461945,
  "spx_vix_corr_126d": 0.003111946629360318,
  "vix_vs_rv_10d": 0.0035264525562524796,
  "vix_rv_ratio_10d": 0.004009023169055581,
  "vix_vs_rv_21d": 0.00481236600317061,
  "vix_rv_ratio_21d": 0.004123408952727914,
  "SKEW": 0.0,
  "skew_regime": 0.0,
  "skew_vs_vix": 0.001706617185845971,
  "skew_vix_ratio": 0.0011209533782675861,
  "skew_displacement": 0.0007253082934767008,
  "pc_equity_inst_divergence": 0.00034509995020926,
  "pcc_accel_10d": 0.0,
  "COR1M": 0.001131979562342167,
  "COR1M_change_21d": 0.0010499969823285938,
  "COR1M_zscore_63d": 0.0008208735845983029,
  "COR3M": 0.0016487025190144778,
  "COR3M_change_21d": 0.0009482334367930889,
  "COR3M_zscore_63d": 0.0007938667200505734,
  "cor_term_structure": 0.0013940297532826662,
  "cor_term_slope_change_21d": 0.001210391311906278,
  "VXTH": 0.001372334687039256,
  "VXTH_change_21d": 0.0010525842662900686,
  "VXTH_zscore_63d": 0.0009852524381130934,
  "vxth_vix_ratio": 0.0018029932864010334,
  "VXTLT": 0.004356858320534229,
  "VXTLT_change_21d": 0.002764293644577265,
  "VXTLT_zscore_63d": 0.0036353242117911576,
  "VXTLT_velocity_10d": 0.004031985253095627,
  "VXTLT_acceleration_5d": 0.0031244589947164057,
  "bond_vol_regime": 0.0,
  "vxtlt_vix_ratio": 0.005878503993153572,
  "vxtlt_vix_spread": 0.004959019739180804,
  "VXTLT_percentile_63d": 0.004329336155205965,
  "VXTLT_percentile_126d": 0.004683678690344095,
  "VXTLT_percentile_252d": 0.002142652589827776,
  "VXTLT_vs_ma21": 0.0031824368285015225,
  "VXTLT_vs_ma63": 0.0030991066014394164,
  "cboe_stress_composite": 0.004536452516913414,
  "cboe_stress_regime": 0.0,
  "vx_contango_pct": 0.0,
  "vx_contango_5d_change": 0.0018461504019796847,
  "vx_contango_zscore": 0.0007800215855240822,
  "vx1_return_5d": 0.00028418777510523795,
  "vx2_return_5d": 0.0013995547080412507,
  "vx_curve_2_1_ratio": 0.0,
  "vx_curve_3_2_ratio": 0.0020194079261273146,
  "vx_curve_4_3_ratio": 0.002587206196039915,
  "vx_curve_steepness": 0.001981828780844808,
  "vx_oi_front_concentration": 0.0011114297434687615,
  "vx_oi_imbalance": 0.0,
  "vx_oi_5d_change": 0.0014979906845837831,
  "vx_oi_zscore_63d": 0.002936099283397198,
  "vx_oi_surge": 0.0024561370257288216,
  "vx_churn_ratio": 0.003994280658662319,
  "vx_churn_zscore_63d": 0.00256764474324882,
  "vx_roll_yield_annualized": 0.004169096611440182,
  "vx_roll_cost_5d": 0.00044462378136813643,
  "vx_roll_yield_zscore_63d": 0.001470394805073738,
  "vx_momentum_5d": 0.0,
  "vx_momentum_zscore": 0.0,
  "CL1-CL2": 0.0035598061047494413,
  "CL1-CL2_velocity_5d": 0.0030401861760765312,
  "CL1-CL2_zscore_63d": 0.003732403926551342,
  "oil_term_regime": 0.0,
  "crude_oil_ret_10d": 0.006019567884504795,
  "crude_oil_ret_21d": 0.003439682116732001,
  "crude_oil_ret_63d": 0.005582970846444368,
  "crude_oil_vol_21d": 0.004259941540658474,
  "crude_oil_zscore_63d": 0.004647001670673489,
  "DX1-DX2": 0.0028523915912956,
  "DX1-DX2_velocity_5d": 0.002918008994311094,
  "DX1-DX2_zscore_63d": 0.0030057540629059077,
  "dxy_ret_10d": 0.005610666982829571,
  "dxy_ret_21d": 0.004047580482438207,
  "dxy_ret_63d": 0.00430114190094173,
  "dxy_vs_ma50": 0.004836459038779139,
  "dxy_vs_ma200": 0.0034602357540279628,
  "dxy_vol_21d": 0.0028456469997763635,
  "dollar_crude_corr_21d": 0.003766873385757208,
  "spx_dollar_corr_21d": 0.0036803727503865956,
  "initial_claims": 0.002819322794675827,
  "claims_4wk_ma": 0.006033731438219547,
  "claims_velocity_4w": 0.004382872674614191,
  "claims_zscore_52w": 0.0034614828415215015,
  "claims_percentile_52w": 0.004210563283413649,
  "claims_regime": 0.0,
  "claims_velocity_zscore": 0.004328540759161115,
  "fin_stress_index": 0.0029240810312330724,
  "stress_velocity_4w": 0.0033305057324469088,
  "stress_zscore_52w": 0.0029508344363421203,
  "stress_extreme": 0.0006065187510102988,
  "stress_regime": 0.0,
  "hy_spread": 0.00658007999882102,
  "hy_velocity_21d": 0.0036711577326059342,
  "hy_zscore_252d": 0.005629151593893766,
  "hy_bb_spread": 0.003771521896123886,
  "hy_bb_velocity_21d": 0.004431046126410365,
  "hy_b_spread": 0.005940754525363445,
  "hy_b_velocity_21d": 0.0030716639012098312,
  "hy_ccc_spread": 0.003589875251054764,
  "hy_ccc_velocity_21d": 0.004672168148681521,