{
  "correlation_threshold": 0.9,
  "n_removed_correlation": 4,
  "n_samples": 2613,
  "n_selected": 42,
  "random_state": 42,
  "target_type": "compression",
  "top_10_features": [
    "vix_vs_ma63",
    "joint_regime_expected_return",
    "vix_vs_ma21",
    "vix_percentile_126d",
    "vix_velocity_5d_regime_adj",
    "vix_vel_spx_rv_ratio",
    "vix_skew_joint_regime",
    "vvix",
    "regime_x_opex_prox",
    "gold_zscore_63d"
  ],
  "top_10_importance": [
    0.04896441623568535,
    0.023402839479967952,
    0.01687024487182498,
    0.01606257138773799,
    0.015729396045207976,
    0.013196340948343276,
    0.012590261083096266,
    0.00891327423742041,
    0.008609806839376687,
    0.008206359017640353
  ],
  "top_n": 42
}