{
  "target_type": "up",
  "top_n": 115,
  "correlation_threshold": 0.9269,
  "n_selected": 115,
  "n_removed_correlation": 18,
  "n_samples": 4859,
  "top_10_features": [
    "vix_vs_ma10",
    "vix_velocity_5d_regime_adj",
    "vix_zscore_252d",
    "month",
    "vix_zscore_252d_x_regime_0",
    "vix_percentile_126d",
    "rsi_14",
    "hy_spread",
    "vix_percentile_252d",
    "claims_4wk_ma"
  ],
  "top_10_importance": [
    0.013029346615076065,
    0.011402121186256409,
    0.008168310485780239,
    0.008087541349232197,
    0.007619129493832588,
    0.007594460155814886,
    0.007396885193884373,
    0.00708279232494533,
    0.007062783045694232,
    0.006570568215101958
  ]
}