{
  "spx_lag1": 0.002241986896842718,
  "vix_ret_1d": 0.0010138206300325692,
  "vix_ret_5d": 0.004243919553118758,
  "vix_ret_10d": 0.0016082597430795431,
  "vix_ret_21d": 0.0025981931248679757,
  "vix_vol_10d": 0.004630772536620498,
  "vix_vol_21d": 0.0034645183710381388,
  "vix_vol_63d": 0.006123724114149809,
  "vix_velocity_5d": 0.017986738122999668,
  "vix_velocity_10d": 0.001695534965256229,
  "vix_velocity_21d": 0.006199306715279818,
  "vix_vs_ma10": 0.014439551159739494,
  "vix_vs_ma21": 0.006043309485539794,
  "vix_vs_ma63": 0.0071492941118776795,
  "vix_vs_ma252": 0.005645628133788705,
  "vix_zscore_21d": 0.004255367908626795,
  "vix_zscore_63d": 0.004782077251002192,
  "vix_zscore_252d": 0.006317282095551491,
  "vix_momentum_z_10d": 0.0034153349697589874,
  "vix_momentum_z_21d": 0.0044654796598479155,
  "vix_accel_5d": 0.007527093077078462,
  "vix_stretch_ma21": 0.005493406252935529,
  "vix_stretch_ma63": 0.0033273509005084636,
  "reversion_strength_21d": 0.005537825892679394,
  "reversion_strength_63d": 0.004286025790497661,
  "vix_bb_position_20d": 0.0016689089592546225,
  "vix_extreme_low_21d": 0.0,
  "vix_regime": 0.010971753718331456,
  "days_in_regime": 0.013239226117730141,
  "regime_distance_to_boundary": 0.004291630210354924,
  "regime_within_regime_percentile": 0.0026135876309126616,
  "regime_change_flag": 0.0,
  "time_in_regime_pct": 0.005951391439884901,
  "regime_expected_return_5d": 0.012412497401237487,
  "regime_median_return_5d": 0.0,
  "regime_return_std_5d": 0.0,
  "regime_prob_up_5d": 0.0,
  "regime_vol_of_vol": 0.0,
  "regime_spike_prob": 0.0011410653591156007,
  "regime_prob_stay": 0.0,
  "regime_prob_crisis": 0.0,
  "regime_prob_elevated": 0.0,
  "spx_ret_1d": 0.0014626597752794624,
  "spx_ret_5d": 0.009735303767956793,
  "spx_ret_10d": 0.0016462926840176805,
  "spx_ret_21d": 0.0035724470391869543,
  "spx_ret_63d": 0.0044160183984786276,
  "spx_vs_ma20": 0.004076704895123839,
  "spx_vs_ma50": 0.003712939750403166,
  "spx_vs_ma200": 0.005678466707468033,
  "spx_momentum_z_10d": 0.001805976964533329,
  "spx_momentum_z_21d": 0.003305156179703772,
  "spx_realized_vol_10d": 0.002747034770436585,
  "spx_realized_vol_21d": 0.004780609824229032,
  "spx_realized_vol_63d": 0.005642116442322731,
  "spx_vol_ratio_10_21": 0.004740398284047842,
  "spx_vol_ratio_10_63": 0.007742269616574049,
  "spx_skew_21d": 0.003960547316819429,
  "spx_kurt_21d": 0.0031775637529790402,
  "bb_position_20d": 0.006062087789177895,
  "bb_width_20d": 0.005195440119132399,
  "rsi_14": 0.003959930362179875,
  "rsi_regime": 0.0,
  "rsi_divergence": 0.0034870160976424812,
  "macd": 0.0039013408124446867,
  "macd_signal": 0.006595434062182904,
  "macd_histogram": 0.0026474480982869864,
  "adx_14": 0.004602844035252929,
  "trend_strength": 0.0025544388685375453,
  "spx_body_size": 0.0010358227300457656,
  "spx_range": 0.0026950002647936344,
  "spx_range_pct": 0.0020546274026855826,
  "spx_upper_shadow": 0.0024794075055979193,
  "spx_lower_shadow": 0.0014990055002272128,
  "spx_close_position": 0.0027459946693852546,
  "spx_body_to_range": 0.0014852797263301908,
  "spx_gap": 0.001178579608676955,
  "spx_gap_magnitude": 0.0005499500839505345,
  "spx_upper_rejection": 0.0011406146688386798,
  "spx_lower_rejection": 0.0008708724519237876,
  "spx_range_expansion": 0.0019052958581596614,
  "spx_vix_corr_21d": 0.004180244356393814,
  "spx_vix_corr_63d": 0.005499728489667177,
  "spx_vix_corr_126d": 0.006091401679441333,
  "vix_vs_rv_10d": 0.007802855735644698,
  "vix_rv_ratio_10d": 0.0067619707901030775,
  "vix_vs_rv_21d": 0.00795772997662425,
  "vix_rv_ratio_21d": 0.005402257852256298,
  "SKEW": 0.0028172890190035103,
  "skew_regime": 0.0,
  "skew_vs_vix": 0.0024734479375183582,
  "skew_vix_ratio": 0.003926528990268708,
  "skew_displacement": 0.0020426517352461816,
  "pc_equity_inst_divergence": 0.0014030743855983018,
  "pcc_accel_10d": 0.0015189943835139275,
  "COR1M": 0.002994746807962656,
  "COR1M_change_21d": 0.00220704129897058,
  "COR1M_zscore_63d": 0.0007998289889656008,
  "COR3M": 0.0011074771638959647,
  "COR3M_change_21d": 0.0025676678866147994,
  "COR3M_zscore_63d": 0.0006165133323520422,
  "cor_term_structure": 0.0024796441197395326,
  "cor_term_slope_change_21d": 0.0022322201170027257,
  "VXTH": 0.002672938676550984,
  "VXTH_change_21d": 0.0025745704770088196,
  "VXTH_zscore_63d": 0.0012202690355479716,
  "vxth_vix_ratio": 0.0013593657873570918,
  "VXTLT": 0.007807368226349354,
  "VXTLT_change_21d": 0.003515173972118646,
  "VXTLT_zscore_63d": 0.003828069567680359,
  "VXTLT_velocity_10d": 0.004612924973480403,
  "VXTLT_acceleration_5d": 0.002393366047181189,
  "bond_vol_regime": 0.0,
  "vxtlt_vix_ratio": 0.003210907755419612,
  "vxtlt_vix_spread": 0.00798180173151195,
  "VXTLT_percentile_63d": 0.0026144268922507763,
  "VXTLT_percentile_126d": 0.005929131724406034,
  "VXTLT_percentile_252d": 0.00506830068770796,
  "VXTLT_vs_ma21": 0.004277060599997639,
  "VXTLT_vs_ma63": 0.0038967158645391462,
  "cboe_stress_composite": 0.004838382452726364,
  "cboe_stress_regime": 0.0,
  "VX1-VX2": 0.003139608586207032,
  "VX1-VX2_change_21d": 0.0038777988404035567,
  "VX1-VX2_zscore_63d": 0.0033784096129238607,
  "VX1-VX2_percentile_63d": 0.003994477353990078,
  "VX2-VX1_RATIO": 0.004164216713979841,
  "VX2-VX1_RATIO_velocity_10d": 0.003405247093178332,
  "vx_term_structure_regime": 0.0,
  "vx_curve_acceleration": 0.005640003178268671,
  "vx_term_structure_divergence": 0.003222571755759418,
  "CL1-CL2": 0.0055966686457395555,
  "CL1-CL2_velocity_5d": 0.0033175488701090218,
  "CL1-CL2_zscore_63d": 0.003699164604768157,
  "oil_term_regime": 0.0,
  "crude_oil_ret_10d": 0.004918017890304327,
  "crude_oil_ret_21d": 0.0033868161379359664,
  "crude_oil_ret_63d": 0.00942017650231719,
  "crude_oil_vol_21d": 0.004469362553209066,
  "crude_oil_zscore_63d": 0.005104405339807272,
  "DX1-DX2": 0.0019271902623586358,
  "DX1-DX2_velocity_5d": 0.00323484888067469,
  "DX1-DX2_zscore_63d": 0.0026430901139974593,
  "dxy_ret_10d": 0.006275570625439287,
  "dxy_ret_21d": 0.00392091223038733,
  "dxy_ret_63d": 0.00534345991909504,
  "dxy_vs_ma50": 0.004351497115567327,
  "dxy_vs_ma200": 0.0075359889306128025,
  "dxy_vol_21d": 0.005123196309432388,
  "vx_crude_corr_21d": 0.003608305798843503,
  "vx_crude_divergence": 0.0011781428707763552,
  "vx_dollar_corr_21d": 0.004633646085858345,
  "dollar_crude_corr_21d": 0.0037792152259498836,
  "spx_vx_spread_corr_21d": 0.0032024008221924307,
  "spx_dollar_corr_21d": 0.005006544291973114,
  "initial_claims": 0.004621438076719641,
  "claims_4wk_ma": 0.004271401045843959,
  "claims_velocity_4w": 0.007968478370457888,
  "claims_zscore_52w": 0.004984922893345356,
  "claims_percentile_52w": 0.00640021963045001,
  "claims_regime": 0.0010971534065902233,
  "claims_velocity_zscore": 0.004982829419896006,
  "fin_stress_index": 0.007218857249245048,
  "stress_velocity_4w": 0.0038547239731997252,
  "stress_zscore_52w": 0.004586711479350925,
  "stress_extreme": 0.0023263154551386835,
  "stress_regime": 0.0,
  "hy_spread": 0.005609205295331776,
  "hy_velocity_21d": 0.0046119506936520335,
  "hy_zscore_252d": 0.005637147836387158,
  "hy_bb_spread": 0.003281821217387915,
  "hy_bb_velocity_21d": 0.007460035476833582,
  "hy_b_spread": 0.004655020916834474,
  "hy_b_velocity_21d": 0.008305113622918725,
  "hy_ccc_spread": 0.002940311748534441,
  "hy_ccc_velocity_21d": 0.0029154279036447406,
  "credit_quality_spread": 0.00560505804605782,
  "credit_widening_regime": 0.0005346809048205614,
  "ig_hy_spread": 0.006079302867874503,
  "credit_stress_composite": 0.006287099234759808,
  "sofr": 0.002702699787914753,
  "sofr_ff_spread": 0.0,
  "funding_stress": 0.000315890833735466,
  "funding_stress_zscore": 0.0005543660838156939,
  "funding_stress_regime": 0.0,
  "sofr_velocity_5d": 0.0015665458515286446,
  "yield_10y2y": 0.0,
  "yield_10y2y_zscore": 0.0,
  "yield_10y3m": 0.005810647131875157,
  "yield_2y3m": 0.0,
  "yield_5y2y": 0.0,
  "yield_30y10y": 0.005669817328453064,