{
  "spx_lag1": 0.00497724749147892,
  "vix_ret_1d": 0.0021970884641632437,
  "vix_ret_5d": 0.003972816187888384,
  "vix_ret_10d": 0.003991519729606807,
  "vix_ret_21d": 0.0028953686356544494,
  "vix_vol_10d": 0.0043797506485134365,
  "vix_vol_21d": 0.005920832883566618,
  "vix_vol_63d": 0.005338834412395954,
  "vix_velocity_5d": 0.005252602137625217,
  "vix_velocity_10d": 0.002293026144616306,
  "vix_velocity_21d": 0.004042269522324204,
  "vix_vs_ma10": 0.012311046104878187,
  "vix_vs_ma21": 0.004082476487383246,
  "vix_vs_ma63": 0.005109803471714258,
  "vix_vs_ma252": 0.004264037834946066,
  "vix_zscore_21d": 0.00394873833283782,
  "vix_zscore_63d": 0.00423590219579637,
  "vix_zscore_252d": 0.006583950109779834,
  "vix_momentum_z_10d": 0.0030312934890389443,
  "vix_momentum_z_21d": 0.0029534726403653623,
  "vix_accel_5d": 0.00546023128554225,
  "vix_stretch_ma21": 0.0052218249998986725,
  "vix_stretch_ma63": 0.004226683685556054,
  "reversion_strength_21d": 0.0035534455440938474,
  "reversion_strength_63d": 0.0050138513091951605,
  "vix_bb_position_20d": 0.006878386111930012,
  "vix_extreme_low_21d": 0.0,
  "vix_regime": 0.0010168192908167838,
  "days_in_regime": 0.005128998402506113,
  "regime_distance_to_boundary": 0.004454270796850323,
  "regime_within_regime_percentile": 0.002681247773580253,
  "regime_change_flag": 0.0,
  "time_in_regime_pct": 0.005585045088082552,
  "regime_expected_return_5d": 0.0,
  "regime_median_return_5d": 0.0,
  "regime_return_std_5d": 0.0,
  "regime_prob_up_5d": 0.0,
  "regime_vol_of_vol": 0.0,
  "regime_spike_prob": 0.0,
  "regime_prob_stay": 0.0,
  "regime_prob_crisis": 0.0,
  "regime_prob_elevated": 0.0,
  "vix1m_vix3m_ratio": 0.0058940500020980835,
  "vix_term_slope_short": 0.00462809382006526,
  "vix_term_slope_velocity_21d": 0.0034432796761393546,
  "vix_term_ratio_zscore_63d": 0.005170249100774527,
  "vix3m_vix6m_ratio": 0.0028917012736201287,
  "vix_term_slope_long": 0.004580478509888053,
  "vix_term_curvature": 0.003450751444324851,
  "vix_term_curvature_zscore": 0.0020662196911871433,
  "spx_ret_1d": 0.0028905461076647043,
  "spx_ret_5d": 0.005757429404184222,
  "spx_ret_10d": 0.002910161833278835,
  "spx_ret_21d": 0.00310850985115394,
  "spx_ret_63d": 0.004360509105026722,
  "spx_vs_ma20": 0.0041080987313762305,
  "spx_vs_ma50": 0.006217169295996428,
  "spx_vs_ma200": 0.004472851753234863,
  "spx_momentum_z_10d": 0.003078915853984654,
  "spx_momentum_z_21d": 0.003763946145772934,
  "spx_realized_vol_10d": 0.003624331671744585,
  "spx_realized_vol_21d": 0.006993516162037849,
  "spx_realized_vol_63d": 0.004535012831911445,
  "spx_vol_ratio_10_21": 0.0036429230123758314,
  "spx_vol_ratio_10_63": 0.003845751076005399,
  "spx_skew_21d": 0.005077813565731048,
  "spx_kurt_21d": 0.002703416859731078,
  "bb_position_20d": 0.003454904112732038,
  "bb_width_20d": 0.004061047313734889,
  "rsi_14": 0.007397466897964477,
  "rsi_regime": 0.0,
  "rsi_divergence": 0.003663636278361082,
  "macd": 0.0033978961873799562,
  "macd_signal": 0.004622407257556915,
  "macd_histogram": 0.0031594573985785244,
  "adx_14": 0.0044761561322957276,
  "trend_strength": 0.003128662146627903,
  "spx_body_size": 0.002105872565880418,
  "spx_range": 0.0032241970766335726,
  "spx_range_pct": 0.003619221784174442,
  "spx_upper_shadow": 0.002528705447912216,
  "spx_lower_shadow": 0.0025229040300473573,
  "spx_close_position": 0.0038953387178480626,
  "spx_body_to_range": 0.0021695450879633425,
  "spx_gap": 0.0022055921494029463,
  "spx_gap_magnitude": 0.0021891829557716845,
  "spx_upper_rejection": 0.0021959716686978936,
  "spx_lower_rejection": 0.0020955300657078623,
  "spx_range_expansion": 0.002174992370419204,
  "spx_vix_corr_21d": 0.003338574361987412,
  "spx_vix_corr_63d": 0.004170160740613937,
  "spx_vix_corr_126d": 0.003111946489661932,
  "vix_vs_rv_10d": 0.003526452463120222,
  "vix_rv_ratio_10d": 0.00400902284309268,
  "vix_vs_rv_21d": 0.004812365863472223,
  "vix_rv_ratio_21d": 0.004123408999294043,
  "SKEW": 0.0,
  "skew_regime": 0.0,
  "skew_vs_vix": 0.0017066169064491987,
  "skew_vix_ratio": 0.0011209533549845219,
  "skew_displacement": 0.0007253082934767008,
  "pc_equity_inst_divergence": 0.00034509995020926,
  "pcc_accel_10d": 0.0,
  "COR1M": 0.001131979562342167,
  "COR1M_change_21d": 0.001049996935762465,
  "COR1M_zscore_63d": 0.0008208737010136247,
  "COR3M": 0.0016487025190144778,
  "COR3M_change_21d": 0.0009482335299253464,
  "COR3M_zscore_63d": 0.0007938667200505734,
  "cor_term_structure": 0.0013940296601504087,
  "cor_term_slope_change_21d": 0.0012103915447369217,
  "VXTH": 0.0013723347336053848,
  "VXTH_change_21d": 0.0010525842662900686,
  "VXTH_zscore_63d": 0.0009852524381130934,
  "vxth_vix_ratio": 0.0018029933795332908,
  "VXTLT": 0.0043568585999310015,
  "VXTLT_change_21d": 0.0027642935048788784,
  "VXTLT_zscore_63d": 0.003635324025526643,
  "VXTLT_velocity_10d": 0.0040319851133972405,
  "VXTLT_acceleration_5d": 0.0031244590412825347,
  "bond_vol_regime": 0.0,
  "vxtlt_vix_ratio": 0.005878504179418087,
  "vxtlt_vix_spread": 0.004959019320085645,
  "VXTLT_percentile_63d": 0.004329336015507579,
  "VXTLT_percentile_126d": 0.00468367850407958,
  "VXTLT_percentile_252d": 0.0021426526829600332,
  "VXTLT_vs_ma21": 0.003182436781935394,
  "VXTLT_vs_ma63": 0.0030991069972515104,
  "cboe_stress_composite": 0.004536452516913414,
  "cboe_stress_regime": 0.0,
  "vx_contango_pct": 0.0,
  "vx_contango_5d_change": 0.0018461504951119423,
  "vx_contango_zscore": 0.0007800215855240822,
  "vx1_return_5d": 0.00028418777510523795,
  "vx2_return_5d": 0.0013995546381920577,
  "vx_curve_2_1_ratio": 0.0,
  "vx_curve_3_2_ratio": 0.002019407832995057,
  "vx_curve_4_3_ratio": 0.0025872060097754,
  "vx_curve_steepness": 0.0019818286411464213,
  "vx_oi_front_concentration": 0.0011114297434687615,
  "vx_oi_imbalance": 0.0,
  "vx_oi_5d_change": 0.001497990544885397,
  "vx_oi_zscore_63d": 0.002936099050566554,
  "vx_oi_surge": 0.002456136979162693,
  "vx_churn_ratio": 0.003994280565530061,
  "vx_churn_zscore_63d": 0.00256764474324882,
  "vx_roll_yield_annualized": 0.004169096658006311,
  "vx_roll_cost_5d": 0.00044462373480200765,
  "vx_roll_yield_zscore_63d": 0.0014703947119414807,
  "vx_momentum_5d": 0.0,
  "vx_momentum_zscore": 0.0,
  "CL1-CL2": 0.0035598060581833123,
  "CL1-CL2_velocity_5d": 0.003040186036378145,
  "CL1-CL2_zscore_63d": 0.0037324040662497283,
  "oil_term_regime": 0.0,
  "crude_oil_ret_10d": 0.006019567791372538,
  "crude_oil_ret_21d": 0.003439682116732001,
  "crude_oil_ret_63d": 0.005582970753312111,
  "crude_oil_vol_21d": 0.004259941354393959,
  "crude_oil_zscore_63d": 0.004647001624107361,
  "DX1-DX2": 0.002852391730993986,
  "DX1-DX2_velocity_5d": 0.002918008854612708,
  "DX1-DX2_zscore_63d": 0.0030057539232075216,
  "dxy_ret_10d": 0.005610667122527957,
  "dxy_ret_21d": 0.004047580529004335,
  "dxy_ret_63d": 0.004301141807809472,
  "dxy_vs_ma50": 0.004836459178477526,
  "dxy_vs_ma200": 0.0034602358471602203,
  "dxy_vol_21d": 0.0028456469997763635,
  "dollar_crude_corr_21d": 0.0037668738048523666,
  "spx_dollar_corr_21d": 0.0036803727969527246,
  "initial_claims": 0.0028193228878080844,
  "claims_4wk_ma": 0.006033731903880834,
  "claims_velocity_4w": 0.004382872441783548,
  "claims_zscore_52w": 0.0034614828415215015,
  "claims_percentile_52w": 0.004210563004016876,
  "claims_regime": 0.0,
  "claims_velocity_zscore": 0.004328540898859501,
  "fin_stress_index": 0.0029240809846669434,
  "stress_velocity_4w": 0.0033305055927485227,
  "stress_zscore_52w": 0.0029508343897759913,
  "stress_extreme": 0.0006065186578780412,
  "stress_regime": 0.0,
  "hy_spread": 0.006580080324783921,
  "hy_velocity_21d": 0.003671157592907548,
  "hy_zscore_252d": 0.00562915182672441,
  "hy_bb_spread": 0.003771522082388401,
  "hy_bb_velocity_21d": 0.004431046219542623,
  "hy_b_spread": 0.005940754432231188,
  "hy_b_velocity_21d": 0.003071663621813059,
  "hy_ccc_spread": 0.003589875204488635,
  "hy_ccc_velocity_21d": 0.004672168241813779,