{
  "spx_lag1": 0.0024100448548172912,
  "vix_ret_1d": 0.0012692207237705588,
  "vix_ret_5d": 0.0015681898609424632,
  "vix_ret_10d": 0.0024521473484734693,
  "vix_ret_21d": 0.0034795006892333427,
  "vix_vol_10d": 0.007214309802899758,
  "vix_vol_21d": 0.006149785593152046,
  "vix_vol_63d": 0.006502927436182897,
  "vix_velocity_5d": 0.020969318846861523,
  "vix_velocity_10d": 0.007966398106267055,
  "vix_velocity_21d": 0.008621603095283112,
  "vix_vs_ma10": 0.013337234656016031,
  "vix_vs_ma21": 0.007026490910599629,
  "vix_vs_ma63": 0.011273452236006657,
  "vix_vs_ma252": 0.006461356611301501,
  "vix_zscore_21d": 0.005025781225413084,
  "vix_zscore_63d": 0.01292193712045749,
  "vix_zscore_252d": 0.007324693258851767,
  "vix_momentum_z_10d": 0.004610978377362092,
  "vix_momentum_z_21d": 0.006229217940320571,
  "vix_accel_5d": 0.00481455175516506,
  "vix_stretch_ma21": 0.004613660275936127,
  "vix_stretch_ma63": 0.0044713203484813375,
  "reversion_strength_21d": 0.004998654592782259,
  "reversion_strength_63d": 0.008295728514591852,
  "vix_bb_position_20d": 0.014928408898413181,
  "vix_extreme_low_21d": 0.0029632678100218377,
  "vix_regime": 0.018702472385484725,
  "days_in_regime": 0.009022536687552929,
  "spx_ret_1d": 0.0019435406817744176,
  "spx_ret_5d": 0.012223229510709643,
  "spx_ret_10d": 0.004863982864965995,
  "spx_ret_21d": 0.005858059351642926,
  "spx_ret_63d": 0.011188200674951077,
  "spx_vs_ma20": 0.005951807368546724,
  "spx_vs_ma50": 0.004604636846731107,
  "spx_vs_ma200": 0.008505859722693762,
  "spx_momentum_z_10d": 0.0033184233276794353,
  "spx_momentum_z_21d": 0.0060999696142971516,
  "spx_realized_vol_10d": 0.005519665700073044,
  "spx_realized_vol_21d": 0.008778573789944252,
  "spx_realized_vol_63d": 0.014184287438790003,
  "spx_vol_ratio_10_21": 0.006348620634526014,
  "spx_vol_ratio_10_63": 0.014817797889312109,
  "spx_skew_21d": 0.008738847604642311,
  "spx_kurt_21d": 0.005024308804422617,
  "bb_position_20d": 0.0049931971201052265,
  "bb_width_20d": 0.008392220673461756,
  "rsi_14": 0.006566008397688468,
  "rsi_regime": 0.001263624484029909,
  "rsi_divergence": 0.004502114141359925,
  "macd": 0.0064293995189170046,
  "macd_signal": 0.00584000318000714,
  "macd_histogram": 0.0057956573242942495,
  "adx_14": 0.007556428511937459,
  "trend_strength": 0.006306182903548081,
  "spx_body_size": 0.003020897837510953,
  "spx_range": 0.002840257560213407,
  "spx_range_pct": 0.0026871179385731616,
  "spx_upper_shadow": 0.0035165620890135565,
  "spx_lower_shadow": 0.002312029517876605,
  "spx_close_position": 0.006255835294723511,
  "spx_body_to_range": 0.0042871469631791115,
  "spx_gap": 0.0027611363912001252,
  "spx_gap_magnitude": 0.0030886531652261815,
  "spx_upper_rejection": 0.004879565676674247,
  "spx_lower_rejection": 0.0030514398434509835,
  "spx_range_expansion": 0.0032465027955671153,
  "spx_vix_corr_21d": 0.005155726646383603,
  "spx_vix_corr_63d": 0.011152774095535278,
  "spx_vix_corr_126d": 0.010540577272574106,
  "vix_vs_rv_10d": 0.008237427566200495,
  "vix_rv_ratio_10d": 0.009848418645560741,
  "vix_vs_rv_21d": 0.012955227090666691,
  "vix_rv_ratio_21d": 0.01494053921972712,
  "crude_oil_ret_10d": 0.005962117885549863,
  "crude_oil_ret_21d": 0.005445846511671941,
  "crude_oil_ret_63d": 0.015758620264629524,
  "crude_oil_vol_21d": 0.008707688810924688,
  "crude_oil_zscore_63d": 0.005826394849767287,
  "dxy_ret_10d": 0.007323379550750057,
  "dxy_ret_21d": 0.006501007514695327,
  "dxy_ret_63d": 0.011597137432545424,
  "dxy_vs_ma50": 0.007284318717817466,
  "dxy_vs_ma200": 0.00715697913741072,
  "dxy_vol_21d": 0.0074201831594109535,
  "dollar_crude_corr_21d": 0.006665442604571581,
  "spx_dollar_corr_21d": 0.00823672798772653,
  "yield_10y2y": 0.0,
  "yield_10y2y_zscore": 0.0,
  "yield_10y3m": 0.007675564382225275,
  "yield_2y3m": 0.0,
  "yield_5y2y": 0.0,
  "yield_30y10y": 0.010313191916793585,
  "yield_10y2y_velocity_10d": 0.0,
  "yield_10y2y_velocity_21d": 0.0,
  "yield_10y2y_velocity_63d": 0.0,
  "yield_10y2y_acceleration": 0.0,
  "yield_10y2y_vs_ma63": 0.0,
  "yield_10y2y_percentile_252d": 0.0,
  "yield_10y3m_velocity_10d": 0.00533465559904774,
  "yield_10y3m_velocity_21d": 0.005775274243205786,
  "yield_10y3m_velocity_63d": 0.007734040884921948,
  "yield_10y3m_acceleration": 0.006189859627435605,
  "yield_10y3m_vs_ma63": 0.007876513836284479,
  "yield_10y3m_percentile_252d": 0.009884698316454887,
  "yield_2y3m_velocity_10d": 0.0,
  "yield_2y3m_velocity_21d": 0.0,
  "yield_2y3m_velocity_63d": 0.0,
  "yield_2y3m_acceleration": 0.0,
  "yield_2y3m_vs_ma63": 0.0,
  "yield_2y3m_percentile_252d": 0.0,
  "yield_10y2y_inversion_depth": 0.0,
  "yield_10y3m_inversion_depth": 0.01198880091154327,
  "yield_curve_level": 0.010976210857431093,
  "yield_curve_level_zscore": 0.008614231366664171,
  "yield_curve_curvature": 0.0,
  "yield_curve_curvature_zscore": 0.0,
  "10y_vol_63d": 0.006091958998392026,
  "30y_vol_63d": 0.006915081292390823,
  "yield_curve_vol_avg": 0.006694844613472621,
  "yield_curve_vol_dispersion": 0.009313117091854414,
  "vix_regime_micro": 0.011502717776844898,
  "regime_transition_risk": 0.004946644340331356,
  "vol_regime": 0.0010549431511511405,
  "risk_premium_regime": 0.0003890113827461998,
  "vol_term_regime": 0.0,
  "trend_regime": 0.0,
  "liquidity_stress_composite": 0.017479147762060165,
  "liquidity_regime": 0.004198610472182433,
  "correlation_regime": 0.0,
  "equity_vol_divergence": 0.005986068087319533,
  "equity_vol_corr_breakdown": 0.007790613453835249,
  "risk_premium_ma21": 0.00945426213244597,
  "risk_premium_velocity": 0.007659902796149254,
  "risk_premium_zscore": 0.00870559255902966,
  "gold_spx_divergence": 0.005729823838919401,
  "vix_velocity_3d_pct": 0.013591917542119821,
  "vix_jerk_5d": 0.004939229926094413,
  "vix_momentum_regime": 0.0,
  "spx_realized_vol_21d_velocity_3d": 0.005834818972895543,
  "spx_realized_vol_21d_acceleration_5d": 0.0057705674941341085,
  "vix_percentile_21d": 0.006258362884788464,
  "vix_percentile_63d": 0.013321196970840296,
  "vix_percentile_126d": 0.00952746362114946,
  "vix_percentile_252d": 0.02294671566536029,
  "vix_percentile_velocity": 0.005681178377320369,
  "vix_extreme_low_63d": 0.010366382077336311,
  "vix_extreme_low_252d": 0.0,
  "risk_premium_percentile_21d": 0.0072248939735194044,
  "risk_premium_percentile_63d": 0.0077475751750171185,
  "risk_premium_percentile_126d": 0.00477995490655303,
  "risk_premium_percentile_252d": 0.008913117771347364,
  "risk_premium_percentile_velocity": 0.007615186894933383,
  "risk_premium_extreme_low_63d": 0.0006952167799075445,
  "risk_premium_extreme_low_252d": 0.0011469490515689056,
  "month": 0.010989046345154444,
  "day_of_week": 0.0027112450916320086,
  "day_of_month": 0.0073800588337083655,
  "is_fomc_period": 0.004057717975229025,
  "is_opex_week": 0.004625213953355948,
  "is_earnings_heavy": 0.007697100751101971
}