{
  "correlation_threshold": 0.8925,
  "n_removed_correlation": 27,
  "n_samples": 2246,
  "n_selected": 115,
  "random_state": 42,
  "target_type": "expansion",
  "top_10_features": [
    "days_in_regime",
    "hy_velocity_21d",
    "cross_asset_vol_cluster",
    "fin_stress_index",
    "vx_oi_surge",
    "vvix_percentile_63d",
    "dxy_vs_ma200",
    "vix_percentile_126d",
    "yield_curve_vol_avg",
    "vvix_velocity_10d"
  ],
  "top_10_importance": [
    0.01878927806392312,
    0.015378823783248664,
    0.015219737484585494,
    0.014342299848794936,
    0.011246813833713532,
    0.011080113681964576,
    0.010917012486606837,
    0.010005144961178302,
    0.009884126181714237,
    0.009829054912552237
  ],
  "top_n": 115
}