{
  "spx_lag1": 0.002045877588291963,
  "vix_ret_1d": 0.0006383422102468709,
  "vix_ret_5d": 0.0015015459114996095,
  "vix_ret_10d": 0.001029866960986207,
  "vix_ret_21d": 0.001244429770546655,
  "vix_vol_10d": 0.0031121982416758933,
  "vix_vol_21d": 0.0038131614370892444,
  "vix_vol_63d": 0.004681357027341922,
  "vix_velocity_5d": 0.012660528998821974,
  "vix_velocity_10d": 0.0036176148957262435,
  "vix_velocity_21d": 0.002356681196639935,
  "vix_vs_ma10": 0.009375162267436584,
  "vix_vs_ma21": 0.00612123046691219,
  "vix_vs_ma63": 0.004610571622227629,
  "vix_vs_ma252": 0.005235136564200123,
  "vix_zscore_21d": 0.003745457079882423,
  "vix_zscore_63d": 0.0017993212677538395,
  "vix_zscore_252d": 0.0064642648212611675,
  "vix_momentum_z_10d": 0.002954191683481137,
  "vix_momentum_z_21d": 0.0034539185386771956,
  "vix_accel_5d": 0.0034419800310085216,
  "vix_stretch_ma21": 0.002422018403497835,
  "vix_stretch_ma63": 0.002407466333049039,
  "reversion_strength_21d": 0.0027971319699039063,
  "reversion_strength_63d": 0.005685529826829831,
  "vix_bb_position_20d": 0.004924136058737834,
  "vix_extreme_low_21d": 0.0021893987965692454,
  "vix_regime": 0.0014911553201576073,
  "days_in_regime": 0.012802286384006342,
  "regime_distance_to_boundary": 0.003997284142921369,
  "regime_within_regime_percentile": 0.0031763188696155944,
  "regime_change_flag": 0.0,
  "time_in_regime_pct": 0.006997814712425073,
  "regime_expected_return_5d": 0.019462132838574082,
  "regime_median_return_5d": 0.0,
  "regime_return_std_5d": 0.0,
  "regime_prob_up_5d": 0.0,
  "regime_vol_of_vol": 0.0,
  "regime_spike_prob": 0.003857670002616942,
  "regime_prob_stay": 0.0,
  "regime_prob_crisis": 0.0,
  "regime_prob_elevated": 0.0,
  "spx_ret_1d": 0.0018340428359806538,
  "spx_ret_5d": 0.009151974692940712,
  "spx_ret_10d": 0.0026765097863972187,
  "spx_ret_21d": 0.0021311473101377487,
  "spx_ret_63d": 0.00303181524698933,
  "spx_vs_ma20": 0.007029238156974316,
  "spx_vs_ma50": 0.0021974945751329264,
  "spx_vs_ma200": 0.007768154299507539,
  "spx_momentum_z_10d": 0.003114009043201804,
  "spx_momentum_z_21d": 0.004597213274488847,
  "spx_realized_vol_10d": 0.004246766756599148,
  "spx_realized_vol_21d": 0.005438084869335095,
  "spx_realized_vol_63d": 0.006628876551985741,
  "spx_vol_ratio_10_21": 0.004675779026001692,
  "spx_vol_ratio_10_63": 0.009917139386137327,
  "spx_skew_21d": 0.00548732311775287,
  "spx_kurt_21d": 0.002670209544400374,
  "bb_position_20d": 0.003837609003918866,
  "bb_width_20d": 0.004815304108584921,
  "rsi_14": 0.0033162163260082402,
  "rsi_regime": 0.0009688003920018673,
  "rsi_divergence": 0.0030698521683613458,
  "macd": 0.004996716743335128,
  "macd_signal": 0.008995547735442718,
  "macd_histogram": 0.004779981604466836,
  "adx_14": 0.004979520880927642,
  "trend_strength": 0.004587031823272507,
  "spx_body_size": 0.0018469170512010653,
  "spx_range": 0.0026725749873245754,
  "spx_range_pct": 0.0017797282780520618,
  "spx_upper_shadow": 0.0013339842553250492,
  "spx_lower_shadow": 0.0014294186257757246,
  "spx_close_position": 0.002897116355597973,
  "spx_body_to_range": 0.0020791288698092103,
  "spx_gap": 0.0027958130619178214,
  "spx_gap_magnitude": 0.0016739086713641882,
  "spx_upper_rejection": 0.0016709295644735296,
  "spx_lower_rejection": 0.0020146482080842056,
  "spx_range_expansion": 0.002027012019728621,
  "spx_vix_corr_21d": 0.0037548748465875783,
  "spx_vix_corr_63d": 0.005644837549577157,
  "spx_vix_corr_126d": 0.00635235143514971,
  "vix_vs_rv_10d": 0.008664322551339865,
  "vix_rv_ratio_10d": 0.010904493586470684,
  "vix_vs_rv_21d": 0.005857768701389432,
  "vix_rv_ratio_21d": 0.005278708258022864,
  "SKEW": 0.0026223212480545044,
  "skew_regime": 0.0,
  "skew_vs_vix": 0.005566959890226523,
  "skew_vix_ratio": 0.004280058046181996,
  "skew_displacement": 0.0021409536711871624,
  "pc_equity_inst_divergence": 0.001306077775855859,
  "pcc_accel_10d": 0.0007060298812575638,
  "COR1M": 0.008612611331045628,
  "COR1M_change_21d": 0.001236097343886892,
  "COR1M_zscore_63d": 0.00103843049146235,
  "COR3M": 0.001831271064778169,
  "COR3M_change_21d": 0.0012747875104347866,
  "COR3M_zscore_63d": 0.002445167861878872,
  "cor_term_structure": 0.005773499608039856,
  "cor_term_slope_change_21d": 0.001984906761208549,
  "VXTH": 0.0033224206417798996,
  "VXTH_change_21d": 0.004229017688582341,
  "VXTH_zscore_63d": 0.0029285663852836783,
  "vxth_vix_ratio": 0.006714373826980591,
  "VXTLT": 0.00981385043511788,
  "VXTLT_change_21d": 0.005596308736130595,
  "VXTLT_zscore_63d": 0.0034553276685376963,
  "VXTLT_velocity_10d": 0.004336654130990307,
  "VXTLT_acceleration_5d": 0.0027375964370245733,
  "bond_vol_regime": 0.0,
  "vxtlt_vix_ratio": 0.004052609050025542,
  "vxtlt_vix_spread": 0.008070606738328934,
  "VXTLT_percentile_63d": 0.003963910896951954,
  "VXTLT_percentile_126d": 0.008360769444455704,
  "VXTLT_percentile_252d": 0.00588767866914471,
  "VXTLT_vs_ma21": 0.005541351779053609,
  "VXTLT_vs_ma63": 0.003847441403195262,
  "cboe_stress_composite": 0.019296775960053008,
  "cboe_stress_regime": 0.0,
  "VX1-VX2": 0.003187419225772222,
  "VX1-VX2_change_21d": 0.0033100886891285577,
  "VX1-VX2_zscore_63d": 0.0034878112686177096,
  "VX1-VX2_percentile_63d": 0.004910918418318033,
  "VX2-VX1_RATIO": 0.00218068013782613,
  "VX2-VX1_RATIO_velocity_10d": 0.0026242622019102177,
  "vx_term_structure_regime": 0.0002372869251606365,
  "vx_curve_acceleration": 0.005119954235851765,
  "vx_term_structure_divergence": 0.003150563919916749,
  "CL1-CL2": 0.006184989431252082,
  "CL1-CL2_velocity_5d": 0.0026969048970689378,
  "CL1-CL2_zscore_63d": 0.003386907046660781,
  "oil_term_regime": 0.016460708032051723,
  "crude_oil_ret_10d": 0.005359488422982395,
  "crude_oil_ret_21d": 0.0044181873090565205,
  "crude_oil_ret_63d": 0.007626132108271122,
  "crude_oil_vol_21d": 0.0054021356627345085,
  "crude_oil_zscore_63d": 0.0054936424518624944,
  "DX1-DX2": 0.002402871109855672,
  "DX1-DX2_velocity_5d": 0.0023290690345068774,
  "DX1-DX2_zscore_63d": 0.0028177017035583654,
  "dxy_ret_10d": 0.007054756550739209,
  "dxy_ret_21d": 0.005285994770626227,
  "dxy_ret_63d": 0.004627286456525326,
  "dxy_vs_ma50": 0.006111186540996035,
  "dxy_vs_ma200": 0.005510105596234401,
  "dxy_vol_21d": 0.0045223595419277745,
  "vx_crude_corr_21d": 0.005682863760739565,
  "vx_crude_divergence": 0.002264201990328729,
  "vx_dollar_corr_21d": 0.005899569019675255,
  "dollar_crude_corr_21d": 0.0031493889012684426,
  "spx_vx_spread_corr_21d": 0.003935311144838731,
  "spx_dollar_corr_21d": 0.004615876358002424,
  "yield_10y2y": 0.0,
  "yield_10y2y_zscore": 0.0,
  "yield_10y3m": 0.005146835232153535,
  "yield_2y3m": 0.0,
  "yield_5y2y": 0.0,
  "yield_30y10y": 0.005991331146409114,
  "yield_10y2y_velocity_10d": 0.0,
  "yield_10y2y_velocity_21d": 0.0,
  "yield_10y2y_velocity_63d": 0.0,
  "yield_10y2y_acceleration": 0.0,
  "yield_10y2y_vs_ma63": 0.0,
  "yield_10y2y_percentile_252d": 0.0,
  "yield_10y3m_velocity_10d": 0.003618526350085934,
  "yield_10y3m_velocity_21d": 0.0036760995474954448,
  "yield_10y3m_velocity_63d": 0.005838425364345312,
  "yield_10y3m_acceleration": 0.004154747972885768,
  "yield_10y3m_vs_ma63": 0.0047172413518031435,
  "yield_10y3m_percentile_252d": 0.00513888670442005,
  "yield_2y3m_velocity_10d": 0.0,
  "yield_2y3m_velocity_21d": 0.0,
  "yield_2y3m_velocity_63d": 0.0,
  "yield_2y3m_acceleration": 0.0,
  "yield_2y3m_vs_ma63": 0.0,
  "yield_2y3m_percentile_252d": 0.0,
  "yield_10y2y_inversion_depth": 0.0,
  "yield_10y3m_inversion_depth": 0.0026609028379122415,
  "yield_curve_level": 0.007497488986700773,
  "yield_curve_level_zscore": 0.007421564310789108,
  "yield_curve_curvature": 0.0,
  "yield_curve_curvature_zscore": 0.0,
  "10y_vol_63d": 0.005064434759939711,
  "30y_vol_63d": 0.006821014607946078,
  "yield_curve_vol_avg": 0.0049318404247363406,
  "yield_curve_vol_dispersion": 0.005002666652823488,
  "vvix": 0.008255025837570429,
  "vvix_ret_5d": 0.0026967118804653487,