{
  "correlation_threshold": 0.9246,
  "n_removed_correlation": 11,
  "n_samples": 2246,
  "n_selected": 73,
  "random_state": 42,
  "target_type": "expansion",
  "top_10_features": [
    "days_in_regime",
    "vix_percentile_126d",
    "fin_stress_index",
    "copper_ret_63d",
    "hy_ccc_velocity_21d",
    "natgas_zscore_63d",
    "vx_oi_surge",
    "spx_vix_corr_21d",
    "copper",
    "dxy_vs_ma63"
  ],
  "top_10_importance": [
    0.0142195712774992,
    0.012227803003042936,
    0.009947779215872287,
    0.009688231674954296,
    0.00917695052921772,
    0.008648661756888032,
    0.007147545553743839,
    0.006940654059872031,
    0.006821136781945824,
    0.006772361323237419
  ],
  "top_n": 73
}