{
  "spx_lag1": 0.002868880590540357,
  "vix_ret_1d": 0.001554788916837424,
  "vix_ret_5d": 0.007843277545180171,
  "vix_ret_10d": 0.001420752842386719,
  "vix_ret_21d": 0.0023450936307199298,
  "vix_vol_10d": 0.005632345005869866,
  "vix_vol_21d": 0.0058406926691532135,
  "vix_vol_63d": 0.005795465363189578,
  "vix_velocity_5d": 0.01730100456625223,
  "vix_velocity_10d": 0.0024764929548837245,
  "vix_velocity_21d": 0.003930755704641342,
  "vix_vs_ma10": 0.014153549540787935,
  "vix_vs_ma21": 0.006129807885736227,
  "vix_vs_ma63": 0.007154307514429093,
  "vix_vs_ma252": 0.004477087035775184,
  "vix_zscore_21d": 0.004308390500955284,
  "vix_zscore_63d": 0.0038087565917521715,
  "vix_zscore_252d": 0.0060800924897193905,
  "vix_momentum_z_10d": 0.004499132186174393,
  "vix_momentum_z_21d": 0.003203598456457257,
  "vix_accel_5d": 0.0071027975529432295,
  "vix_stretch_ma21": 0.004328829247970134,
  "vix_stretch_ma63": 0.0017644221428781749,
  "reversion_strength_21d": 0.001820541825145483,
  "reversion_strength_63d": 0.003653328795917332,
  "vix_bb_position_20d": 0.001363985612988472,
  "vix_extreme_low_21d": 0.0,
  "vix_regime": 0.011103688552975655,
  "days_in_regime": 0.011080626118928193,
  "regime_distance_to_boundary": 0.002769276482285932,
  "regime_within_regime_percentile": 0.0038285097340121864,
  "regime_change_flag": 0.0,
  "time_in_regime_pct": 0.010602732747793197,
  "regime_expected_return_5d": 0.0037224799394607543,
  "regime_median_return_5d": 0.0,
  "regime_return_std_5d": 0.0,
  "regime_prob_up_5d": 0.0,
  "regime_vol_of_vol": 0.0,
  "regime_spike_prob": 0.001323677133768797,
  "regime_prob_stay": 0.0,
  "regime_prob_crisis": 0.0,
  "regime_prob_elevated": 0.0,
  "spx_ret_1d": 0.003406641399487853,
  "spx_ret_5d": 0.009749416634440422,
  "spx_ret_10d": 0.0035419017542153595,
  "spx_ret_21d": 0.003400394972413778,
  "spx_ret_63d": 0.005822604103013873,
  "spx_vs_ma20": 0.0068154873821185905,
  "spx_vs_ma50": 0.0047389975981786845,
  "spx_vs_ma200": 0.008821440022438764,
  "spx_momentum_z_10d": 0.0016939685388933866,
  "spx_momentum_z_21d": 0.003354307415429503,
  "spx_realized_vol_10d": 0.0021750658052042127,
  "spx_realized_vol_21d": 0.007201273459941149,
  "spx_realized_vol_63d": 0.005371623300015926,
  "spx_vol_ratio_10_21": 0.0037782877683639527,
  "spx_vol_ratio_10_63": 0.007863365579396486,
  "spx_skew_21d": 0.003654282703064382,
  "spx_kurt_21d": 0.0022070112405344843,
  "bb_position_20d": 0.0038941049831919374,
  "bb_width_20d": 0.007811238430440426,
  "rsi_14": 0.005756503716111183,
  "rsi_regime": 0.0,
  "rsi_divergence": 0.0030092381872236728,
  "macd": 0.006511235318612307,
  "macd_signal": 0.006354029383510351,
  "macd_histogram": 0.00484681052621454,
  "adx_14": 0.0038892926182597875,
  "trend_strength": 0.0039503505453467366,
  "spx_body_size": 0.0004345905967056751,
  "spx_range": 0.0017875038087368012,
  "spx_range_pct": 9.057411516550928e-05,
  "spx_upper_shadow": 0.0017152382526546717,
  "spx_lower_shadow": 0.0008326928946189582,
  "spx_close_position": 0.004309967951849103,
  "spx_body_to_range": 0.0,
  "spx_gap": 0.0021104517159983515,
  "spx_gap_magnitude": 0.0,
  "spx_upper_rejection": 0.0008844450756441801,
  "spx_lower_rejection": 0.0013074510032311081,
  "spx_range_expansion": 0.0014119967119768262,
  "spx_vix_corr_21d": 0.005048004118725658,
  "spx_vix_corr_63d": 0.005490920506417751,
  "spx_vix_corr_126d": 0.005336919683031738,
  "vix_vs_rv_10d": 0.00780863557010889,
  "vix_rv_ratio_10d": 0.0059589090757071975,
  "vix_vs_rv_21d": 0.006578307319432497,
  "vix_rv_ratio_21d": 0.006159770302474499,
  "SKEW": 0.0018805218860507011,
  "skew_regime": 0.0,
  "skew_vs_vix": 0.0020924946293234825,
  "skew_vix_ratio": 0.0036882700398564337,
  "skew_displacement": 0.0009930768981575965,
  "pc_equity_inst_divergence": 0.0,
  "pcc_accel_10d": 0.0008093993179500103,
  "COR1M": 0.0026576612144708633,
  "COR1M_change_21d": 0.001562433526851237,
  "COR1M_zscore_63d": 0.0,
  "COR3M": 0.0015800734981894493,
  "COR3M_change_21d": 0.0024010607972741126,
  "COR3M_zscore_63d": 0.0,
  "cor_term_structure": 0.0006912342272698879,
  "cor_term_slope_change_21d": 0.002026674849912524,
  "VXTH": 0.0019226834177970887,
  "VXTH_change_21d": 0.0022369350772351027,
  "VXTH_zscore_63d": 0.0006075500976294279,
  "vxth_vix_ratio": 0.0034953273832798006,
  "VXTLT": 0.007613890431821346,
  "VXTLT_change_21d": 0.0058572044596076015,
  "VXTLT_zscore_63d": 0.005794460931792855,
  "VXTLT_velocity_10d": 0.006581422360613942,
  "VXTLT_acceleration_5d": 0.001482387667056173,
  "bond_vol_regime": 0.0,
  "vxtlt_vix_ratio": 0.005542748048901558,
  "vxtlt_vix_spread": 0.007272266293875873,
  "VXTLT_percentile_63d": 0.0013275668025016785,
  "VXTLT_percentile_126d": 0.005246690567582845,
  "VXTLT_percentile_252d": 0.005770658096298576,
  "VXTLT_vs_ma21": 0.0036432687658816574,
  "VXTLT_vs_ma63": 0.003970956476405263,
  "cboe_stress_composite": 0.007098046783357859,
  "cboe_stress_regime": 0.0,
  "vx_front_spread": 0.0005522014107555151,
  "vx_contango_intensity": 0.0023092555813491343,
  "vx_spread_5d_change": 0.0001843108795583248,
  "vx_spread_zscore_63d": 0.0009114849381148815,
  "vx_curve_slope": 0.001487068086862564,
  "vx_curve_concavity": 0.0014926142059266568,
  "vx_curve_steepness_ratio": 0.0005956820212304592,
  "vx_oi_front_concentration": 0.001549464790150523,
  "vx_oi_imbalance": 0.0,
  "vx_oi_5d_change": 0.003340706042945385,
  "vx_oi_zscore_63d": 0.0024569728411734104,
  "vx_oi_surge": 0.0010461116209626198,
  "vx_churn_ratio": 0.0024401227943599223,
  "vx_churn_zscore_63d": 0.0014337695203721524,
  "vx_roll_yield_annualized": 0.0030986241064965723,
  "vx_roll_cost_5d": 0.0018421640619635583,
  "vx_roll_yield_zscore_63d": 0.001884238515049219,
  "vx_steep_contango_flag": 0.0,
  "vx_backwardation_flag": 0.0,
  "vx_extreme_backwardation_flag": 0.0,
  "vx_regime_shift_velocity": 0.0,
  "vx_momentum_5d": 0.001145836804062128,
  "vx_momentum_zscore": 0.0027926625683903695,
  "CL1-CL2": 0.005873902421444655,
  "CL1-CL2_velocity_5d": 0.0038360046688467263,
  "CL1-CL2_zscore_63d": 0.005497796041890979,
  "oil_term_regime": 0.002906891703605652,
  "crude_oil_ret_10d": 0.004977224161848426,
  "crude_oil_ret_21d": 0.0042032811790704725,
  "crude_oil_ret_63d": 0.007930603250861168,
  "crude_oil_vol_21d": 0.005112969642505049,
  "crude_oil_zscore_63d": 0.004427966859657318,
  "DX1-DX2": 0.0007988439523614943,
  "DX1-DX2_velocity_5d": 0.004285849165171385,
  "DX1-DX2_zscore_63d": 0.0023318452993407847,
  "dxy_ret_10d": 0.006695854850113392,
  "dxy_ret_21d": 0.005181753728538752,
  "dxy_ret_63d": 0.0052527586929500105,
  "dxy_vs_ma50": 0.005315731000155211,
  "dxy_vs_ma200": 0.007362836133688688,
  "dxy_vol_21d": 0.004117131140083075,
  "dollar_crude_corr_21d": 0.005356258852407337,
  "spx_dollar_corr_21d": 0.005825727991759777,
  "initial_claims": 0.006685682199895382,
  "claims_4wk_ma": 0.0058745854068547486,
  "claims_velocity_4w": 0.005419181752949953,
  "claims_zscore_52w": 0.005898116994649172,
  "claims_percentile_52w": 0.006519859936088323,
  "claims_regime": 0.0,
  "claims_velocity_zscore": 0.004635072639212012,
  "fin_stress_index": 0.006222889199852944,
  "stress_velocity_4w": 0.0054682732559740545,
  "stress_zscore_52w": 0.004076574789360165,
  "stress_extreme": 0.0,
  "stress_regime": 0.0,
  "hy_spread": 0.004802898922935128,
  "hy_velocity_21d": 0.005420481972396374,
  "hy_zscore_252d": 0.00941822975873947,
  "hy_bb_spread": 0.0049433793872594835,
  "hy_bb_velocity_21d": 0.005305620655417442,
  "hy_b_spread": 0.005729543510824442,
  "hy_b_velocity_21d": 0.006751241767778993,
  "hy_ccc_spread": 0.004138800594955683,
  "hy_ccc_velocity_21d": 0.004528527148067951,
  "credit_quality_spread": 0.00525811854749918,
  "credit_widening_regime": 0.0,
  "ig_hy_spread": 0.005183808878064156,
  "credit_stress_composite": 0.010259840358048677,
  "sofr": 0.002398739568889141,
  "sofr_ff_spread": 0.0006127775181084871,
  "funding_stress": 0.0,