{
  "10y_vol_63d": 0.003166832681745291,
  "30y_vol_63d": 0.0040941007900983095,
  "6m_vol_63d_fred": 0.005134633462876082,
  "CL1-CL2": 0.003644926520064473,
  "CL1-CL2_velocity_5d": 0.002976179774850607,
  "CL1-CL2_zscore_63d": 0.0031967530492693188,
  "Gold_lag1": 0.0035417515784502028,
  "Gold_zscore_63d": 0.003297286666929722,
  "SKEW": 0.0034295252524316313,
  "SKEW_extreme_low_252d": 0.0,
  "SKEW_extreme_low_63d": 0.0023778551258146763,
  "SKEW_jerk_5d": 0.002153288293629885,
  "SKEW_momentum_regime": 0.0036500380374491215,
  "SKEW_percentile_126d": 0.0034562133718281985,
  "SKEW_percentile_21d": 0.0023635532474145294,
  "SKEW_percentile_252d": 0.003036843193694949,
  "SKEW_percentile_63d": 0.0029406636022031307,
  "SKEW_percentile_velocity": 0.0027186670806258915,
  "VX1-VX2": 0.0010538187576457857,
  "VX1-VX2_change_21d": 0.002297736331820488,
  "VX1-VX2_percentile_63d": 0.0010478069772943855,
  "VX1-VX2_zscore_63d": 0.002175617730244994,
  "VX2-VX1_RATIO": 0.000587172931409441,
  "VX2-VX1_RATIO_velocity_10d": 0.0014368253760039806,
  "VXTH": 0.0016487253829836845,
  "VXTH_change_21d": 0.0018526919651776553,
  "VXTH_zscore_63d": 0.0015327756758779288,
  "VXTLT": 0.0011255504563450814,
  "VXTLT_acceleration_5d": 0.0008727137465029955,
  "VXTLT_change_21d": 0.0012884999625384808,
  "VXTLT_percentile_126d": 0.0018560719676315785,
  "VXTLT_percentile_252d": 0.0013511100318282844,
  "VXTLT_percentile_63d": 0.0015460395254194737,
  "VXTLT_velocity_10d": 0.0015926960855722427,
  "VXTLT_vs_ma21": 0.0012165131978690625,
  "VXTLT_vs_ma63": 0.0015191118232905864,
  "VXTLT_zscore_63d": 0.0013826819136738776,
  "adx_14": 0.003950196271762252,
  "bb_position_20d": 0.0026134351501241326,
  "bb_width_20d": 0.003573358152061701,
  "bond_vol_regime": 0.0008394889533519745,
  "both_near_boundary_flag": 0.0012079997919499873,
  "both_regimes_changed_flag": 0.0017757187597453594,
  "cboe_stress_composite": 0.0032988855615258216,
  "cboe_stress_regime": 0.0,
  "claims_4wk_ma": 0.003927996195852756,
  "claims_percentile_52w": 0.0033803083933889866,
  "claims_regime": 0.0,
  "claims_velocity_4w": 0.0034920528531074526,
  "claims_velocity_zscore": 0.00376352914609015,
  "claims_zscore_52w": 0.0036502277944236994,
  "correlation_regime": 0.0012589316815137864,
  "credit_quality_spread": 0.004071885906159878,
  "credit_stress_composite": 0.003242561500519514,
  "credit_vol_divergence": 0.003452205890789628,
  "credit_vol_stress_composite": 0.004315266152843833,
  "credit_widening_regime": 0.0013292905408889056,
  "cross_asset_vol_cluster": 0.0,
  "crude_oil_ret_10d": 0.004244254622608423,
  "crude_oil_ret_21d": 0.002977936062961817,
  "crude_oil_ret_63d": 0.004650801094248891,
  "crude_oil_vol_21d": 0.003594492468982935,
  "crude_oil_vol_21d_log": 0.003832016186788678,
  "crude_oil_zscore_63d": 0.004109230684116482,
  "day_of_month": 0.004451670171692968,
  "day_of_week": 0.0013740505673922598,
  "days_in_joint_regime": 0.0022489952854812143,
  "days_in_regime": 0.004209586372599006,
  "days_in_skew_regime": 0.0028612237889319657,
  "equity_vol_corr_breakdown": 0.002868693834170699,
  "equity_vol_divergence": 0.0033806780818849804,
  "fin_stress_index": 0.0034318589605391026,
  "gold_ret_10d": 0.00411229683086276,
  "gold_ret_21d": 0.0038760223425924776,
  "gold_ret_63d": 0.0037823735736310484,
  "gold_spx_divergence": 0.0029345683753490446,
  "hy_b_spread": 0.005410583829507232,
  "hy_b_velocity_21d": 0.003989958949387073,
  "hy_bb_spread": 0.004553010733798146,
  "hy_bb_velocity_21d": 0.003623727848753333,
  "hy_ccc_spread": 0.0045148397795856,
  "hy_ccc_velocity_21d": 0.003980045020580292,
  "hy_spread": 0.005530841695144772,
  "hy_velocity_21d": 0.0036534950137138366,
  "hy_zscore_252d": 0.0038130785804241897,
  "ig_hy_spread": 0.007013717107474804,
  "initial_claims": 0.004084533220157028,
  "is_earnings_heavy": 0.0,
  "is_fomc_period": 0.0013077897834591567,
  "is_opex_week": 0.0021281279856339096,
  "joint_regime_change_flag": 0.0,
  "joint_regime_correlation": 0.003759128460660577,
  "joint_regime_expected_return": 0.0034607697278261186,
  "joint_regime_frequency": 0.0032248003873974083,
  "joint_regime_volatility": 0.002138378517702222,
  "liquidity_regime": 0.0,
  "liquidity_stress_composite": 0.0038995315320789815,
  "macd": 0.003408889891579747,
  "macd_histogram": 0.0026820019353181123,
  "macd_signal": 0.005219372408464551,
  "month": 0.0044357287231832744,
  "oil_term_regime": 0.002443271689116955,
  "regime_change_flag": 0.0002828066935762763,
  "regime_distance_to_boundary": 0.002386964252218604,
  "regime_expected_return_5d": 0.0,
  "regime_median_return_5d": 0.0,
  "regime_prob_crisis": 0.0,
  "regime_prob_elevated": 0.0,
  "regime_prob_stay": 0.0,
  "regime_prob_up_5d": 0.0,
  "regime_return_std_5d": 0.0,
  "regime_spike_prob": 0.0010681387968361378,
  "regime_transition_risk": 0.002330854348838329,
  "regime_vol_of_vol": 0.0,
  "regime_within_regime_percentile": 0.002946357987821102,
  "reversion_strength_21d": 0.00313638795632869,
  "reversion_strength_63d": 0.005226119328290224,
  "risk_premium_extreme_low_252d": 0.0,
  "risk_premium_extreme_low_63d": 0.0,
  "risk_premium_ma21": 0.003974271100014448,
  "risk_premium_percentile_126d": 0.003206115588545799,
  "risk_premium_percentile_21d": 0.0027507001999765635,
  "risk_premium_percentile_252d": 0.004049779614433646,
  "risk_premium_percentile_63d": 0.003901286097243428,
  "risk_premium_percentile_velocity": 0.003144160658121109,
  "risk_premium_regime": 0.00033553061075508595,
  "risk_premium_velocity": 0.003927154606208206,
  "risk_premium_zscore": 0.00399866821244359,
  "rsi_14": 0.005112316273152828,
  "rsi_divergence": 0.0028626783285290005,
  "rsi_regime": 0.0011947545688599348,
  "skew_boundary_distance": 0.002753813751041889,
  "skew_complacency_flag": 0.0,
  "skew_distance_to_boundary": 0.002696605212986469,
  "skew_expected_5d_return": 0.00032509458251297476,
  "skew_extreme_tail_flag": 0.0,
  "skew_percentile_252d": 0.0038168825209140777,
  "skew_percentile_63d": 0.003813758259639144,
  "skew_regime_behavior": 0.0,
  "skew_regime_change_flag": 0.0007057175476802513,
  "skew_regime_displacement": 0.002589059411548078,
  "skew_regime_numeric": 0.0,
  "skew_regime_transition_direction": 0.0010226630955003202,
  "skew_vix_ratio": 0.004786539589986205,
  "skew_vix_ratio_percentile_252d": 0.007272498030215502,
  "skew_vix_ratio_regime": 0.0,
  "skew_vix_ratio_velocity_10d": 0.002859937446191907,
  "skew_within_regime_zscore": 0.002635148447006941,
  "spx_body_size": 0.0019975455710664392,
  "spx_body_to_range": 0.002258750284090638,
  "spx_close_position": 0.002508242102339864,
  "spx_gap": 0.0033242635894566775,
  "spx_gap_extreme_flag": 0.00019465835066512227,
  "spx_gap_magnitude": 0.002241792739368975,
  "spx_gap_magnitude_extreme_flag": 0.001679301541298628,
  "spx_kurt_21d": 0.003510448057204485,
  "spx_lag1": 0.0051749249454587695,
  "spx_lower_rejection": 0.0021430887980386617,
  "spx_lower_shadow": 0.002221588254906237,
  "spx_momentum_z_10d": 0.002830917434766889,
  "spx_momentum_z_21d": 0.003407029714435339,
  "spx_range": 0.0021700940560549498,
  "spx_range_expansion": 0.0024187162285670637,
  "spx_range_pct": 0.0026397949550300837,
  "spx_realized_vol_10d": 0.003161391708999872,
  "spx_realized_vol_21d": 0.005336743500083685,
  "spx_realized_vol_21d_acceleration_5d": 0.0029577754205092786,
  "spx_realized_vol_21d_log": 0.0023277934640645983,
  "spx_realized_vol_21d_velocity_3d": 0.002533114701509476,
  "spx_realized_vol_63d": 0.005445489007979631,
  "spx_realized_vol_63d_x_regime_0": 0.0032658728305250406,
  "spx_realized_vol_63d_x_regime_1": 0.003613170422613621,
  "spx_realized_vol_63d_x_regime_2": 0.0025860338471829893,
  "spx_realized_vol_63d_x_regime_3": 0.0016260415315628052,
  "spx_ret_10d": 0.003402357129380107,
  "spx_ret_1d": 0.002537378715351224,
  "spx_ret_21d": 0.0030052381101995707,
  "spx_ret_5d": 0.004806920839473605,