{
  "spx_lag1": 0.0053688202984631065,
  "vix_ret_1d": 0.0018731961492449046,
  "vix_ret_5d": 0.006333889346569777,
  "vix_ret_10d": 0.0034423523582518102,
  "vix_ret_21d": 0.003933805879205466,
  "vix_vol_10d": 0.0048929067212156955,
  "vix_vol_21d": 0.005290131364017725,
  "vix_vol_63d": 0.004608331061899662,
  "vix_velocity_5d": 0.00938955000601709,
  "vix_velocity_10d": 0.005173987243324518,
  "vix_velocity_21d": 0.0006329415366053582,
  "vix_vs_ma10": 0.01092051863670349,
  "vix_vs_ma21": 0.006174840684980154,
  "vix_vs_ma63": 0.007807327527552843,
  "vix_vs_ma252": 0.0064813349395990375,
  "vix_zscore_21d": 0.007844286691397428,
  "vix_zscore_63d": 0.006436413060873747,
  "vix_zscore_252d": 0.010520852729678154,
  "vix_momentum_z_10d": 0.0023851112462580206,
  "vix_momentum_z_21d": 0.003143595438450575,
  "vix_accel_5d": 0.0067989844363182785,
  "vix_stretch_ma21": 0.00649851537309587,
  "vix_stretch_ma63": 0.003240820299834013,
  "reversion_strength_21d": 0.0022119028493762017,
  "reversion_strength_63d": 0.0059332502074539665,
  "vix_bb_position_20d": 0.007372204540297389,
  "vix_extreme_low_21d": 0.0005369664169847966,
  "vix_regime": 0.003247563540935516,
  "days_in_regime": 0.007761329691857099,
  "regime_distance_to_boundary": 0.004341655690222978,
  "regime_within_regime_percentile": 0.0054205811582505705,
  "regime_change_flag": 0.0,
  "time_in_regime_pct": 0.00696348212659359,
  "regime_expected_return_5d": 0.003967203199863434,
  "regime_median_return_5d": 0.0,
  "regime_return_std_5d": 0.0,
  "regime_prob_up_5d": 0.0,
  "regime_vol_of_vol": 0.0,
  "regime_spike_prob": 0.0027943939901888372,
  "regime_prob_stay": 0.0,
  "regime_prob_crisis": 0.0,
  "regime_prob_elevated": 0.0,
  "spx_ret_1d": 0.00556461913511157,
  "spx_ret_5d": 0.009126841835677624,
  "spx_ret_10d": 0.00568380425684154,
  "spx_ret_21d": 0.0037713546305894853,
  "spx_ret_63d": 0.006273861508816481,
  "spx_vs_ma20": 0.005242722388356924,
  "spx_vs_ma50": 0.00863623907789588,
  "spx_vs_ma200": 0.0057919654995203015,
  "spx_momentum_z_10d": 0.0033507050946354868,
  "spx_momentum_z_21d": 0.006758816679939628,
  "spx_realized_vol_10d": 0.004001706908456981,
  "spx_realized_vol_21d": 0.007806647568941116,
  "spx_realized_vol_63d": 0.007371592707931996,
  "spx_vol_ratio_10_21": 0.005722479335963726,
  "spx_vol_ratio_10_63": 0.005767318699508905,
  "spx_skew_21d": 0.005920793302357197,
  "spx_kurt_21d": 0.004529086593538523,
  "bb_position_20d": 0.009344848804175854,
  "bb_width_20d": 0.0050990101881325245,
  "rsi_14": 0.01006717560812831,
  "rsi_regime": 0.0019331113435328007,
  "rsi_divergence": 0.004382950766012072,
  "macd": 0.004362017381936312,
  "macd_signal": 0.007585415616631508,
  "macd_histogram": 0.0018366405740380288,
  "adx_14": 0.005938834231346846,
  "trend_strength": 0.005984090641140938,
  "spx_body_size": 0.0011485022492706775,
  "spx_range": 0.0036373031325638294,
  "spx_range_pct": 0.005731498915702104,
  "spx_upper_shadow": 0.0012044241651892663,
  "spx_lower_shadow": 0.0004653515527024865,
  "spx_close_position": 0.0046948263421654705,
  "spx_body_to_range": 0.0020472272066399456,
  "spx_gap": 0.001898176223039627,
  "spx_gap_magnitude": 0.0020967146381735803,
  "spx_upper_rejection": 0.0004690072033554316,
  "spx_lower_rejection": 0.004609175631776452,
  "spx_range_expansion": 0.0006095945369452238,
  "spx_vix_corr_21d": 0.00438166786916554,
  "spx_vix_corr_63d": 0.004792767856270075,
  "spx_vix_corr_126d": 0.005051669757813215,
  "vix_vs_rv_10d": 0.006369773298501968,
  "vix_rv_ratio_10d": 0.005653166025876999,
  "vix_vs_rv_21d": 0.006056121084839106,
  "vix_rv_ratio_21d": 0.006447504181414843,
  "SKEW": 0.0,
  "skew_regime": 0.0,
  "skew_vs_vix": 0.0,
  "skew_vix_ratio": 0.00294169457629323,
  "skew_displacement": 0.0,
  "pc_equity_inst_divergence": 0.0002988479332998395,
  "pcc_accel_10d": 0.0006933565717190504,
  "COR1M": 0.0023248362354934215,
  "COR1M_change_21d": 0.0006097029894590378,
  "COR1M_zscore_63d": 0.00047335983254015446,
  "COR3M": 0.0022266066633164884,
  "COR3M_change_21d": 0.0007096315559465439,
  "COR3M_zscore_63d": 0.0,
  "cor_term_structure": 0.0009695914573967457,
  "cor_term_slope_change_21d": 0.002596650179475546,
  "VXTH": 0.0021527537144720556,
  "VXTH_change_21d": 0.0008551529608666897,
  "VXTH_zscore_63d": 0.0006803716067224741,
  "vxth_vix_ratio": 0.0017732453299686313,
  "VXTLT": 0.0076765259727835655,
  "VXTLT_change_21d": 0.0028604546561837195,
  "VXTLT_zscore_63d": 0.0033273970242589713,
  "VXTLT_velocity_10d": 0.006818833760917187,
  "VXTLT_acceleration_5d": 0.003980198525823653,
  "bond_vol_regime": 0.0,
  "vxtlt_vix_ratio": 0.00665819151327014,
  "vxtlt_vix_spread": 0.006839057710021734,
  "VXTLT_percentile_63d": 0.006081900373101234,
  "VXTLT_percentile_126d": 0.005901764775626361,
  "VXTLT_percentile_252d": 0.0023641412612050773,
  "VXTLT_vs_ma21": 0.0013355864910408854,
  "VXTLT_vs_ma63": 0.007148353755474091,
  "cboe_stress_composite": 0.005255355359986424,
  "cboe_stress_regime": 0.0,
  "VX1-VX2": 0.0009955079294741154,
  "VX1-VX2_change_21d": 0.0032517525367438795,
  "VX1-VX2_zscore_63d": 0.0033260794822126626,
  "VX1-VX2_percentile_63d": 0.002151292283087969,
  "VX2-VX1_RATIO": 0.00305241312016733,
  "VX2-VX1_RATIO_velocity_10d": 0.005372728826478124,
  "vx_term_structure_regime": 0.0,
  "vx_curve_acceleration": 0.007734790910035372,
  "vx_term_structure_divergence": 0.0036330690374597905,
  "CL1-CL2": 0.0061024345457553865,
  "CL1-CL2_velocity_5d": 0.005178326903842389,
  "CL1-CL2_zscore_63d": 0.006281525641679764,
  "oil_term_regime": 0.0,
  "crude_oil_ret_10d": 0.008303709980100393,
  "crude_oil_ret_21d": 0.004929935466498137,
  "crude_oil_ret_63d": 0.00714825838804245,
  "crude_oil_vol_21d": 0.005732432659715414,
  "crude_oil_zscore_63d": 0.006610815413296223,
  "DX1-DX2": 0.0019114681519567967,
  "DX1-DX2_velocity_5d": 0.003193229017779231,
  "DX1-DX2_zscore_63d": 0.004396881256252527,
  "dxy_ret_10d": 0.007031364366412163,
  "dxy_ret_21d": 0.005741152353584767,
  "dxy_ret_63d": 0.0059480942785739895,
  "dxy_vs_ma50": 0.005317725706845522,
  "dxy_vs_ma200": 0.004952626209706068,
  "dxy_vol_21d": 0.004801435209810734,
  "dollar_crude_corr_21d": 0.005290538631379604,
  "spx_dollar_corr_21d": 0.005288919061422348,
  "initial_claims": 0.007140353135764599,
  "claims_4wk_ma": 0.006263258866965771,
  "claims_velocity_4w": 0.0031822151504456997,
  "claims_zscore_52w": 0.004350990412058308,
  "claims_percentile_52w": 0.005138291697949171,
  "claims_regime": 0.0,
  "claims_velocity_zscore": 0.0036125266924500465,
  "fin_stress_index": 0.005356489680707455,
  "stress_velocity_4w": 0.004483291180804372,
  "stress_zscore_52w": 0.004854891169816256,
  "stress_extreme": 0.0008388577960431575,
  "stress_regime": 0.000866213720291853,
  "hy_spread": 0.007869117427617311,
  "hy_velocity_21d": 0.004243092704564333,
  "hy_zscore_252d": 0.006065130652859807,
  "hy_bb_spread": 0.004099330492317676,
  "hy_bb_velocity_21d": 0.007136538438498974,
  "hy_b_spread": 0.005750381574034691,
  "hy_b_velocity_21d": 0.0031484292820096018,
  "hy_ccc_spread": 0.005571921262890101,
  "hy_ccc_velocity_21d": 0.0034691572189331056,
  "credit_quality_spread": 0.0058675347827374935,
  "credit_widening_regime": 0.0,
  "ig_hy_spread": 0.003941279277205468,
  "credit_stress_composite": 0.006830309610813856,
  "sofr": 0.0,
  "sofr_ff_spread": 0.0004993937909603119,
  "funding_stress": 0.0,
  "funding_stress_zscore": 0.0007464657071977853,
  "funding_stress_regime": 0.0,
  "sofr_velocity_5d": 0.00017554640071466566,
  "yield_10y2y": 0.0,
  "yield_10y2y_zscore": 0.0,
  "yield_10y3m": 0.00533847683109343,
  "yield_2y3m": 0.0,
  "yield_5y2y": 0.0,
  "yield_30y10y": 0.005838222615420818,
  "yield_10y2y_velocity_10d": 0.0,
  "yield_10y2y_velocity_21d": 0.0,
  "yield_10y2y_velocity_63d": 0.0,
  "yield_10y2y_acceleration": 0.0,
  "yield_10y2y_vs_ma63": 0.0,
  "yield_10y2y_percentile_252d": 0.0,
  "yield_10y3m_velocity_10d": 0.006388741545379162,