{
  "spx_lag1": 0.004186076205223798,
  "vix_ret_1d": 0.0010950709227472543,
  "vix_ret_5d": 0.007151617668569088,
  "vix_ret_10d": 0.0023385129286907615,
  "vix_ret_21d": 0.0030377897201105952,
  "vix_vol_10d": 0.005269928695634007,
  "vix_vol_21d": 0.004573700344190001,
  "vix_vol_63d": 0.005512073915451765,
  "vix_velocity_5d": 0.013651505298912524,
  "vix_velocity_10d": 0.0009007260086946189,
  "vix_velocity_21d": 0.0034969720989465715,
  "vix_vs_ma10": 0.01422071335837245,
  "vix_vs_ma21": 0.0038980913581326605,
  "vix_vs_ma63": 0.005532935308292508,
  "vix_vs_ma252": 0.00519173345528543,
  "vix_zscore_21d": 0.003990526555571705,
  "vix_zscore_63d": 0.005268653389066458,
  "vix_zscore_252d": 0.0076590881682932375,
  "vix_momentum_z_10d": 0.003168710693717003,
  "vix_momentum_z_21d": 0.0024415313266217707,
  "vix_accel_5d": 0.007316743116825819,
  "vix_stretch_ma21": 0.0068061485886573795,
  "vix_stretch_ma63": 0.003590554231777787,
  "reversion_strength_21d": 0.0030218658037483694,
  "reversion_strength_63d": 0.004094971343874931,
  "vix_bb_position_20d": 0.0030827653594315053,
  "vix_extreme_low_21d": 0.0,
  "vix_regime": 0.008688843622803689,
  "days_in_regime": 0.010387915652245283,
  "regime_distance_to_boundary": 0.004320287954760716,
  "regime_within_regime_percentile": 0.004058185918256641,
  "regime_change_flag": 0.0,
  "time_in_regime_pct": 0.009480245225131512,
  "regime_expected_return_5d": 0.0,
  "regime_median_return_5d": 0.0,
  "regime_return_std_5d": 0.0,
  "regime_prob_up_5d": 0.0,
  "regime_vol_of_vol": 0.0,
  "regime_spike_prob": 0.0,
  "regime_prob_stay": 0.0,
  "regime_prob_crisis": 0.0,
  "regime_prob_elevated": 0.0,
  "spx_ret_1d": 0.0007173792982939631,
  "spx_ret_5d": 0.010895225359126926,
  "spx_ret_10d": 0.0011666526086628437,
  "spx_ret_21d": 0.004356393311172724,
  "spx_ret_63d": 0.005879252078011632,
  "spx_vs_ma20": 0.0072947232984006405,
  "spx_vs_ma50": 0.0012113684555515648,
  "spx_vs_ma200": 0.005077908048406243,
  "spx_momentum_z_10d": 0.0008755973889492452,
  "spx_momentum_z_21d": 0.004215507442131639,
  "spx_realized_vol_10d": 0.006248195841908455,
  "spx_realized_vol_21d": 0.0061293120961636305,
  "spx_realized_vol_63d": 0.006208954052999616,
  "spx_vol_ratio_10_21": 0.004447357403114438,
  "spx_vol_ratio_10_63": 0.0075468896888196465,
  "spx_skew_21d": 0.0058226519729942085,
  "spx_kurt_21d": 0.006085769692435861,
  "bb_position_20d": 0.00545297134667635,
  "bb_width_20d": 0.006417216337285936,
  "rsi_14": 0.006071059498935938,
  "rsi_regime": 0.00101953512057662,
  "rsi_divergence": 0.002473043743520975,
  "macd": 0.0072492933832108974,
  "macd_signal": 0.006677351053804159,
  "macd_histogram": 0.004893731023184955,
  "adx_14": 0.005530668376013637,
  "trend_strength": 0.0031183225102722643,
  "spx_body_size": 0.0006789935752749443,
  "spx_range": 0.0006900446489453316,
  "spx_range_pct": 0.0020494571188464763,
  "spx_upper_shadow": 0.002665890264324844,
  "spx_lower_shadow": 0.0005284680868498981,
  "spx_close_position": 0.004426980670541525,
  "spx_body_to_range": 0.0010996700380928814,
  "spx_gap": 0.0004939553939038888,
  "spx_gap_magnitude": 0.001616872873273678,
  "spx_upper_rejection": 0.0005350436782464385,
  "spx_lower_rejection": 0.001358716539107263,
  "spx_range_expansion": 0.001248707016929984,
  "spx_vix_corr_21d": 0.004580003302544355,
  "spx_vix_corr_63d": 0.005112664401531219,
  "spx_vix_corr_126d": 0.005683277011848986,
  "vix_vs_rv_10d": 0.006545111164450645,
  "vix_rv_ratio_10d": 0.00699403015896678,
  "vix_vs_rv_21d": 0.005731301940977573,
  "vix_rv_ratio_21d": 0.006647898955270648,
  "SKEW": 0.0012744174338877202,
  "skew_regime": 0.0,
  "skew_vs_vix": 0.001948976516723633,
  "skew_vix_ratio": 0.003223106078803539,
  "skew_displacement": 0.001174224354326725,
  "pc_equity_inst_divergence": 0.0008773390902206302,
  "pcc_accel_10d": 0.0015409687999635934,
  "COR1M": 0.0020578362978994845,
  "COR1M_change_21d": 0.0013537040911614894,
  "COR1M_zscore_63d": 9.099194430746138e-05,
  "COR3M": 0.0015920198988169433,
  "COR3M_change_21d": 0.0021106193773448466,
  "COR3M_zscore_63d": 0.0,
  "cor_term_structure": 0.000849988404661417,
  "cor_term_slope_change_21d": 0.0010738597717136144,
  "VXTH": 0.002885466441512108,
  "VXTH_change_21d": 0.0020060721784830094,
  "VXTH_zscore_63d": 0.0007564120460301638,
  "vxth_vix_ratio": 0.0009069963358342648,
  "VXTLT": 0.00730615621432662,
  "VXTLT_change_21d": 0.005001438315957785,
  "VXTLT_zscore_63d": 0.003039962472394109,
  "VXTLT_velocity_10d": 0.005745209567248821,
  "VXTLT_acceleration_5d": 0.003549969312734902,
  "bond_vol_regime": 0.0,
  "vxtlt_vix_ratio": 0.004131555603817105,
  "vxtlt_vix_spread": 0.009924318222329021,
  "VXTLT_percentile_63d": 0.002239608112722635,
  "VXTLT_percentile_126d": 0.005107171181589365,
  "VXTLT_percentile_252d": 0.005144034652039409,
  "VXTLT_vs_ma21": 0.004805848281830549,
  "VXTLT_vs_ma63": 0.005049239576328546,
  "cboe_stress_composite": 0.007879822421818972,
  "cboe_stress_regime": 0.0,
  "vx_contango_pct": 0.0022273568902164698,
  "vx_contango_5d_change": 0.0018331353552639485,
  "vx_contango_zscore": 0.0,
  "vx1_return_5d": 0.0007046586368232965,
  "vx2_return_5d": 0.0,
  "vx_curve_2_1_ratio": 0.001680995523929596,
  "vx_curve_3_2_ratio": 0.0011965572834014893,
  "vx_curve_4_3_ratio": 0.003440170083194971,
  "vx_curve_steepness": 0.0028569001704454424,
  "vx_oi_front_concentration": 0.0011398221366107463,
  "vx_oi_imbalance": 0.0020791681483387945,
  "vx_oi_5d_change": 0.0015842156950384378,
  "vx_oi_zscore_63d": 0.0005070964805781841,
  "vx_oi_surge": 0.0024293904192745686,
  "vx_churn_ratio": 0.0007724300492554903,
  "vx_churn_zscore_63d": 0.0,
  "vx_roll_yield_annualized": 0.005596573650836945,
  "vx_roll_cost_5d": 0.005405166186392307,
  "vx_roll_yield_zscore_63d": 0.0035213413648307323,
  "vx_momentum_5d": 0.0,
  "vx_momentum_zscore": 0.0,
  "CL1-CL2": 0.005737060029059648,
  "CL1-CL2_velocity_5d": 0.0029270815663039683,
  "CL1-CL2_zscore_63d": 0.005173842748627066,
  "oil_term_regime": 0.001410498283803463,
  "crude_oil_ret_10d": 0.0051131824031472204,
  "crude_oil_ret_21d": 0.002645006263628602,
  "crude_oil_ret_63d": 0.00820661596953869,
  "crude_oil_vol_21d": 0.004603082360699773,
  "crude_oil_zscore_63d": 0.00702319541014731,
  "DX1-DX2": 0.0012369855889119209,
  "DX1-DX2_velocity_5d": 0.003613889077678323,
  "DX1-DX2_zscore_63d": 0.00420251137111336,
  "dxy_ret_10d": 0.006811362411826849,
  "dxy_ret_21d": 0.003901846520602703,
  "dxy_ret_63d": 0.005655452702194452,
  "dxy_vs_ma50": 0.004983568890020251,
  "dxy_vs_ma200": 0.007432349864393473,
  "dxy_vol_21d": 0.00488166119903326,
  "dollar_crude_corr_21d": 0.004404084058478475,
  "spx_dollar_corr_21d": 0.005475015193223953,
  "initial_claims": 0.004284626990556717,
  "claims_4wk_ma": 0.006607543304562568,
  "claims_velocity_4w": 0.0052344274241477255,
  "claims_zscore_52w": 0.007684975024312734,
  "claims_percentile_52w": 0.0047432755585759875,
  "claims_regime": 0.0,
  "claims_velocity_zscore": 0.0058284025639295575,
  "fin_stress_index": 0.0055559507571160795,
  "stress_velocity_4w": 0.004318254487589002,
  "stress_zscore_52w": 0.001117090880870819,
  "stress_extreme": 0.0008688498288393021,
  "stress_regime": 0.0,
  "hy_spread": 0.006611671764403582,
  "hy_velocity_21d": 0.0028313664719462396,
  "hy_zscore_252d": 0.006813675817102194,
  "hy_bb_spread": 0.0009139574132859707,
  "hy_bb_velocity_21d": 0.004178100824356079,
  "hy_b_spread": 0.00608380027115345,
  "hy_b_velocity_21d": 0.004049895261414349,
  "hy_ccc_spread": 0.0047794812824577095,
  "hy_ccc_velocity_21d": 0.0030014057643711566,
  "credit_quality_spread": 0.008202599734067917,
  "credit_widening_regime": 0.0013380326330661775,
  "ig_hy_spread": 0.00067333176266402,
  "credit_stress_composite": 0.008953082282096148,
  "sofr": 0.0018542204052209854,
  "sofr_ff_spread": 0.0,
  "funding_stress": 0.0,
  "funding_stress_zscore": 0.0,
  "funding_stress_regime": 0.0,