{
  "spx_lag1": 0.004023006185889244,
  "vix_ret_1d": 0.0012205353355966508,
  "vix_ret_5d": 0.007703647576272487,
  "vix_ret_10d": 0.0024248605011962356,
  "vix_ret_21d": 0.003810039139352739,
  "vix_vol_10d": 0.005138930911198258,
  "vix_vol_21d": 0.004948854818940163,
  "vix_vol_63d": 0.00513297007419169,
  "vix_velocity_5d": 0.01443163063377142,
  "vix_velocity_10d": 0.0022256484138779343,
  "vix_velocity_21d": 0.0029020791873335837,
  "vix_vs_ma10": 0.013692179787904024,
  "vix_vs_ma21": 0.004458189290016889,
  "vix_vs_ma63": 0.005842183902859688,
  "vix_vs_ma252": 0.006101520964875817,
  "vix_zscore_21d": 0.003826845227740705,
  "vix_zscore_63d": 0.00488790306262672,
  "vix_zscore_252d": 0.006619297713041305,
  "vix_momentum_z_10d": 0.005130123347043991,
  "vix_momentum_z_21d": 0.0034111660905182363,
  "vix_accel_5d": 0.006772926077246666,
  "vix_stretch_ma21": 0.007107205782085657,
  "vix_stretch_ma63": 0.0035375428153201936,
  "reversion_strength_21d": 0.002748668985441327,
  "reversion_strength_63d": 0.004262805543839931,
  "vix_bb_position_20d": 0.0035218729637563227,
  "vix_extreme_low_21d": 0.0,
  "vix_regime": 0.008455680496990681,
  "days_in_regime": 0.010413442365825176,
  "regime_distance_to_boundary": 0.003849332797108218,
  "regime_within_regime_percentile": 0.004380048299208283,
  "regime_change_flag": 0.0,
  "time_in_regime_pct": 0.010155793186277151,
  "regime_expected_return_5d": 0.0015561937354505063,
  "regime_median_return_5d": 0.0,
  "regime_return_std_5d": 0.0,
  "regime_prob_up_5d": 0.0,
  "regime_vol_of_vol": 0.0,
  "regime_spike_prob": 0.0,
  "regime_prob_stay": 0.0,
  "regime_prob_crisis": 0.0,
  "regime_prob_elevated": 0.0,
  "spx_ret_1d": 0.0007173792982939631,
  "spx_ret_5d": 0.009598653903231025,
  "spx_ret_10d": 0.001220553833991289,
  "spx_ret_21d": 0.00228001750074327,
  "spx_ret_63d": 0.0058250609319657086,
  "spx_vs_ma20": 0.009445743542164564,
  "spx_vs_ma50": 0.0,
  "spx_vs_ma200": 0.004705896321684122,
  "spx_momentum_z_10d": 0.00139270432991907,
  "spx_momentum_z_21d": 0.0038985055405646564,
  "spx_realized_vol_10d": 0.005359848821535706,
  "spx_realized_vol_21d": 0.006244958750903607,
  "spx_realized_vol_63d": 0.0058304613921791315,
  "spx_vol_ratio_10_21": 0.0038174718618392946,
  "spx_vol_ratio_10_63": 0.007498127967119217,
  "spx_skew_21d": 0.0040902947075665,
  "spx_kurt_21d": 0.006427101511508227,
  "bb_position_20d": 0.005370892491191626,
  "bb_width_20d": 0.006459639756940305,
  "rsi_14": 0.0057358589954674246,
  "rsi_regime": 0.00101953512057662,
  "rsi_divergence": 0.0028946534264832737,
  "macd": 0.006715996097773314,
  "macd_signal": 0.006615318264812231,
  "macd_histogram": 0.004896550695411861,
  "adx_14": 0.006477938964962959,
  "trend_strength": 0.0031442878767848014,
  "spx_body_size": 0.0006789935752749443,
  "spx_range": 0.0007983615738339722,
  "spx_range_pct": 0.0020691868849098682,
  "spx_upper_shadow": 0.0024875447154045103,
  "spx_lower_shadow": 0.0005284680868498981,
  "spx_close_position": 0.0038917789235711096,
  "spx_body_to_range": 0.0010149611858651041,
  "spx_gap": 0.0005188363749766723,
  "spx_gap_magnitude": 0.001709447885514237,
  "spx_upper_rejection": 0.0004058854770846665,
  "spx_lower_rejection": 0.002958517405204475,
  "spx_range_expansion": 0.0011313140625134111,
  "spx_vix_corr_21d": 0.004925407376140356,
  "spx_vix_corr_63d": 0.0047322992701083425,
  "spx_vix_corr_126d": 0.005850087315775454,
  "vix_vs_rv_10d": 0.006739653181284666,
  "vix_rv_ratio_10d": 0.0069460621103644375,
  "vix_vs_rv_21d": 0.00577469002455473,
  "vix_rv_ratio_21d": 0.006165384687483311,
  "SKEW": 0.0024726981297135352,
  "skew_regime": 0.0,
  "skew_vs_vix": 0.002381507307291031,
  "skew_vix_ratio": 0.0035018847323954106,
  "skew_displacement": 0.0013806024566292764,
  "pc_equity_inst_divergence": 0.0006335444282740355,
  "pcc_accel_10d": 0.0017306874971836806,
  "COR1M": 0.0023679535835981367,
  "COR1M_change_21d": 0.0017932995688170195,
  "COR1M_zscore_63d": 0.0008988223795313388,
  "COR3M": 0.0015946106053888799,
  "COR3M_change_21d": 0.0008002066053450108,
  "COR3M_zscore_63d": 0.0,
  "cor_term_structure": 0.001307547139003873,
  "cor_term_slope_change_21d": 0.0011629373766481876,
  "VXTH": 0.002180154016241431,
  "VXTH_change_21d": 0.001774175837635994,
  "VXTH_zscore_63d": 0.00030140755698084833,
  "vxth_vix_ratio": 0.0009341946803033352,
  "VXTLT": 0.007162446342408657,
  "VXTLT_change_21d": 0.00517566055059433,
  "VXTLT_zscore_63d": 0.002713736623991281,
  "VXTLT_velocity_10d": 0.0051183771342039105,
  "VXTLT_acceleration_5d": 0.003990517603233457,
  "bond_vol_regime": 0.0,
  "vxtlt_vix_ratio": 0.004158770176582038,
  "vxtlt_vix_spread": 0.009945252863690256,
  "VXTLT_percentile_63d": 0.002425050619058311,
  "VXTLT_percentile_126d": 0.005057187797501683,
  "VXTLT_percentile_252d": 0.006259460654109717,
  "VXTLT_vs_ma21": 0.004043295606970787,
  "VXTLT_vs_ma63": 0.0040869095362722875,
  "cboe_stress_composite": 0.00899586258456111,
  "cboe_stress_regime": 0.0,
  "vx_contango_pct": 0.0018320720642805099,
  "vx_contango_5d_change": 0.0009652304463088513,
  "vx_contango_zscore": 0.0,
  "vx1_return_5d": 0.0,
  "vx2_return_5d": 0.0,
  "vx_curve_2_1_ratio": 0.002112344466149807,
  "vx_curve_3_2_ratio": 0.0,
  "vx_curve_4_3_ratio": 0.0018305558245629073,
  "vx_curve_steepness": 0.004288276098668576,
  "vx_oi_front_concentration": 0.0024861983954906465,
  "vx_oi_imbalance": 0.002045327425003052,
  "vx_oi_5d_change": 0.001888652006164193,
  "vx_oi_zscore_63d": 0.000830636452883482,
  "vx_oi_surge": 0.0007847819477319717,
  "vx_churn_ratio": 0.0020244313403964044,
  "vx_churn_zscore_63d": 0.0010712286457419395,
  "vx_roll_yield_annualized": 0.004865657351911068,
  "vx_roll_cost_5d": 0.007185382209718228,
  "vx_roll_yield_zscore_63d": 0.0036523180082440377,
  "vx_momentum_5d": 0.0,
  "vx_momentum_zscore": 0.0,
  "CL1-CL2": 0.005473657231777907,
  "CL1-CL2_velocity_5d": 0.0031746218679472803,
  "CL1-CL2_zscore_63d": 0.0048936286475509405,
  "oil_term_regime": 0.001410498283803463,
  "crude_oil_ret_10d": 0.006150603061541915,
  "crude_oil_ret_21d": 0.0030383432982489466,
  "crude_oil_ret_63d": 0.008602915424853563,
  "crude_oil_vol_21d": 0.0046744583640247585,
  "crude_oil_zscore_63d": 0.005312840826809407,
  "DX1-DX2": 0.0012127517955377698,
  "DX1-DX2_velocity_5d": 0.003596516512334347,
  "DX1-DX2_zscore_63d": 0.004322575614787638,
  "dxy_ret_10d": 0.006853272020816803,
  "dxy_ret_21d": 0.00408216561190784,
  "dxy_ret_63d": 0.004735887236893177,
  "dxy_vs_ma50": 0.004631991311907768,
  "dxy_vs_ma200": 0.007802045810967684,
  "dxy_vol_21d": 0.0044452746398746966,
  "dollar_crude_corr_21d": 0.004267782298848033,
  "spx_dollar_corr_21d": 0.0057365534827113155,
  "initial_claims": 0.004269141564145684,
  "claims_4wk_ma": 0.006470580864697695,
  "claims_velocity_4w": 0.00509796584956348,
  "claims_zscore_52w": 0.008343994338065385,
  "claims_percentile_52w": 0.003968690289184451,
  "claims_regime": 0.0,
  "claims_velocity_zscore": 0.006723635084927082,
  "fin_stress_index": 0.006373730627819896,
  "stress_velocity_4w": 0.004121916159056127,
  "stress_zscore_52w": 0.0014969959389418363,
  "stress_extreme": 0.0008688498288393021,
  "stress_regime": 0.0,
  "hy_spread": 0.005619081587065011,
  "hy_velocity_21d": 0.0017516500316560268,
  "hy_zscore_252d": 0.006653843307867646,
  "hy_bb_spread": 0.0011755958199501037,
  "hy_bb_velocity_21d": 0.003565958607941866,
  "hy_b_spread": 0.005739076854661107,
  "hy_b_velocity_21d": 0.00610744331497699,
  "hy_ccc_spread": 0.005629036901518702,
  "hy_ccc_velocity_21d": 0.002851820923388004,
  "credit_quality_spread": 0.008574838656932116,
  "credit_widening_regime": 0.0013380326330661775,
  "ig_hy_spread": 0.0014578175731003284,
  "credit_stress_composite": 0.008944601193070412,
  "sofr": 0.001635439693927765,
  "sofr_ff_spread": 0.0,
  "funding_stress": 0.0,
  "funding_stress_zscore": 0.000757703697308898,
  "funding_stress_regime": 0.0,