{
  "target_type": "compression",
  "top_n": 116,
  "correlation_threshold": 0.8925,
  "n_selected": 116,
  "n_removed_correlation": 29,
  "n_samples": 2613,
  "top_10_features": [
    "vix_vs_ma63",
    "regime_median_return_5d",
    "vix_velocity_5d_regime_adj",
    "vix_percentile_126d",
    "bb_position_20d",
    "vix_vs_ma21",
    "vvix_velocity_10d",
    "vix_vel_spx_rv_ratio",
    "vvix",
    "liquidity_stress_composite"
  ],
  "top_10_importance": [
    0.050841177627444264,
    0.020829520560801028,
    0.020624808222055434,
    0.020394783839583396,
    0.015891741774976254,
    0.011424313485622405,
    0.010410549212247133,
    0.010183910047635436,
    0.00996828603092581,
    0.009181672608247027
  ]
}