{
  "spx_lag1": 0.004336351109668612,
  "vix_ret_1d": 0.00237286826595664,
  "vix_ret_5d": 0.003052222263067961,
  "vix_ret_10d": 0.0032656242372468116,
  "vix_ret_21d": 0.002898910315707326,
  "vix_vol_10d": 0.003951325872913003,
  "vix_vol_21d": 0.0038465400692075493,
  "vix_vol_63d": 0.004684000229462981,
  "vix_velocity_5d": 0.004501726711168885,
  "vix_velocity_10d": 0.0031262986827641725,
  "vix_velocity_21d": 0.0032396230846643446,
  "vix_vs_ma10": 0.007951812911778688,
  "vix_vs_ma21": 0.005028270930051803,
  "vix_vs_ma63": 0.005182691477239132,
  "vix_vs_ma252": 0.004230726230889559,
  "vix_zscore_21d": 0.004097488988190889,
  "vix_zscore_63d": 0.004389340849593281,
  "vix_zscore_252d": 0.005615486763417721,
  "vix_momentum_z_10d": 0.0024973151041194795,
  "vix_momentum_z_21d": 0.003180035809054971,
  "vix_accel_5d": 0.003596865851432085,
  "vix_stretch_ma21": 0.0037920049857348205,
  "vix_stretch_ma63": 0.0037290336564183234,
  "reversion_strength_21d": 0.003438102873042226,
  "reversion_strength_63d": 0.005176779627799988,
  "vix_bb_position_20d": 0.005276245903223753,
  "vix_extreme_low_21d": 0.0005685530602931976,
  "vix_regime": 0.0,
  "days_in_regime": 0.0048233156092464926,
  "regime_distance_to_boundary": 0.0034264322835952043,
  "regime_within_regime_percentile": 0.003050458850339055,
  "regime_change_flag": 0.0,
  "time_in_regime_pct": 0.0048418752383440735,
  "regime_expected_return_5d": 0.0,
  "regime_median_return_5d": 0.0,
  "regime_return_std_5d": 0.0,
  "regime_prob_up_5d": 0.0,
  "regime_vol_of_vol": 0.0,
  "regime_spike_prob": 0.0,
  "regime_prob_stay": 0.0,
  "regime_prob_crisis": 0.0,
  "regime_prob_elevated": 0.0,
  "vix1m_vix3m_ratio": 0.007358159124851227,
  "vix_term_slope_short": 0.004353330656886101,
  "vix_term_slope_velocity_21d": 0.003105706023052335,
  "vix_term_ratio_zscore_63d": 0.004846018878743053,
  "vix3m_vix6m_ratio": 0.003914488898590207,
  "vix_term_slope_long": 0.002926967479288578,
  "vix_term_curvature": 0.0026120601687580347,
  "vix_term_curvature_zscore": 0.0021335969679057596,
  "spx_ret_1d": 0.0025593747617676855,
  "spx_ret_5d": 0.004667161079123616,
  "spx_ret_10d": 0.003793062176555395,
  "spx_ret_21d": 0.0037731190212070944,
  "spx_ret_63d": 0.003642857959493995,
  "spx_vs_ma20": 0.003427716298028827,
  "spx_vs_ma50": 0.004544025706127286,
  "spx_vs_ma200": 0.003951378259807825,
  "spx_momentum_z_10d": 0.002596719050779939,
  "spx_momentum_z_21d": 0.0032668699976056816,
  "spx_realized_vol_10d": 0.003291996056213975,
  "spx_realized_vol_21d": 0.005571210570633411,
  "spx_realized_vol_63d": 0.007065236009657383,
  "spx_vol_ratio_10_21": 0.0037598847411572933,
  "spx_vol_ratio_10_63": 0.0033720339182764293,
  "spx_skew_21d": 0.004433570615947247,
  "spx_kurt_21d": 0.0036339508835226296,
  "bb_position_20d": 0.004565034480765462,
  "bb_width_20d": 0.004008868243545294,
  "rsi_14": 0.005218563135713339,
  "rsi_regime": 0.0003455732949078083,
  "rsi_divergence": 0.0033281557261943817,
  "macd": 0.004026375478133559,
  "macd_signal": 0.004680722206830979,
  "macd_histogram": 0.00435134912841022,
  "adx_14": 0.004413878498598933,
  "trend_strength": 0.004358400171622634,
  "spx_body_size": 0.002025301265530288,
  "spx_range": 0.0026708997320383787,
  "spx_range_pct": 0.0032970559084787967,
  "spx_upper_shadow": 0.002764419885352254,
  "spx_lower_shadow": 0.0019965253304690123,
  "spx_close_position": 0.0024396943394094706,
  "spx_body_to_range": 0.002169902389869094,
  "spx_gap": 0.002511085057631135,
  "spx_gap_magnitude": 0.0023612643126398325,
  "spx_upper_rejection": 0.0021112249232828617,
  "spx_lower_rejection": 0.0019121393328532577,
  "spx_range_expansion": 0.0026421093381941317,
  "spx_vix_corr_21d": 0.004089000029489398,
  "spx_vix_corr_63d": 0.0038538589142262936,
  "spx_vix_corr_126d": 0.0034120507771149278,
  "vix_vs_rv_10d": 0.003596225753426552,
  "vix_rv_ratio_10d": 0.004268586682155728,
  "vix_vs_rv_21d": 0.00455511063337326,
  "vix_rv_ratio_21d": 0.004729846213012934,
  "SKEW": 0.0007637487025931478,
  "skew_regime": 0.0,
  "skew_vs_vix": 0.0009373124223202467,
  "skew_vix_ratio": 0.001870347373187542,
  "skew_displacement": 0.0009497622493654489,
  "pc_equity_inst_divergence": 0.0008754221256822347,
  "pcc_accel_10d": 0.0008488615276291966,
  "COR1M": 0.0013341511599719524,
  "COR1M_change_21d": 0.0010823604185134172,
  "COR1M_zscore_63d": 0.0010571274440735578,
  "COR3M": 0.001187350694090128,
  "COR3M_change_21d": 0.0013053019065409899,
  "COR3M_zscore_63d": 0.001131514273583889,
  "cor_term_structure": 0.0014349158387631177,
  "cor_term_slope_change_21d": 0.0014509815257042647,
  "VXTH": 0.0014385209884494542,
  "VXTH_change_21d": 0.001577219320461154,
  "VXTH_zscore_63d": 0.0008661617059260607,
  "vxth_vix_ratio": 0.0010158224496990443,
  "VXTLT": 0.0032255799043923615,
  "VXTLT_change_21d": 0.003468767553567886,
  "VXTLT_zscore_63d": 0.002975702891126275,
  "VXTLT_velocity_10d": 0.0036454265005886554,
  "VXTLT_acceleration_5d": 0.0029801737051457166,
  "bond_vol_regime": 0.0,
  "vxtlt_vix_ratio": 0.0033522116020321844,
  "vxtlt_vix_spread": 0.005232226336374879,
  "VXTLT_percentile_63d": 0.0046168581116944555,
  "VXTLT_percentile_126d": 0.003720679390244186,
  "VXTLT_percentile_252d": 0.003377423295751214,
  "VXTLT_vs_ma21": 0.003545471886172891,
  "VXTLT_vs_ma63": 0.003385322354733944,
  "cboe_stress_composite": 0.004719315515831113,
  "cboe_stress_regime": 0.0,
  "vx_contango_pct": 0.0008402358740568161,
  "vx_contango_5d_change": 0.002043476072140038,
  "vx_contango_zscore": 0.0009825916262343527,
  "vx1_return_5d": 0.0010479971999302507,
  "vx2_return_5d": 0.001537738647311926,
  "vx_curve_2_1_ratio": 0.0018774596974253654,
  "vx_curve_3_2_ratio": 0.0015073634684085846,
  "vx_curve_4_3_ratio": 0.001997845666483045,
  "vx_curve_steepness": 0.0019501924980431795,
  "vx_oi_front_concentration": 0.0035446844063699245,
  "vx_oi_imbalance": 0.0014250321546569467,
  "vx_oi_5d_change": 0.0019730895292013884,
  "vx_oi_zscore_63d": 0.001924056513234973,
  "vx_oi_surge": 0.002165545616298914,
  "vx_churn_ratio": 0.003650569822639227,
  "vx_churn_zscore_63d": 0.001800396922044456,
  "vx_roll_yield_annualized": 0.001600349461659789,
  "vx_roll_cost_5d": 0.0016650546342134476,
  "vx_roll_yield_zscore_63d": 0.0017042158171534539,
  "vx_momentum_5d": 0.0004930328577756882,
  "vx_momentum_zscore": 0.0012426213128492237,
  "CL1-CL2": 0.004446104355156422,
  "CL1-CL2_velocity_5d": 0.002932821586728096,
  "CL1-CL2_zscore_63d": 0.0038251724559813737,
  "oil_term_regime": 0.0004096727818250656,
  "crude_oil_ret_10d": 0.006088157603517175,
  "crude_oil_ret_21d": 0.003406950365751982,
  "crude_oil_ret_63d": 0.0053449910134077076,
  "crude_oil_vol_21d": 0.003821215033531189,
  "crude_oil_zscore_63d": 0.004211145220324397,
  "DX1-DX2": 0.0024009583052247764,
  "DX1-DX2_velocity_5d": 0.0023916494101285934,
  "DX1-DX2_zscore_63d": 0.0028744440525770186,
  "dxy_ret_10d": 0.005178554868325591,
  "dxy_ret_21d": 0.004116644291207195,
  "dxy_ret_63d": 0.003429029742255807,
  "dxy_vs_ma50": 0.004366154689341784,
  "dxy_vs_ma200": 0.004245095513761043,
  "dxy_vol_21d": 0.0034097470343112946,
  "dollar_crude_corr_21d": 0.003665411937981844,
  "spx_dollar_corr_21d": 0.00353266024030745,
  "initial_claims": 0.004182786028832197,
  "claims_4wk_ma": 0.004683793848380446,
  "claims_velocity_4w": 0.003734059678390622,
  "claims_zscore_52w": 0.003964606951922178,
  "claims_percentile_52w": 0.0037855710834264755,
  "claims_regime": 0.0,
  "claims_velocity_zscore": 0.004150176886469126,
  "fin_stress_index": 0.0037892071530222894,
  "stress_velocity_4w": 0.0031332619953900577,
  "stress_zscore_52w": 0.0030357005074620248,
  "stress_extreme": 0.0,
  "stress_regime": 0.0,
  "hy_spread": 0.007501289993524551,
  "hy_velocity_21d": 0.003384355176240206,
  "hy_zscore_252d": 0.004727730760350823,
  "hy_bb_spread": 0.0038018668536096813,
  "hy_bb_velocity_21d": 0.004906469769775867,
  "hy_b_spread": 0.006305371411144733,