{
  "correlation_threshold": 0.8925,
  "n_removed_correlation": 40,
  "n_samples": 4859,
  "n_selected": 136,
  "random_state": 42,
  "target_type": "up",
  "top_10_features": [
    "vix_velocity_5d_regime_adj",
    "vix_velocity_5d",
    "vix_vs_ma10",
    "skew_vix_ratio_percentile_252d",
    "vvix_velocity_21d",
    "ig_hy_spread",
    "vix_vol_21d_log",
    "vix_zscore_252d",
    "yield_curve_vol_avg",
    "spx_realized_vol_63d"
  ],
  "top_10_importance": [
    0.008858132734894752,
    0.007655765954405069,
    0.007471301965415478,
    0.007272498030215502,
    0.007212353218346834,
    0.007013717107474804,
    0.006340694148093462,
    0.006292334385216236,
    0.005731489229947329,
    0.005445489007979631
  ],
  "top_n": 136
}