{
  "10y_vol_63d": 0.0017481529212091118,
  "30y_vol_63d": 0.0032772849081084132,
  "6m_vol_63d_fred": 0.0035909709986299276,
  "CL1-CL2": 0.0018439501989632844,
  "CL1-CL2_velocity_5d": 0.0022576132672838868,
  "CL1-CL2_zscore_63d": 0.0033579822164028885,
  "Gold_lag1": 0.0021489506587386133,
  "Gold_zscore_63d": 0.0038579534739255905,
  "SKEW": 0.0029439618811011314,
  "SKEW_extreme_low_252d": 0.0,
  "SKEW_extreme_low_63d": 0.0006678696256130934,
  "SKEW_jerk_5d": 0.0018528292886912823,
  "SKEW_momentum_regime": 0.0002832842292264104,
  "SKEW_percentile_126d": 0.002583353337831795,
  "SKEW_percentile_21d": 0.0006079992395825684,
  "SKEW_percentile_252d": 0.0031958369072526693,
  "SKEW_percentile_63d": 0.002330507757142186,
  "SKEW_percentile_velocity": 0.0020620116731151937,
  "VX1-VX2": 0.0012952329590916634,
  "VX1-VX2_change_21d": 0.0009486624971032142,
  "VX1-VX2_percentile_63d": 0.0004463663848582655,
  "VX1-VX2_zscore_63d": 0.0008233986794948578,
  "VX2-VX1_RATIO": 0.0,
  "VX2-VX1_RATIO_velocity_10d": 9.133624844253063e-05,
  "VXTH": 0.0011820470448583365,
  "VXTH_change_21d": 0.0023230612743645905,
  "VXTH_zscore_63d": 0.001974401972256601,
  "VXTLT": 0.0005414842977188528,
  "VXTLT_acceleration_5d": 0.0003835651092231274,
  "VXTLT_change_21d": 0.0013895889278501272,
  "VXTLT_percentile_126d": 0.0013768187258392573,
  "VXTLT_percentile_252d": 0.0007503550499677658,
  "VXTLT_percentile_63d": 0.0013529182411730289,
  "VXTLT_velocity_10d": 0.0007205749425338581,
  "VXTLT_vs_ma21": 0.0003390519181266427,
  "VXTLT_vs_ma63": 0.0019753274973481894,
  "VXTLT_zscore_63d": 0.0010322193615138532,
  "adx_14": 0.0033423113636672497,
  "bb_position_20d": 0.003316542319953442,
  "bb_width_20d": 0.0027825607219710948,
  "bond_vol_regime": 0.0,
  "both_near_boundary_flag": 0.0,
  "both_regimes_changed_flag": 0.0,
  "cboe_stress_composite": 0.0004445421975106001,
  "cboe_stress_regime": 0.0,
  "claims_4wk_ma": 0.004630760475993157,
  "claims_percentile_52w": 0.004070549411699176,
  "claims_regime": 0.0,
  "claims_velocity_4w": 0.0035653012339025734,
  "claims_velocity_zscore": 0.002733070310205221,
  "claims_zscore_52w": 0.0027688133995980024,
  "commodity_vol_regime": 0.0006219926523044706,
  "copper": 0.00316178179346025,
  "copper_economic_signal": 0.0,
  "copper_momentum_63d": 0.003617105493322015,
  "copper_ret_10d": 0.0028555337572470306,
  "copper_ret_21d": 0.002747685695067048,
  "copper_ret_5d": 0.0030204374343156815,
  "copper_ret_63d": 0.0022881392389535902,
  "copper_zscore_21d": 0.0027522222604602574,
  "copper_zscore_252d": 0.0030206309631466864,
  "copper_zscore_63d": 0.0032606943510472774,
  "correlation_regime": 0.0,
  "credit_quality_spread": 0.0030262562679126857,
  "credit_stress_composite": 0.0036624650936573746,
  "credit_vol_divergence": 0.003569880314171314,
  "credit_vol_stress_composite": 0.0035822955891489983,
  "credit_widening_regime": 0.0,
  "cross_asset_vol_cluster": 0.0,
  "crude_oil_ret_10d": 0.003753344458527863,
  "crude_oil_ret_21d": 0.0028268663212656976,
  "crude_oil_ret_63d": 0.005080890236422419,
  "crude_oil_vol_21d": 0.0038785832468420265,
  "crude_oil_vol_21d_log": 0.0,
  "crude_oil_zscore_63d": 0.0033826566068455577,
  "day_of_month": 0.004965403443202376,
  "day_of_week": 0.00031357125844806434,
  "days_in_joint_regime": 0.0029098426224663855,
  "days_in_regime": 0.003814353607594967,
  "days_in_skew_regime": 0.003930483246222138,
  "dxy": 0.0038971678353846074,
  "dxy_accel_5d": 0.0015598503174260258,
  "dxy_bb_position_20d": 0.004417549376375974,
  "dxy_bb_width_20d": 0.004223088780418038,
  "dxy_extreme_high": 0.0010594818508252502,
  "dxy_extreme_low": 0.0,
  "dxy_gold_both_rally": 0.0,
  "dxy_gold_corr_126d": 0.004289697017520666,
  "dxy_gold_corr_21d": 0.004090301413089037,
  "dxy_gold_corr_63d": 0.004766927054151893,
  "dxy_gold_divergence": 0.0033616936765611173,
  "dxy_momentum_z_10d": 0.0027992856688797475,
  "dxy_momentum_z_21d": 0.002805208042263985,
  "dxy_momentum_z_5d": 0.0016468095360323786,
  "dxy_percentile_21d": 0.0030269707320258023,
  "dxy_percentile_252d": 0.0031872632913291453,
  "dxy_percentile_63d": 0.0021789745020214467,
  "dxy_regime_numeric": 0.0,
  "dxy_ret_10d": 0.0030993216205388308,
  "dxy_ret_1d": 0.002046039351262152,
  "dxy_ret_21d": 0.003977533616125584,
  "dxy_ret_5d": 0.0020439739571884276,
  "dxy_ret_63d": 0.004894974175840616,
  "dxy_velocity_10d": 0.001366574177518487,
  "dxy_velocity_21d": 0.003272166568785906,
  "dxy_velocity_5d": 0.002222528913989663,
  "dxy_vol_10d": 0.002010385994799435,
  "dxy_vol_21d": 0.002349903667345643,
  "dxy_vol_63d": 0.0027760447934269904,
  "dxy_vs_ma21": 0.005146945267915726,
  "dxy_vs_ma252": 0.0038419071584939956,
  "dxy_vs_ma63": 0.003709553088992834,
  "dxy_zscore_21d": 0.005531190289184451,
  "dxy_zscore_252d": 0.0035826894920319317,
  "dxy_zscore_63d": 0.00392296644859016,
  "equity_vol_corr_breakdown": 0.0038097020238637923,
  "equity_vol_divergence": 0.001983383251354098,
  "fin_stress_index": 0.0021869247546419503,
  "flight_to_safety_active": 0.0,
  "gold": 0.0009720700792968274,
  "gold_momentum_21d": 0.00299681993201375,
  "gold_regime": 0.0,
  "gold_ret_10d": 0.0031184170627966525,
  "gold_ret_21d": 0.003700770623981953,
  "gold_ret_5d": 0.0038644634187221527,
  "gold_ret_63d": 0.0032606106251478195,
  "gold_spx_divergence": 0.0022780312108807267,
  "gold_vol_10d": 0.002693533548153937,
  "gold_vol_21d": 0.0031707447022199632,
  "gold_vol_63d": 0.0025709829526022075,
  "gold_zscore_21d": 0.00434437864460051,
  "gold_zscore_252d": 0.004386193957179785,
  "gold_zscore_63d": 0.002548722876235843,
  "growth_concern_signal": 0.0006244448013603687,
  "gvz": 0.001073661120608449,
  "gvz_gold_rv_ratio": 0.002523448481224477,
  "gvz_gold_rv_spread": 0.0007237955462187529,
  "gvz_percentile_21d": 0.0017789566074497998,
  "gvz_percentile_63d": 0.0007369256112724542,
  "gvz_ret_10d": 0.0005015856053432799,
  "gvz_ret_21d": 0.001952433353289962,
  "gvz_ret_5d": 0.003319722227752209,
  "gvz_velocity_10d": 0.0012875845422968268,
  "gvz_velocity_21d": 0.0024073336739093066,
  "gvz_velocity_5d": 0.0035629838705062864,
  "gvz_zscore_21d": 0.001074065826833248,
  "gvz_zscore_63d": 0.002382911462336779,
  "hy_b_spread": 0.004943288024514913,
  "hy_b_velocity_21d": 0.0011218864005059005,
  "hy_bb_spread": 0.00356715121306479,
  "hy_bb_velocity_21d": 0.0036383149679750206,
  "hy_ccc_spread": 0.00391136878170073,
  "hy_ccc_velocity_21d": 0.001186890760436654,
  "hy_spread": 0.004675326007418335,
  "hy_velocity_21d": 0.0014295825734734536,
  "hy_zscore_252d": 0.0027873167069628834,
  "ig_hy_spread": 0.000955259581678547,
  "initial_claims": 0.0032831541728228332,
  "is_earnings_heavy": 0.0,
  "is_fomc_period": 0.0006439122254960239,
  "is_opex_week": 0.0,
  "joint_regime_change_flag": 0.0,
  "joint_regime_correlation": 0.0026327502564527094,
  "joint_regime_expected_return": 0.0003855695016682148,
  "joint_regime_frequency": 0.0008290748810395598,
  "joint_regime_volatility": 0.0014200376928783954,
  "liquidity_regime": 0.0,
  "liquidity_stress_composite": 0.004053778201341629,
  "macd": 0.002839589724317193,
  "macd_histogram": 0.0021794897504150866,
  "macd_signal": 0.004312469391152263,
  "month": 0.0036836818791925905,
  "multi_asset_vol_stress": 0.00041910386644303797,
  "natgas": 0.0020470016403123736,
  "natgas_ret_10d": 0.0024349716142751275,
  "natgas_ret_21d": 0.003349979966878891,
  "natgas_ret_5d": 0.0022533116396516563,
  "natgas_vol_21d": 0.004324196372181177,
  "natgas_zscore_21d": 0.0019037252990528942,
  "natgas_zscore_63d": 0.003954608598724008,
  "oil_term_regime": 0.0,
  "ovx": 0.002686839364469051,
  "ovx_oil_rv_ratio": 0.00294639659114182,
  "ovx_oil_rv_spread": 0.003326010750606656,
  "ovx_percentile_21d": 0.0020173757569864393,
  "ovx_percentile_252d": 0.0019213087623938918,
  "ovx_percentile_63d": 0.0017231784528121351,
  "ovx_regime": 0.0,
  "ovx_ret_10d": 0.0020105440635234118,
  "ovx_ret_21d": 0.0028415170963853598,