{
  "correlation_threshold": 0.9,
  "n_removed_correlation": 7,
  "n_samples": 2199,
  "n_selected": 35,
  "random_state": 42,
  "target_type": "expansion",
  "top_10_features": [
    "days_in_regime",
    "vx_spread_x_vix_expiry",
    "yield_30y10y",
    "hy_spread",
    "vix_percentile_126d",
    "fin_stress_index",
    "dxy_vs_ma252",
    "hy_velocity_21d",
    "vix_vs_ma252",
    "gvz_velocity_21d"
  ],
  "top_10_importance": [
    0.015299668908119202,
    0.01318088243715465,
    0.010564641375094653,
    0.010362990340217948,
    0.010052378941327333,
    0.00917046945542097,
    0.008390958304516971,
    0.00808642061892897,
    0.007978157280012966,
    0.006771497882436961
  ],
  "top_n": 35
}