{
  "10y_vol_63d": 0.0003114766761427745,
  "30y_vol_63d": 0.0003528517088852823,
  "6m_vol_63d_fred": 0.0008764811209402978,
  "CL1-CL2": 0.0008855836582370103,
  "CL1-CL2_velocity_5d": 0.0006744478654582053,
  "CL1-CL2_zscore_63d": 0.0011654217611066996,
  "Gold_lag1": 0.0018285411410033704,
  "Gold_zscore_63d": 0.0019306027796119451,
  "SKEW": 0.0009645815065596252,
  "SKEW_extreme_low_252d": 0.0002181279660362634,
  "SKEW_extreme_low_63d": 0.0012265346602362115,
  "SKEW_jerk_5d": 0.0010918172891251742,
  "SKEW_momentum_regime": 0.0013698566704988479,
  "SKEW_percentile_126d": 0.0013894632225856184,
  "SKEW_percentile_21d": 0.001022842526435852,
  "SKEW_percentile_252d": 0.002066270145587623,
  "SKEW_percentile_63d": 0.0013614176248665899,
  "SKEW_percentile_velocity": 0.0012554485001601279,
  "VX1-VX2": 0.0009231926640495657,
  "VX1-VX2_change_21d": 0.0008427156019024551,
  "VX1-VX2_percentile_63d": 0.0008240232826210558,
  "VX1-VX2_zscore_63d": 0.00179281085729599,
  "VX2-VX1_RATIO": 0.00032988881575874985,
  "VX2-VX1_RATIO_velocity_10d": 0.0016697305021807552,
  "VXTH": 0.0014053835766389966,
  "VXTH_change_21d": 0.0014504463877528905,
  "VXTH_zscore_63d": 0.0009758932865224779,
  "VXTLT": 0.0018733673729002475,
  "VXTLT_acceleration_5d": 0.0005953529151156544,
  "VXTLT_change_21d": 0.0012990417424589395,
  "VXTLT_percentile_126d": 0.0009847559500485658,
  "VXTLT_percentile_252d": 0.0017996335867792369,
  "VXTLT_percentile_63d": 0.0012381099630147218,
  "VXTLT_velocity_10d": 0.0008739490760490299,
  "VXTLT_vs_ma21": 0.0010475289775058628,
  "VXTLT_vs_ma63": 0.0008896888233721256,
  "VXTLT_zscore_63d": 0.0009791394928470253,
  "adx_14": 0.002049332461319864,
  "bb_position_20d": 0.006025359826162457,
  "bb_width_20d": 0.0017657511867582797,
  "bond_vol_regime": 0.0016671338584274054,
  "both_near_boundary_flag": 0.0003523285260598641,
  "both_regimes_changed_flag": 6.496735913970042e-05,
  "cboe_stress_composite": 0.0033636575564742087,
  "cboe_stress_regime": 0.00025699995458126066,
  "claims_4wk_ma": 0.001904651802033186,
  "claims_percentile_52w": 0.003864215966314077,
  "claims_regime": 9.929938059940468e-05,
  "claims_velocity_4w": 0.0012968725990504027,
  "claims_velocity_zscore": 0.001459388982038945,
  "claims_zscore_52w": 0.003026821045204997,
  "correlation_regime": 0.00014099623658694326,
  "credit_quality_spread": 0.001710046362131834,
  "credit_stress_composite": 0.0010570117738097906,
  "credit_vol_divergence": 0.0028585091000422834,
  "credit_vol_stress_composite": 0.001963599887676537,
  "credit_widening_regime": 0.0008408908295677974,
  "cross_asset_vol_cluster": 0.003219829685986042,
  "crude_oil_ret_10d": 0.0014899914967827499,
  "crude_oil_ret_21d": 0.0018689855933189392,
  "crude_oil_ret_63d": 0.0018330818740651012,
  "crude_oil_vol_21d": 0.0020319456001743675,
  "crude_oil_vol_21d_log": 0.001032016088720411,
  "crude_oil_zscore_63d": 0.0020869640400633218,
  "day_of_month": 0.0015806839102879167,
  "day_of_week": 0.001057090109679848,
  "days_in_joint_regime": 0.0011043936829082668,
  "days_in_regime": 0.0018731026910245418,
  "days_in_skew_regime": 0.0018715257931035012,
  "equity_vol_corr_breakdown": 0.0016569382627494634,
  "equity_vol_divergence": 0.0027787712402641772,
  "fin_stress_index": 0.0013422007497865707,
  "gold_ret_10d": 0.002355196513235569,
  "gold_ret_21d": 0.0055503642186522486,
  "gold_ret_63d": 0.0033117888728156687,
  "gold_spx_divergence": 0.004383804649114609,
  "hy_b_spread": 0.002619199804030359,
  "hy_b_velocity_21d": 0.0017831712146289646,
  "hy_bb_spread": 0.00374538260512054,
  "hy_bb_velocity_21d": 0.0014553116867318749,
  "hy_ccc_spread": 0.004348421562463045,
  "hy_ccc_velocity_21d": 0.0015844860230572523,
  "hy_spread": 0.004994403710588813,
  "hy_velocity_21d": 0.0031046319752931597,
  "hy_zscore_252d": 0.0013527916511520744,
  "ig_hy_spread": 0.0035937426146119833,
  "initial_claims": 0.002598567330278456,
  "is_earnings_heavy": 0.00013752486556768418,
  "is_fomc_period": 0.0004818549670744687,
  "is_opex_week": 0.0019213245483115315,
  "joint_regime_change_flag": 0.002927318335059681,
  "joint_regime_correlation": 0.003834347182419151,
  "joint_regime_expected_return": 0.03173518073745072,
  "joint_regime_frequency": 0.0015708577491750475,
  "joint_regime_volatility": 0.005336437420919537,
  "liquidity_regime": 0.0,
  "liquidity_stress_composite": 0.0030468464829027653,
  "macd": 0.0027465613558888434,
  "macd_histogram": 0.0031225171871483324,
  "macd_signal": 0.001856838003732264,
  "month": 0.0033617278677411377,
  "oil_term_regime": 0.0006401345483027399,
  "regime_change_flag": 0.00016274135850835592,
  "regime_distance_to_boundary": 0.0020142751978710293,
  "regime_expected_return_5d": 0.011419589072465897,
  "regime_median_return_5d": 0.0,
  "regime_prob_crisis": 0.0,
  "regime_prob_elevated": 0.0007505923043936491,
  "regime_prob_stay": 0.0,
  "regime_prob_up_5d": 0.0,
  "regime_return_std_5d": 0.0,
  "regime_spike_prob": 0.0008123567036818713,
  "regime_transition_risk": 0.002060757274739444,
  "regime_vol_of_vol": 0.0,
  "regime_within_regime_percentile": 0.0026225222740322352,
  "reversion_strength_21d": 0.0023050513584166763,
  "reversion_strength_63d": 0.009273947961628438,
  "risk_premium_extreme_low_252d": 0.003310315267299302,
  "risk_premium_extreme_low_63d": 0.0035008309700060637,
  "risk_premium_ma21": 0.0027719175443053244,
  "risk_premium_percentile_126d": 0.002716158633120358,
  "risk_premium_percentile_21d": 0.002417721797246486,
  "risk_premium_percentile_252d": 0.0017602552426978946,
  "risk_premium_percentile_63d": 0.0030505971517413855,
  "risk_premium_percentile_velocity": 0.002947816008236259,
  "risk_premium_regime": 0.00519001989159733,
  "risk_premium_velocity": 0.0025240766117349267,
  "risk_premium_zscore": 0.0022122544003650548,
  "rsi_14": 0.001921599148772657,
  "rsi_divergence": 0.00166067264508456,
  "rsi_regime": 4.894598969258368e-05,
  "skew_boundary_distance": 0.0017138063907623292,
  "skew_complacency_flag": 0.0,
  "skew_distance_to_boundary": 0.001418996148277074,
  "skew_expected_5d_return": 0.0,
  "skew_extreme_tail_flag": 0.0,
  "skew_percentile_252d": 0.0019455006811767816,
  "skew_percentile_63d": 0.0023438515840098263,
  "skew_regime_behavior": 0.0,
  "skew_regime_change_flag": 9.371253254357726e-05,
  "skew_regime_displacement": 0.0022715801605954766,
  "skew_regime_numeric": 0.0,
  "skew_regime_transition_direction": 0.0007650840823771432,
  "skew_vix_ratio": 0.003935074852779508,
  "skew_vix_ratio_percentile_252d": 0.007856557704508304,
  "skew_vix_ratio_regime": 0.0,
  "skew_vix_ratio_velocity_10d": 0.0017425499681849033,
  "skew_within_regime_zscore": 0.0019371477887034417,
  "spx_body_size": 0.0016602182411588728,
  "spx_body_to_range": 0.0011873846407979727,
  "spx_close_position": 0.0015063408063724637,
  "spx_gap": 0.002589597925543785,
  "spx_gap_extreme_flag": 0.0005008602631278336,
  "spx_gap_magnitude": 0.0010736333555541933,
  "spx_gap_magnitude_extreme_flag": 0.0009110994869843125,
  "spx_kurt_21d": 0.0016592912725172937,
  "spx_lag1": 0.0028472627163864672,
  "spx_lower_rejection": 0.0011985641438513994,
  "spx_lower_shadow": 0.0021716624731197955,
  "spx_momentum_z_10d": 0.0022137382999062537,
  "spx_momentum_z_21d": 0.0027611678931862118,
  "spx_range": 0.0019324803026393056,
  "spx_range_expansion": 0.002183865709230304,
  "spx_range_pct": 0.00208819032413885,
  "spx_realized_vol_10d": 0.0019243573537096382,
  "spx_realized_vol_21d": 0.003782455576583743,
  "spx_realized_vol_21d_acceleration_5d": 0.002326502581126988,
  "spx_realized_vol_21d_log": 0.0014776650816202164,
  "spx_realized_vol_21d_velocity_3d": 0.0030025999760255216,
  "spx_realized_vol_63d": 0.0037137073755729943,
  "spx_realized_vol_63d_x_regime_0": 0.007473513064906001,
  "spx_realized_vol_63d_x_regime_1": 0.00414853342808783,
  "spx_realized_vol_63d_x_regime_2": 0.005815772200003266,
  "spx_realized_vol_63d_x_regime_3": 7.757004350423813e-05,