{
  "spx_lag1": 0.005591531982645392,
  "vix_ret_1d": 0.001548003510106355,
  "vix_ret_5d": 0.007119613792747259,
  "vix_ret_10d": 0.007259263074956834,
  "vix_ret_21d": 0.0033025475684553387,
  "vix_vol_10d": 0.005809204280376434,
  "vix_vol_21d": 0.005284866038709879,
  "vix_vol_63d": 0.005639349203556776,
  "vix_velocity_5d": 0.009835190791636705,
  "vix_velocity_10d": 0.004479952901601791,
  "vix_velocity_21d": 0.0017208732198923827,
  "vix_vs_ma10": 0.011532498989254236,
  "vix_vs_ma21": 0.005769262136891484,
  "vix_vs_ma63": 0.006931750010699034,
  "vix_vs_ma252": 0.006265687569975853,
  "vix_zscore_21d": 0.0053354424191638826,
  "vix_zscore_63d": 0.006748288590461016,
  "vix_zscore_252d": 0.010303636454045773,
  "vix_momentum_z_10d": 0.004783019982278347,
  "vix_momentum_z_21d": 0.0038582793902605774,
  "vix_accel_5d": 0.006410027761012316,
  "vix_stretch_ma21": 0.006139106070622802,
  "vix_stretch_ma63": 0.006567679438740015,
  "reversion_strength_21d": 0.0013502129586413503,
  "reversion_strength_63d": 0.0065418071113526825,
  "vix_bb_position_20d": 0.007420088909566402,
  "vix_extreme_low_21d": 0.0,
  "vix_regime": 0.005920017324388027,
  "days_in_regime": 0.0069601073861122135,
  "regime_distance_to_boundary": 0.005695790005847812,
  "regime_within_regime_percentile": 0.0057900869753211735,
  "regime_change_flag": 0.0,
  "time_in_regime_pct": 0.005552332289516926,
  "regime_expected_return_5d": 0.0,
  "regime_median_return_5d": 0.0,
  "regime_return_std_5d": 0.0,
  "regime_prob_up_5d": 0.0,
  "regime_vol_of_vol": 0.0,
  "regime_spike_prob": 0.0028711343184113503,
  "regime_prob_stay": 0.0,
  "regime_prob_crisis": 0.0,
  "regime_prob_elevated": 0.0,
  "spx_ret_1d": 0.004259612504392862,
  "spx_ret_5d": 0.008239531330764294,
  "spx_ret_10d": 0.005369273480027914,
  "spx_ret_21d": 0.00207411665469408,
  "spx_ret_63d": 0.006186985038220882,
  "spx_vs_ma20": 0.004815546842291951,
  "spx_vs_ma50": 0.0056007730308920145,
  "spx_vs_ma200": 0.006334738805890083,
  "spx_momentum_z_10d": 0.0016904719173908233,
  "spx_momentum_z_21d": 0.004070513509213924,
  "spx_realized_vol_10d": 0.004925309773534536,
  "spx_realized_vol_21d": 0.006112151290290057,
  "spx_realized_vol_63d": 0.007689236104488373,
  "spx_vol_ratio_10_21": 0.006290862523019314,
  "spx_vol_ratio_10_63": 0.0050763863255269825,
  "spx_skew_21d": 0.0059824780561029915,
  "spx_kurt_21d": 0.002950147941010073,
  "bb_position_20d": 0.008080516383051873,
  "bb_width_20d": 0.0042134041897952555,
  "rsi_14": 0.008372701797634363,
  "rsi_regime": 0.0005293259862810373,
  "rsi_divergence": 0.0037530995439738037,
  "macd": 0.005765593890100717,
  "macd_signal": 0.007231548894196749,
  "macd_histogram": 0.0055068748537451025,
  "adx_14": 0.0059802810661494735,
  "trend_strength": 0.00618470897898078,
  "spx_body_size": 0.001606348273344338,
  "spx_range": 0.005548464041203261,
  "spx_range_pct": 0.007060184981673956,
  "spx_upper_shadow": 0.003333494858816266,
  "spx_lower_shadow": 0.000930755480658263,
  "spx_close_position": 0.004107068153098225,
  "spx_body_to_range": 0.0005768313072621823,
  "spx_gap": 0.002232125005684793,
  "spx_gap_magnitude": 0.0027694848366081716,
  "spx_upper_rejection": 0.0009519201703369617,
  "spx_lower_rejection": 0.0015758536988869309,
  "spx_range_expansion": 0.0006765796686522662,
  "spx_vix_corr_21d": 0.004246093332767487,
  "spx_vix_corr_63d": 0.005462579522281885,
  "spx_vix_corr_126d": 0.005209599249064922,
  "vix_vs_rv_10d": 0.0038744093384593726,
  "vix_rv_ratio_10d": 0.005297923274338245,
  "vix_vs_rv_21d": 0.00589453736320138,
  "vix_rv_ratio_21d": 0.007280757930129766,
  "SKEW": 0.0,
  "skew_regime": 0.0,
  "skew_vs_vix": 0.0006791915744543076,
  "skew_vix_ratio": 0.0026398384012281894,
  "skew_displacement": 0.0,
  "pc_equity_inst_divergence": 0.0005760714178904891,
  "pcc_accel_10d": 0.0,
  "COR1M": 0.002061549760401249,
  "COR1M_change_21d": 0.000958587508648634,
  "COR1M_zscore_63d": 0.0005091563798487186,
  "COR3M": 0.0020424067042768,
  "COR3M_change_21d": 0.0,
  "COR3M_zscore_63d": 0.000338857970200479,
  "cor_term_structure": 0.0009199231863021851,
  "cor_term_slope_change_21d": 0.0009190358221530914,
  "VXTH": 0.0015969760250300169,
  "VXTH_change_21d": 0.0003577411873266101,
  "VXTH_zscore_63d": 0.0011729742400348186,
  "vxth_vix_ratio": 0.0008549286983907222,
  "VXTLT": 0.006723598856478929,
  "VXTLT_change_21d": 0.003453262150287628,
  "VXTLT_zscore_63d": 0.000985569495242089,
  "VXTLT_velocity_10d": 0.005042407382279635,
  "VXTLT_acceleration_5d": 0.0055464412551373245,
  "bond_vol_regime": 0.0,
  "vxtlt_vix_ratio": 0.00763515867292881,
  "vxtlt_vix_spread": 0.01221574442461133,
  "VXTLT_percentile_63d": 0.007863842695951462,
  "VXTLT_percentile_126d": 0.003659881827479694,
  "VXTLT_percentile_252d": 0.0036469653714448214,
  "VXTLT_vs_ma21": 0.0049579361453652385,
  "VXTLT_vs_ma63": 0.004190830839797854,
  "cboe_stress_composite": 0.001783958449959755,
  "cboe_stress_regime": 0.0,
  "vx1_vx2_spread": 0.0010154599323868752,
  "vx1_vx3_spread": 0.0,
  "vx1_vx6_spread": 0.0,
  "vx_curve_slope": 0.0,
  "vx_curve_curvature": 0.0010436411015689374,
  "vx_curve_skew": 0.0,
  "vx_curve_acceleration_5d": 0.0,
  "vx_spread_zscore_63d": 0.0016509886365383864,
  "vx_spread_percentile_21d": 0.0005159599240869284,
  "vx_spread_percentile_63d": 0.0,
  "vx_spread_percentile_126d": 0.0007569852285087108,
  "vx_contango_flag": 0.0,
  "vx_backwardation_flag": 0.0,
  "vx_steep_contango": 0.0,
  "vx_roll_yield_daily": 0.0,
  "vx_annualized_roll": 0.0,
  "vx_contango_intensity": 0.0,
  "vx_backwardation_intensity": 0.0,
  "vx_carry_zscore_63d": 0.0,
  "vx1_open_interest": 0.0,
  "vx2_open_interest": 0.0025410402566194536,
  "vx3_open_interest": 0.0,
  "vx4_open_interest": 0.0010148219764232636,
  "vx5_open_interest": 0.0015707273967564106,
  "vx6_open_interest": 0.002008703723549843,
  "vx_total_oi": 0.001389510976150632,
  "vx_front_oi_pct": 0.0,
  "vx1_oi_change_1d": 0.0005541508086025715,
  "vx1_oi_change_5d": 0.0008741470985114575,
  "vx1_oi_change_10d": 0.0011104757897555829,
  "vx1_oi_zscore_63d": 0.003452658001333475,
  "vx_oi_ratio_1_2": 0.0,
  "vx_oi_imbalance": 0.0,
  "vx1_volume": 0.0014700809493660926,
  "vx1_volume_ma21": 0.002293810807168484,
  "vx1_volume_surge": 0.0,
  "vx1_volume_oi_ratio": 0.0031292524188756944,
  "vx1_daily_range": 0.0011728485114872456,
  "vx1_daily_range_pct": 0.00014180951984599233,
  "vx1_atr_14": 0.0014288206584751606,
  "vx1_range_expansion": 0.0003482369240373373,
  "CL1-CL2": 0.005230909027159214,
  "CL1-CL2_velocity_5d": 0.004911626176908612,
  "CL1-CL2_zscore_63d": 0.004214912513270974,
  "oil_term_regime": 0.0015112061984837056,
  "crude_oil_ret_10d": 0.00879507977515459,
  "crude_oil_ret_21d": 0.00440737591125071,
  "crude_oil_ret_63d": 0.00671596871688962,
  "crude_oil_vol_21d": 0.004978366568684578,
  "crude_oil_zscore_63d": 0.006032484676688909,
  "DX1-DX2": 0.0028044254053384066,
  "DX1-DX2_velocity_5d": 0.003679454978555441,
  "DX1-DX2_zscore_63d": 0.004568360932171345,
  "dxy_ret_10d": 0.0069842316210269925,
  "dxy_ret_21d": 0.00648887874558568,
  "dxy_ret_63d": 0.004723679833114147,
  "dxy_vs_ma50": 0.005814107041805983,
  "dxy_vs_ma200": 0.0057062976062297825,
  "dxy_vol_21d": 0.0031435841228812933,
  "vx_crude_corr_21d": 0.0011114690452814103,
  "vx_crude_divergence": 0.0011434189043939113,
  "vx_dollar_corr_21d": 0.001263309922069311,
  "dollar_crude_corr_21d": 0.004364220192655921,
  "spx_vx_spread_corr_21d": 0.0029988900758326055,
  "spx_dollar_corr_21d": 0.004841912584379315,
  "initial_claims": 0.006072545144706965,
  "claims_4wk_ma": 0.007151903305202723,
  "claims_velocity_4w": 0.0051047058776021005,
  "claims_zscore_52w": 0.006060891319066286,
  "claims_percentile_52w": 0.006161711923778057,
  "claims_regime": 0.0,
  "claims_velocity_zscore": 0.0038809278048574924,
  "fin_stress_index": 0.004961638338863849,
  "stress_velocity_4w": 0.004781483113765717,
  "stress_zscore_52w": 0.004458140768110752,