{
  "correlation_threshold": 0.9,
  "n_removed_correlation": 5,
  "n_samples": 4755,
  "n_selected": 30,
  "random_state": 42,
  "target_type": "up",
  "top_10_features": [
    "vix_velocity_5d_regime_adj",
    "dxy_zscore_21d",
    "rsi_14",
    "vix_velocity_5d_x_regime_0",
    "skew_vix_ratio_percentile_252d",
    "skew_vix_ratio",
    "dxy_velocity_10d",
    "spx_ret_5d",
    "vix_vs_ma63",
    "vix_vs_ma10"
  ],
  "top_10_importance": [
    0.00703686298802495,
    0.005979447392746806,
    0.005400404147803783,
    0.005319302110001445,
    0.0051836476661264895,
    0.00468926802277565,
    0.004523057583719492,
    0.004449636489152908,
    0.004317848198115826,
    0.004297957848757505
  ],
  "top_n": 30
}