{
  "spx_lag1": 0.0011315633193589747,
  "vix_ret_1d": 0.00040800932329148053,
  "vix_ret_5d": 0.0016990880714729429,
  "vix_ret_10d": 0.0010710086789913476,
  "vix_ret_21d": 0.0016968704294413328,
  "vix_vol_10d": 0.002772295754402876,
  "vix_vol_21d": 0.003313858131878078,
  "vix_vol_63d": 0.003845159383490682,
  "vix_velocity_5d": 0.012181784026324749,
  "vix_velocity_10d": 0.002048031776212156,
  "vix_velocity_21d": 0.002818666282109916,
  "vix_vs_ma10": 0.0111916096881032,
  "vix_vs_ma21": 0.004984814720228314,
  "vix_vs_ma63": 0.0051626532804220915,
  "vix_vs_ma252": 0.00539827961474657,
  "vix_zscore_21d": 0.0030884488951414824,
  "vix_zscore_63d": 0.0032931741559877993,
  "vix_zscore_252d": 0.009763289336115121,
  "vix_momentum_z_10d": 0.00187291408656165,
  "vix_momentum_z_21d": 0.002103542082477361,
  "vix_accel_5d": 0.003883809596300125,
  "vix_stretch_ma21": 0.002799632947426289,
  "vix_stretch_ma63": 0.0016240585129708052,
  "reversion_strength_21d": 0.002835206966847181,
  "reversion_strength_63d": 0.004409614438191056,
  "vix_bb_position_20d": 0.0017298014077823608,
  "vix_extreme_low_21d": 0.0,
  "vix_regime": 0.014661092450842262,
  "days_in_regime": 0.013971592532470822,
  "regime_distance_to_boundary": 0.002907978789880872,
  "regime_within_regime_percentile": 0.0028930842876434327,
  "regime_change_flag": 0.0,
  "time_in_regime_pct": 0.012328551011160016,
  "regime_expected_return_5d": 0.00761657792609185,
  "regime_median_return_5d": 0.0,
  "regime_return_std_5d": 0.0,
  "regime_prob_up_5d": 0.0,
  "regime_vol_of_vol": 0.0,
  "regime_spike_prob": 0.0011557985446415842,
  "regime_prob_stay": 0.0,
  "regime_prob_crisis": 0.0,
  "regime_prob_elevated": 0.0030888237059116365,
  "spx_ret_1d": 0.0014472666895017027,
  "spx_ret_5d": 0.005622831638902426,
  "spx_ret_10d": 0.001963210850954056,
  "spx_ret_21d": 0.0028214255813509225,
  "spx_ret_63d": 0.005112968757748604,
  "spx_vs_ma20": 0.0035719488747417926,
  "spx_vs_ma50": 0.00431963293813169,
  "spx_vs_ma200": 0.003943393961526454,
  "spx_momentum_z_10d": 0.002662474033422768,
  "spx_momentum_z_21d": 0.003847597516141832,
  "spx_realized_vol_10d": 0.004792216327041387,
  "spx_realized_vol_21d": 0.0063653606688603755,
  "spx_realized_vol_63d": 0.004399733548052609,
  "spx_vol_ratio_10_21": 0.003370014764368534,
  "spx_vol_ratio_10_63": 0.007110368344001472,
  "spx_skew_21d": 0.0037224242696538568,
  "spx_kurt_21d": 0.0026732559548690916,
  "bb_position_20d": 0.005002522305585444,
  "bb_width_20d": 0.004733711504377425,
  "rsi_14": 0.002828346099704504,
  "rsi_regime": 0.0,
  "rsi_divergence": 0.0019318490521982312,
  "macd": 0.004222352663055063,
  "macd_signal": 0.008991312514990569,
  "macd_histogram": 0.0033628891687840223,
  "adx_14": 0.0038545886985957623,
  "trend_strength": 0.006563433632254601,
  "spx_body_size": 0.0014492247719317675,
  "spx_range": 0.0011078594019636513,
  "spx_range_pct": 0.0015598580474033951,
  "spx_upper_shadow": 0.0012156082200817763,
  "spx_lower_shadow": 0.0015114373178221284,
  "spx_close_position": 0.002094032452441752,
  "spx_body_to_range": 0.0014105421840213239,
  "spx_gap": 0.002028301311656833,
  "spx_gap_magnitude": 0.0012177312280982732,
  "spx_upper_rejection": 0.0012086946982890368,
  "spx_lower_rejection": 0.0011181490030139686,
  "spx_range_expansion": 0.001573236589320004,
  "spx_vix_corr_21d": 0.004213988035917282,
  "spx_vix_corr_63d": 0.002881571394391358,
  "spx_vix_corr_126d": 0.004723797412589192,
  "vix_vs_rv_10d": 0.007482350617647171,
  "vix_rv_ratio_10d": 0.006434402056038379,
  "vix_vs_rv_21d": 0.007239136844873428,
  "vix_rv_ratio_21d": 0.004647492268122733,
  "SKEW": 0.004026946751400829,
  "skew_regime": 0.0,
  "skew_vs_vix": 0.004767154809087515,
  "skew_vix_ratio": 0.006389743275940418,
  "skew_displacement": 0.0011153483763337135,
  "pc_equity_inst_divergence": 0.0003985896240919828,
  "pcc_accel_10d": 0.0014573235996067524,
  "COR1M": 0.0034877542406320573,
  "COR1M_change_21d": 0.004239092022180558,
  "COR1M_zscore_63d": 0.0023125709965825083,
  "COR3M": 0.0034824898466467857,
  "COR3M_change_21d": 0.002668335661292076,
  "COR3M_zscore_63d": 0.003951533511281013,
  "cor_term_structure": 0.0030583318322896956,
  "cor_term_slope_change_21d": 0.004466197825968266,
  "VXTH": 0.004826528625562787,
  "VXTH_change_21d": 0.0018573355861008166,
  "VXTH_zscore_63d": 0.0014977564569562674,
  "vxth_vix_ratio": 0.0021982080303132533,
  "VXTLT": 0.009369774255901575,
  "VXTLT_change_21d": 0.0032423512020614,
  "VXTLT_zscore_63d": 0.003534013661555946,
  "VXTLT_velocity_10d": 0.0038152956403791904,
  "VXTLT_acceleration_5d": 0.0023935131495818494,
  "bond_vol_regime": 0.00045328158885240557,
  "vxtlt_vix_ratio": 0.003065219591371715,
  "vxtlt_vix_spread": 0.007128076208755374,
  "VXTLT_percentile_63d": 0.004769952071364969,
  "VXTLT_percentile_126d": 0.004218253330327571,
  "VXTLT_percentile_252d": 0.004291595018003136,
  "VXTLT_vs_ma21": 0.0035942829446867107,
  "VXTLT_vs_ma63": 0.004543805401772261,
  "cboe_stress_composite": 0.003999754029791802,
  "cboe_stress_regime": 0.0,
  "VX1-VX2": 0.0024039063951931893,
  "VX1-VX2_change_21d": 0.002199781173840165,
  "VX1-VX2_zscore_63d": 0.002694114297628403,
  "VX1-VX2_percentile_63d": 0.002452896919567138,
  "VX2-VX1_RATIO": 0.0031453760690055787,
  "VX2-VX1_RATIO_velocity_10d": 0.002791221742518246,
  "vx_term_structure_regime": 0.0020585082471370696,
  "vx_curve_acceleration": 0.003609298076480627,
  "vx_term_structure_divergence": 0.0019323959946632384,
  "CL1-CL2": 0.006706088874489069,
  "CL1-CL2_velocity_5d": 0.002040907833725214,
  "CL1-CL2_zscore_63d": 0.003809955669566989,
  "oil_term_regime": 0.0013141464587533846,
  "crude_oil_ret_10d": 0.0032547449227422476,
  "crude_oil_ret_21d": 0.003070236835628748,
  "crude_oil_ret_63d": 0.010064866580069064,
  "crude_oil_vol_21d": 0.0046744893305003645,
  "crude_oil_zscore_63d": 0.005322266044095159,
  "DX1-DX2": 0.0018001717748120428,
  "DX1-DX2_velocity_5d": 0.002157064189668745,
  "DX1-DX2_zscore_63d": 0.0017263372777961195,
  "dxy_ret_10d": 0.006472113635390997,
  "dxy_ret_21d": 0.003039924707263708,
  "dxy_ret_63d": 0.00494131101295352,
  "dxy_vs_ma50": 0.005028208624571562,
  "dxy_vs_ma200": 0.008475207863375545,
  "dxy_vol_21d": 0.004069676529616118,
  "vx_crude_corr_21d": 0.004252497898414731,
  "vx_crude_divergence": 0.0021368646062910556,
  "vx_dollar_corr_21d": 0.0050489612389355894,
  "dollar_crude_corr_21d": 0.0028117502573877574,
  "spx_vx_spread_corr_21d": 0.0036149101331830026,
  "spx_dollar_corr_21d": 0.005145256780087948,
  "initial_claims": 0.004901646450161934,
  "claims_4wk_ma": 0.004767390666529536,
  "claims_velocity_4w": 0.006009399378672242,
  "claims_zscore_52w": 0.004973373003304004,
  "claims_percentile_52w": 0.004268098343163729,
  "claims_regime": 0.0,
  "claims_velocity_zscore": 0.00449780416674912,
  "fin_stress_index": 0.008535691164433956,
  "stress_velocity_4w": 0.0042342836502939464,
  "stress_zscore_52w": 0.003908764431253075,
  "stress_extreme": 0.00029637184925377367,
  "stress_regime": 0.0,
  "hy_spread": 0.01030666045844555,
  "hy_velocity_21d": 0.006697278376668692,
  "hy_zscore_252d": 0.00807945542037487,
  "hy_bb_spread": 0.004701516078785062,
  "hy_bb_velocity_21d": 0.005397547944448888,
  "hy_b_spread": 0.005504753906279802,
  "hy_b_velocity_21d": 0.004915743879973888,
  "hy_ccc_spread": 0.005051033198833465,
  "hy_ccc_velocity_21d": 0.00345403125975281,
  "credit_quality_spread": 0.006695121916709468,
  "credit_widening_regime": 0.0043197453022003176,
  "ig_hy_spread": 0.006024227174930274,
  "credit_stress_composite": 0.011861753277480602,
  "sofr": 0.0027497997507452965,
  "sofr_ff_spread": 0.00025351671501994133,
  "funding_stress": 0.0004219548776745796,
  "funding_stress_zscore": 0.0008851466700434685,
  "funding_stress_regime": 0.0,
  "sofr_velocity_5d": 0.0008875200524926186,
  "yield_10y2y": 0.0,
  "yield_10y2y_zscore": 0.0,
  "yield_10y3m": 0.003534006653353572,