{
  "10y_vol_63d": 0.0002639764512423426,
  "30y_vol_63d": 0.0005709928926080465,
  "6m_vol_63d_fred": 0.0010910636046901345,
  "CL1-CL2": 0.0011766049428842962,
  "CL1-CL2_velocity_5d": 0.0007705446856562048,
  "CL1-CL2_zscore_63d": 0.0017420980846509337,
  "Gold_lag1": 0.0009250536153558641,
  "Gold_zscore_63d": 0.0021271353587508203,
  "SKEW": 0.0008605058479588479,
  "SKEW_extreme_low_252d": 0.0,
  "SKEW_extreme_low_63d": 0.0012064427603036166,
  "SKEW_jerk_5d": 0.0015931934234686197,
  "SKEW_momentum_regime": 0.0020038726055645385,
  "SKEW_percentile_126d": 0.0014662493253126741,
  "SKEW_percentile_21d": 0.0010689635004382581,
  "SKEW_percentile_252d": 0.003396306303329766,
  "SKEW_percentile_63d": 0.0007532067247666419,
  "SKEW_percentile_velocity": 0.0020553450332954524,
  "VX1-VX2": 0.00035515642957761884,
  "VX1-VX2_change_21d": 0.001412044558674097,
  "VX1-VX2_percentile_63d": 5.168986535863951e-06,
  "VX1-VX2_zscore_63d": 0.0009500528452917933,
  "VX2-VX1_RATIO": 0.0,
  "VX2-VX1_RATIO_velocity_10d": 0.0012741302140057086,
  "VXTH": 0.0006069871131330728,
  "VXTH_change_21d": 0.0015058554941788315,
  "VXTH_zscore_63d": 0.0012153194285929203,
  "VXTLT": 0.0021599558182060718,
  "VXTLT_acceleration_5d": 0.0009389469865709543,
  "VXTLT_change_21d": 0.001486188406124711,
  "VXTLT_percentile_126d": 0.0015098300762474536,
  "VXTLT_percentile_252d": 0.001970574585720897,
  "VXTLT_percentile_63d": 0.0007695933803915977,
  "VXTLT_velocity_10d": 0.0006826965371146798,
  "VXTLT_vs_ma21": 0.0004929753020405769,
  "VXTLT_vs_ma63": 0.0008598455926403404,
  "VXTLT_zscore_63d": 0.00019237211672589182,
  "adx_14": 0.0029998556594364343,
  "bb_position_20d": 0.008904407452791929,
  "bb_width_20d": 0.0015543708694167435,
  "bond_vol_regime": 0.0,
  "both_near_boundary_flag": 0.000908929348224774,
  "both_regimes_changed_flag": 0.0,
  "cboe_stress_composite": 0.0020480392035096885,
  "cboe_stress_regime": 0.0,
  "claims_4wk_ma": 0.0031670517288148402,
  "claims_percentile_52w": 0.002307240618392825,
  "claims_regime": 0.0,
  "claims_velocity_4w": 0.0017942305421456695,
  "claims_velocity_zscore": 0.0017243333859369159,
  "claims_zscore_52w": 0.004602318885736168,
  "commodity_vol_regime": 0.0001787531771697104,
  "copper": 0.001447330744122155,
  "copper_economic_signal": 0.00024035682436078786,
  "copper_momentum_63d": 0.003696935554035008,
  "copper_ret_10d": 0.0015889368834905327,
  "copper_ret_21d": 0.002647344442084432,
  "copper_ret_5d": 0.0019193513435311615,
  "copper_ret_63d": 0.0026675838278606536,
  "copper_zscore_21d": 0.0019281280925497412,
  "copper_zscore_252d": 0.003817142779007554,
  "copper_zscore_63d": 0.0029512021224945783,
  "correlation_regime": 0.00015997568843886256,
  "credit_quality_spread": 0.0015322854742407799,
  "credit_stress_composite": 0.003230549534782767,
  "credit_vol_divergence": 0.0022828958230093122,
  "credit_vol_stress_composite": 0.0019773033447563646,
  "credit_widening_regime": 0.0,
  "cross_asset_vol_cluster": 0.0,
  "crude_oil_ret_10d": 0.0014695137972012163,
  "crude_oil_ret_21d": 0.0027181999757885933,
  "crude_oil_ret_63d": 0.002420708001591265,
  "crude_oil_vol_21d": 0.002554430370219052,
  "crude_oil_vol_21d_log": 0.0008739044889807702,
  "crude_oil_zscore_63d": 0.002987249568104744,
  "day_of_month": 0.002498208614997566,
  "day_of_week": 0.0008617255487479269,
  "days_in_joint_regime": 0.0005401474161772057,
  "days_in_regime": 0.0014619509456679225,
  "days_in_skew_regime": 0.002566416305489838,
  "dxy": 0.0021174120949581264,
  "dxy_accel_5d": 0.001958443340845406,
  "dxy_bb_position_20d": 0.001538714225171134,
  "dxy_bb_width_20d": 0.0025529670296236874,
  "dxy_extreme_high": 0.0,
  "dxy_extreme_low": 0.0,
  "dxy_gold_both_rally": 0.0,
  "dxy_gold_corr_126d": 0.002653575118165463,
  "dxy_gold_corr_21d": 0.003549186559394002,
  "dxy_gold_corr_63d": 0.006193520873785019,
  "dxy_gold_divergence": 0.001736561651341617,
  "dxy_momentum_z_10d": 0.0026207159040495752,
  "dxy_momentum_z_21d": 0.0019244733499363064,
  "dxy_momentum_z_5d": 0.0019475118955597282,
  "dxy_percentile_21d": 0.0,
  "dxy_percentile_252d": 0.0013562647276557983,
  "dxy_percentile_63d": 0.0018725865753367542,
  "dxy_regime_numeric": 0.0,
  "dxy_ret_10d": 0.0025860854191705586,
  "dxy_ret_1d": 0.00147974812425673,
  "dxy_ret_21d": 0.0019948944682255387,
  "dxy_ret_5d": 0.005208063405007124,
  "dxy_ret_63d": 0.0017849026480689645,
  "dxy_velocity_10d": 0.0020324686309322717,
  "dxy_velocity_21d": 0.001916205883026123,
  "dxy_velocity_5d": 0.0006024261005222797,
  "dxy_vol_10d": 0.004225797951221466,
  "dxy_vol_21d": 0.0026031676679849625,
  "dxy_vol_63d": 0.001163675938732922,
  "dxy_vs_ma21": 0.0037976572988554836,
  "dxy_vs_ma252": 0.0029606698313727974,
  "dxy_vs_ma63": 0.002683686022646725,
  "dxy_zscore_21d": 0.0024978591362014415,
  "dxy_zscore_252d": 0.003975652367807924,
  "dxy_zscore_63d": 0.0016608619363978506,
  "equity_vol_corr_breakdown": 0.002963096578605473,
  "equity_vol_divergence": 0.001698297681286931,
  "fin_stress_index": 0.00047359101008623836,
  "flight_to_safety_active": 0.0,
  "gold": 0.0028252789517864583,
  "gold_momentum_21d": 0.005406738910824061,
  "gold_regime": 0.0,
  "gold_ret_10d": 0.0020014293724671004,
  "gold_ret_21d": 0.004753972636535764,
  "gold_ret_5d": 0.0015249707736074924,
  "gold_ret_63d": 0.005179251544177532,
  "gold_spx_divergence": 0.005915576266124845,
  "gold_vol_10d": 0.0026029392378404737,
  "gold_vol_21d": 0.002996780397370458,
  "gold_vol_63d": 0.0017957622767426074,
  "gold_zscore_21d": 0.0042727489490062,
  "gold_zscore_252d": 0.005602660751901567,
  "gold_zscore_63d": 0.00436102612875402,
  "growth_concern_signal": 0.0,
  "gvz": 0.0016583745367825032,
  "gvz_gold_rv_ratio": 0.001642445009201765,
  "gvz_gold_rv_spread": 0.0012557478272356092,
  "gvz_percentile_21d": 0.000966299030551454,
  "gvz_percentile_63d": 0.0017042254796251655,
  "gvz_ret_10d": 0.0008070685667917133,
  "gvz_ret_21d": 0.0009740182664245367,
  "gvz_ret_5d": 0.0013014288269914687,
  "gvz_velocity_10d": 0.0013042660430073738,
  "gvz_velocity_21d": 0.001003665360622108,
  "gvz_velocity_5d": 0.002027978270780295,
  "gvz_zscore_21d": 0.0014889190904796123,
  "gvz_zscore_63d": 0.001481756055727601,
  "hy_b_spread": 0.0028301214100793005,
  "hy_b_velocity_21d": 0.0011422839481383563,
  "hy_bb_spread": 0.0013912647555116564,
  "hy_bb_velocity_21d": 0.0020608495571650563,
  "hy_ccc_spread": 0.0004011326818726957,
  "hy_ccc_velocity_21d": 0.0020640811417251825,
  "hy_spread": 0.0020602454664185644,
  "hy_velocity_21d": 0.0009515195619314909,
  "hy_zscore_252d": 0.0023563917027786376,
  "ig_hy_spread": 0.0009055704576894641,
  "initial_claims": 0.0026252309791743754,
  "is_earnings_heavy": 0.0002805821597576141,
  "is_fomc_period": 0.00027698902413249017,
  "is_opex_week": 0.002007067832164466,
  "joint_regime_change_flag": 0.0,
  "joint_regime_correlation": 0.0047727181576192376,
  "joint_regime_expected_return": 0.008680679625831545,
  "joint_regime_frequency": 0.0004444554913789034,
  "joint_regime_volatility": 0.003741194400936365,
  "liquidity_regime": 0.0,
  "liquidity_stress_composite": 0.006529136106837541,
  "macd": 0.0020983203547075393,
  "macd_histogram": 0.0018278740579262375,
  "macd_signal": 0.00312403233256191,
  "month": 0.002516408544033766,
  "multi_asset_vol_stress": 0.0005919948918744922,
  "natgas": 0.006022090930491686,
  "natgas_ret_10d": 0.002290637348778546,
  "natgas_ret_21d": 0.0018171766307204962,
  "natgas_ret_5d": 0.0013545513851568104,
  "natgas_vol_21d": 0.0033369791926816106,
  "natgas_zscore_21d": 0.002633552928455174,
  "natgas_zscore_63d": 0.0037066218908876182,
  "oil_term_regime": 0.0,
  "ovx": 0.0026452394668012857,
  "ovx_oil_rv_ratio": 0.0016299113747663796,
  "ovx_oil_rv_spread": 0.001473053148947656,
  "ovx_percentile_21d": 0.0018385475326795132,
  "ovx_percentile_252d": 0.002444989327341318,
  "ovx_percentile_63d": 0.0013617727207019925,
  "ovx_regime": 0.0,