{
  "10y_vol_63d": 0.00036821635148953646,
  "30y_vol_63d": 0.0008624223992228508,
  "6m_vol_63d_fred": 0.0017792129423469306,
  "CL1-CL2": 0.001783863001037389,
  "CL1-CL2_velocity_5d": 0.000984495913144201,
  "CL1-CL2_zscore_63d": 0.0024217264959588646,
  "Gold_lag1": 0.0015100448043085634,
  "Gold_zscore_63d": 0.004494159296154976,
  "SKEW": 0.0010093766381032766,
  "SKEW_extreme_low_252d": 0.0013512101024389267,
  "SKEW_extreme_low_63d": 0.0017253484344109892,
  "SKEW_jerk_5d": 0.0021812218241393567,
  "SKEW_momentum_regime": 0.0011577190831303596,
  "SKEW_percentile_126d": 0.0017319726990535854,
  "SKEW_percentile_21d": 0.0030268450267612935,
  "SKEW_percentile_252d": 0.0044686294626444575,
  "SKEW_percentile_63d": 0.0020790603884961456,
  "SKEW_percentile_velocity": 0.0017932785674929618,
  "VX1-VX2": 0.0006419511832064017,
  "VX1-VX2_change_21d": 0.002033897675573826,
  "VX1-VX2_percentile_63d": 0.00047986324643716215,
  "VX1-VX2_zscore_63d": 0.0009658698923885823,
  "VX2-VX1_RATIO": 0.0,
  "VX2-VX1_RATIO_velocity_10d": 0.0020262290723621844,
  "VXTH": 0.0014649019576609135,
  "VXTH_change_21d": 0.0018383465707302094,
  "VXTH_zscore_63d": 0.002028246270492673,
  "VXTLT": 0.0019231886602938176,
  "VXTLT_acceleration_5d": 0.0011611994355916976,
  "VXTLT_change_21d": 0.002047930983826518,
  "VXTLT_percentile_126d": 0.0014088951516896485,
  "VXTLT_percentile_252d": 0.001770572643727064,
  "VXTLT_percentile_63d": 0.002472458081319928,
  "VXTLT_velocity_10d": 0.0007554751820862294,
  "VXTLT_vs_ma21": 0.0010169228306040167,
  "VXTLT_vs_ma63": 0.0008665829431265592,
  "VXTLT_zscore_63d": 0.0010297100991010666,
  "adx_14": 0.003318714117631316,
  "bb_position_20d": 0.009838221687823534,
  "bb_width_20d": 0.002893331472296268,
  "bond_vol_regime": 0.001642882637679577,
  "both_near_boundary_flag": 0.001351252570748329,
  "both_regimes_changed_flag": 0.0005088125355541707,
  "cboe_stress_composite": 0.002095252857543528,
  "cboe_stress_regime": 0.0,
  "claims_4wk_ma": 0.0037273317109793426,
  "claims_percentile_52w": 0.0038286392111331223,
  "claims_regime": 0.0,
  "claims_velocity_4w": 0.0017023770837113262,
  "claims_velocity_zscore": 0.002495017135515809,
  "claims_zscore_52w": 0.0037755399011075498,
  "correlation_regime": 0.0,
  "credit_quality_spread": 0.0021604425739496945,
  "credit_stress_composite": 0.004298248898703605,
  "credit_vol_divergence": 0.002854579291306436,
  "credit_vol_stress_composite": 0.0032978737726807594,
  "credit_widening_regime": 0.0,
  "cross_asset_vol_cluster": 0.0006696568801999092,
  "crude_oil_ret_10d": 0.0018428689567372204,
  "crude_oil_ret_21d": 0.002150228526443243,
  "crude_oil_ret_63d": 0.0028121575131081046,
  "crude_oil_vol_21d": 0.0025699906749650837,
  "crude_oil_vol_21d_log": 0.0008775236317887902,
  "crude_oil_zscore_63d": 0.0031341428868472574,
  "day_of_month": 0.0024352120468392967,
  "day_of_week": 0.0006143307196907699,
  "days_in_joint_regime": 0.0011578434030525386,
  "days_in_regime": 0.002241566590964794,
  "days_in_skew_regime": 0.002260909031610936,
  "equity_vol_corr_breakdown": 0.002983738691546023,
  "equity_vol_divergence": 0.0026612308574840426,
  "fin_stress_index": 0.0020405939314514397,
  "gold_ret_10d": 0.0034147723810747264,
  "gold_ret_21d": 0.005191052518785,
  "gold_ret_63d": 0.005329043092206121,
  "gold_spx_divergence": 0.005720929149538279,
  "hy_b_spread": 0.0034316129749640822,
  "hy_b_velocity_21d": 0.002525100810453296,
  "hy_bb_spread": 0.000212610000744462,
  "hy_bb_velocity_21d": 0.002967673889361322,
  "hy_ccc_spread": 0.0013761741342023016,
  "hy_ccc_velocity_21d": 0.0022206906927749515,
  "hy_spread": 0.004736770177260041,
  "hy_velocity_21d": 0.0024701035348698498,
  "hy_zscore_252d": 0.004894270212389529,
  "ig_hy_spread": 0.0015999005641788243,
  "initial_claims": 0.0027949396520853043,
  "is_earnings_heavy": 0.0,
  "is_fomc_period": 0.0002764320699498057,
  "is_opex_week": 0.0035406276118010284,
  "joint_regime_change_flag": 0.0,
  "joint_regime_correlation": 0.005793520511360839,
  "joint_regime_expected_return": 0.010498387832194566,
  "joint_regime_frequency": 0.00041574702481739223,
  "joint_regime_volatility": 0.004398092580959201,
  "liquidity_regime": 0.0,
  "liquidity_stress_composite": 0.005755006312392652,
  "macd": 0.0034384046215564013,
  "macd_histogram": 0.0039502974599599835,
  "macd_signal": 0.00272660058690235,
  "month": 0.0024711848003789783,
  "oil_term_regime": 0.0,
  "regime_change_flag": 0.0,
  "regime_distance_to_boundary": 0.0025396464159712197,
  "regime_expected_return_5d": 0.0,
  "regime_median_return_5d": 0.0,
  "regime_prob_crisis": 0.0,
  "regime_prob_elevated": 0.0,
  "regime_prob_stay": 0.0,
  "regime_prob_up_5d": 0.0,
  "regime_return_std_5d": 0.0,
  "regime_spike_prob": 0.0038349055219441654,
  "regime_transition_risk": 0.002568517660256475,
  "regime_vol_of_vol": 0.0,
  "regime_within_regime_percentile": 0.007481446675956249,
  "reversion_strength_21d": 0.0012424841988831758,
  "reversion_strength_63d": 0.015176726272329688,
  "risk_premium_extreme_low_252d": 0.0008201949298381805,
  "risk_premium_extreme_low_63d": 0.0,
  "risk_premium_ma21": 0.003854324435815215,
  "risk_premium_percentile_126d": 0.0018786478729452937,
  "risk_premium_percentile_21d": 0.0035539756994694472,
  "risk_premium_percentile_252d": 0.003991243243217468,
  "risk_premium_percentile_63d": 0.005184027925133705,
  "risk_premium_percentile_velocity": 0.003073866874910891,
  "risk_premium_regime": 0.00045665488578379155,
  "risk_premium_velocity": 0.003753664484247565,
  "risk_premium_zscore": 0.003531890641897917,
  "rsi_14": 0.0029116807505488395,
  "rsi_divergence": 0.0030793518759310245,
  "rsi_regime": 0.0,
  "skew_boundary_distance": 0.0018397124717012049,
  "skew_complacency_flag": 0.0,
  "skew_distance_to_boundary": 0.0009874147595837711,
  "skew_expected_5d_return": 0.0,
  "skew_extreme_tail_flag": 0.0,
  "skew_percentile_252d": 0.002357367565855384,
  "skew_percentile_63d": 0.0024928663857281207,
  "skew_regime_behavior": 0.0,
  "skew_regime_change_flag": 0.0,
  "skew_regime_displacement": 0.0029067988973110912,
  "skew_regime_numeric": 0.0,
  "skew_regime_transition_direction": 0.00034655509516596795,
  "skew_vix_ratio": 0.002897642832249403,
  "skew_vix_ratio_percentile_252d": 0.007997030019760131,
  "skew_vix_ratio_regime": 0.0,
  "skew_vix_ratio_velocity_10d": 0.00341428741812706,
  "skew_within_regime_zscore": 0.002416688925586641,
  "spx_body_size": 0.0009309435437899083,
  "spx_body_to_range": 0.0017877194448374211,
  "spx_close_position": 0.0018562018172815441,
  "spx_gap": 0.0028315708972513677,
  "spx_gap_extreme_flag": 8.309971308335662e-05,
  "spx_gap_magnitude": 0.0020354361622594297,
  "spx_gap_magnitude_extreme_flag": 0.0,
  "spx_kurt_21d": 0.0015483624883927405,
  "spx_lag1": 0.002327871648594737,
  "spx_lower_rejection": 0.002250983938574791,
  "spx_lower_shadow": 0.0037781600374728443,
  "spx_momentum_z_10d": 0.0018772753654047846,
  "spx_momentum_z_21d": 0.002784633729606867,
  "spx_range": 0.0039522639010101555,
  "spx_range_expansion": 0.0024347501108422875,
  "spx_range_pct": 0.00292736969422549,
  "spx_realized_vol_10d": 0.002631861809641123,
  "spx_realized_vol_21d": 0.0014004167926032097,
  "spx_realized_vol_21d_acceleration_5d": 0.003227770933881402,
  "spx_realized_vol_21d_log": 0.0005658489186316729,
  "spx_realized_vol_21d_velocity_3d": 0.002658372069709003,
  "spx_realized_vol_63d": 0.003634757036343217,
  "spx_realized_vol_63d_x_regime_0": 0.009215919673442841,
  "spx_realized_vol_63d_x_regime_1": 0.001542128121946007,
  "spx_realized_vol_63d_x_regime_2": 0.00011764903319999576,
  "spx_realized_vol_63d_x_regime_3": 0.0005435547325760126,
  "spx_ret_10d": 0.0032116005197167395,
  "spx_ret_1d": 0.00265893111936748,
  "spx_ret_21d": 0.0034120094962418078,
  "spx_ret_5d": 0.004970886092633009,
  "spx_ret_5d_regime_adj": 0.006602080259472132,
  "spx_ret_63d": 0.0040697181597352024,
  "spx_skew_21d": 0.0032916254829615356,