{
  "10y_vol_63d": 0.0031150694470852614,
  "30y_vol_63d": 0.00393606596335303,
  "6m_vol_63d_fred": 0.01886498068924993,
  "CL1-CL2": 0.001923783723032102,
  "CL1-CL2_velocity_5d": 0.002519812900573015,
  "CL1-CL2_zscore_63d": 0.0022928979713469745,
  "COR1M": 0.0016116017010062932,
  "COR1M_change_21d": 0.0011403927579522132,
  "COR1M_zscore_63d": 0.0007762244436889887,
  "COR3M": 0.0021388537250459196,
  "COR3M_change_21d": 0.0007328169653192162,
  "COR3M_zscore_63d": 0.002104059047996998,
  "DX1-DX2": 0.0023382962681353092,
  "DX1-DX2_velocity_5d": 0.0016096849460154772,
  "DX1-DX2_zscore_63d": 0.001984384632669389,
  "SKEW": 0.005193689744919539,
  "SKEW_extreme_low_252d": 0.0,
  "SKEW_extreme_low_63d": 0.0,
  "SKEW_jerk_5d": 0.0010107364505529404,
  "SKEW_momentum_regime": 0.0,
  "SKEW_percentile_126d": 0.0019552942365407945,
  "SKEW_percentile_21d": 0.00048514632508158686,
  "SKEW_percentile_252d": 0.00021751150488853456,
  "SKEW_percentile_63d": 0.002454759692773223,
  "SKEW_percentile_velocity": 0.000724413781426847,
  "VXTH": 0.0040529046673327684,
  "VXTH_change_21d": 0.0041995328851044175,
  "VXTH_zscore_63d": 0.0028440147638320924,
  "VXTLT": 0.006106772320345044,
  "VXTLT_acceleration_5d": 0.003234461625106633,
  "VXTLT_change_21d": 0.00425462699495256,
  "VXTLT_percentile_126d": 0.0031582048861309884,
  "VXTLT_percentile_252d": 0.003987061278894544,
  "VXTLT_percentile_63d": 0.0017297121521551162,
  "VXTLT_velocity_10d": 0.004113053809851408,
  "VXTLT_vs_ma21": 0.004241079045459628,
  "VXTLT_vs_ma63": 0.002864445641171187,
  "VXTLT_zscore_63d": 0.006369941961020231,
  "adx_14": 0.002406354155391455,
  "bb_position_20d": 0.0024153464240953327,
  "bb_width_20d": 0.004764101537875831,
  "bond_vol_regime": 0.0,
  "cboe_stress_composite": 0.0030341101810336113,
  "cboe_stress_regime": 0.0,
  "claims_4wk_ma": 0.004008721350692213,
  "claims_percentile_52w": 0.0038088643457740547,
  "claims_regime": 0.002890744432806969,
  "claims_velocity_4w": 0.0064227722585201265,
  "claims_velocity_zscore": 0.003055487433448434,
  "claims_zscore_52w": 0.0024931331863626838,
  "cor_term_slope_change_21d": 0.005308072455227375,
  "cor_term_structure": 0.0017799997702240943,
  "correlation_regime": 0.00031342040747404096,
  "credit_quality_spread": 0.0024951844476163386,
  "credit_stress_composite": 0.007763433922082186,
  "credit_vol_divergence": 0.0020989028620533646,
  "credit_vol_stress_composite": 0.0020308455685153605,
  "credit_widening_regime": 0.0010361222550272942,
  "cross_asset_vol_cluster": 0.015217202878557146,
  "crude_oil_ret_10d": 0.002251589111983776,
  "crude_oil_ret_21d": 0.00199210352730006,
  "crude_oil_ret_63d": 0.004688934469595551,
  "crude_oil_vol_21d": 0.0037652684841305017,
  "crude_oil_vol_21d_log": 0.0020614744629710914,
  "crude_oil_zscore_63d": 0.0028215159429237245,
  "day_of_month": 0.005883442144840956,
  "day_of_week": 0.0016431541356723756,
  "days_in_regime": 0.014382186299189924,
  "dollar_crude_corr_21d": 0.0018264987273141741,
  "dxy_ret_10d": 0.0036061578197404743,
  "dxy_ret_21d": 0.0049513161415234205,
  "dxy_ret_63d": 0.009502412751317024,
  "dxy_vol_21d": 0.002374060294823721,
  "dxy_vol_21d_log": 0.0023449947359040378,
  "dxy_vs_ma200": 0.006756582856178283,
  "dxy_vs_ma50": 0.00407563173212111,
  "equity_vol_corr_breakdown": 0.0027002050075680016,
  "equity_vol_divergence": 0.003919064742513001,
  "fin_stress_index": 0.01717009097337723,
  "gold_spx_divergence": 0.0021062322426587342,
  "hy_b_spread": 0.007239995966665446,
  "hy_b_velocity_21d": 0.0061810912098735574,
  "hy_bb_spread": 0.007670584134757519,
  "hy_bb_velocity_21d": 0.012128405319526792,
  "hy_ccc_spread": 0.009628063905984164,
  "hy_ccc_velocity_21d": 0.006701151700690388,
  "hy_spread": 0.008169801579788328,
  "hy_velocity_21d": 0.006910505995620042,
  "hy_zscore_252d": 0.0035801120568066834,
  "ig_hy_spread": 0.0027749235858209433,
  "initial_claims": 0.006276845000684261,
  "is_earnings_heavy": 0.00012293113395571708,
  "is_fomc_period": 0.0031141076469793916,
  "is_opex_week": 0.0010703897103667259,
  "liquidity_regime": 0.0,
  "liquidity_stress_composite": 0.003317376412451267,
  "macd": 0.006456402083858848,
  "macd_histogram": 0.0018709546886384488,
  "macd_signal": 0.005839035334065557,
  "month": 0.0019402500474825501,
  "oil_term_regime": 0.0,
  "pc_equity_inst_divergence": 0.0006233743159100413,
  "pcc_accel_10d": 0.0011795707046985625,
  "regime_change_flag": 4.4011353747919205e-05,
  "regime_distance_to_boundary": 0.0024233497213572265,
  "regime_expected_return_5d": 0.0,
  "regime_median_return_5d": 0.0,
  "regime_prob_crisis": 0.0,
  "regime_prob_elevated": 0.0,
  "regime_prob_stay": 0.0,
  "regime_prob_up_5d": 0.0,
  "regime_return_std_5d": 0.0,
  "regime_spike_prob": 0.0012513880770711693,
  "regime_transition_risk": 0.0018589590908959508,
  "regime_vol_of_vol": 0.0,
  "regime_within_regime_percentile": 0.0025266206823289393,
  "reversion_strength_21d": 0.0022432274650782346,
  "reversion_strength_63d": 0.0017470155027695,
  "risk_premium_extreme_low_252d": 0.0,
  "risk_premium_extreme_low_63d": 0.0,
  "risk_premium_ma21": 0.004457489284686744,
  "risk_premium_percentile_126d": 0.006795338774099946,
  "risk_premium_percentile_21d": 0.0020464897039346396,
  "risk_premium_percentile_252d": 0.0068796273786574606,
  "risk_premium_percentile_63d": 0.0031767398701049387,
  "risk_premium_percentile_velocity": 0.003710115421563387,
  "risk_premium_regime": 0.0,
  "risk_premium_velocity": 0.004341980535537004,
  "risk_premium_zscore": 0.002934286626987159,
  "rsi_14": 0.0051510140765458345,
  "rsi_divergence": 0.002011507865972817,
  "rsi_regime": 0.0030411584302783012,
  "skew_displacement": 0.0019877981394529343,
  "skew_regime": 0.0,
  "skew_vix_ratio": 0.000730498181656003,
  "skew_vs_vix": 0.0033822862431406977,
  "spx_body_size": 0.0014420984720345587,
  "spx_body_to_range": 0.0014282755553722381,
  "spx_close_position": 0.001410142844542861,
  "spx_dollar_corr_21d": 0.002915080776438117,
  "spx_gap": 0.0011893699644133448,
  "spx_gap_extreme_flag": 0.002448574174195528,
  "spx_gap_magnitude": 0.00209883046336472,
  "spx_gap_magnitude_extreme_flag": 0.0,
  "spx_kurt_21d": 0.0017925160238519311,
  "spx_lag1": 0.0005658557580318302,
  "spx_lower_rejection": 0.0014798979507759213,
  "spx_lower_shadow": 0.0018787577515468,
  "spx_momentum_z_10d": 0.0028616948053240775,
  "spx_momentum_z_21d": 0.002754667401313782,
  "spx_range": 0.002177225868217647,
  "spx_range_expansion": 0.0015933807357214392,
  "spx_range_pct": 0.0009442214737646282,
  "spx_realized_vol_10d": 0.0012141761020757259,
  "spx_realized_vol_21d": 0.0038590487791225316,
  "spx_realized_vol_21d_acceleration_5d": 0.0019461234332993627,
  "spx_realized_vol_21d_log": 0.0015664283651858567,
  "spx_realized_vol_21d_velocity_3d": 0.0025763782439753415,
  "spx_realized_vol_63d": 0.006246795644983649,
  "spx_realized_vol_63d_x_regime_0": 0.0028376846574246885,
  "spx_realized_vol_63d_x_regime_1": 0.004433227563276887,
  "spx_realized_vol_63d_x_regime_2": 0.0027959467843174934,
  "spx_realized_vol_63d_x_regime_3": 0.0,
  "spx_ret_10d": 0.001463221141602844,
  "spx_ret_1d": 0.002232473180629313,
  "spx_ret_21d": 0.0029253327287733556,
  "spx_ret_5d": 0.0016567622078582644,
  "spx_ret_5d_regime_adj": 0.003969366918317974,
  "spx_ret_63d": 0.006522165331989527,
  "spx_skew_21d": 0.0036486099706962705,
  "spx_upper_rejection": 0.0015243057394400239,
  "spx_upper_shadow": 0.0015022974577732385,
  "spx_vix_corr_126d": 0.0051347097847610716,
  "spx_vix_corr_21d": 0.004578994982875883,
  "spx_vix_corr_63d": 0.0048560748342424635,
  "spx_vol_ratio_10_21": 0.005113502976018936,
  "spx_vol_ratio_10_63": 0.003282177564688027,
  "spx_vs_ma20": 0.00290217911824584,
  "spx_vs_ma200": 0.00225434813182801,
  "spx_vs_ma50": 0.003653062600642443,
  "stress_extreme": 0.00018963463371619583,
  "stress_regime": 0.001325473003089428,
  "stress_velocity_4w": 0.0017745344201102852,