{
  "spx_lag1": 0.001991261223641535,
  "vix_ret_1d": 0.0008522878827837607,
  "vix_ret_5d": 0.001566753877947728,
  "vix_ret_10d": 0.0021480636981626353,
  "vix_ret_21d": 0.002133792305054764,
  "vix_vol_10d": 0.004516343508536617,
  "vix_vol_21d": 0.0065671455425520735,
  "vix_vol_63d": 0.00597431502925853,
  "vix_velocity_5d": 0.012125213630497456,
  "vix_velocity_10d": 0.00791016531487306,
  "vix_velocity_21d": 0.007694774617751439,
  "vix_vs_ma10": 0.011157132840404907,
  "vix_vs_ma21": 0.008852801751345396,
  "vix_vs_ma63": 0.013443665268520514,
  "vix_vs_ma252": 0.00668101718959709,
  "vix_zscore_21d": 0.005850022736315926,
  "vix_zscore_63d": 0.010090897014985481,
  "vix_zscore_252d": 0.0088143739849329,
  "vix_momentum_z_10d": 0.0038367112477620444,
  "vix_momentum_z_21d": 0.005510948520774643,
  "vix_accel_5d": 0.0029764201026409864,
  "vix_stretch_ma21": 0.0034557897597551346,
  "vix_stretch_ma63": 0.003707625282307466,
  "reversion_strength_21d": 0.004429573348412911,
  "reversion_strength_63d": 0.0052052808459848166,
  "vix_bb_position_20d": 0.01325915070871512,
  "vix_extreme_low_21d": 0.0,
  "vix_regime": 0.015974340960383415,
  "days_in_regime": 0.00738073621566097,
  "spx_ret_1d": 0.0024097871500998735,
  "spx_ret_5d": 0.008492694236338139,
  "spx_ret_10d": 0.0027758476013938584,
  "spx_ret_21d": 0.0050021828307459755,
  "spx_ret_63d": 0.006853245509167512,
  "spx_vs_ma20": 0.004394882513831059,
  "spx_vs_ma50": 0.0044025966587165994,
  "spx_vs_ma200": 0.004095967781419556,
  "spx_momentum_z_10d": 0.003377752456193169,
  "spx_momentum_z_21d": 0.005940443991372983,
  "spx_realized_vol_10d": 0.00512353447265923,
  "spx_realized_vol_21d": 0.007546488816539447,
  "spx_realized_vol_63d": 0.010779430468877157,
  "spx_vol_ratio_10_21": 0.0037231395641962686,
  "spx_vol_ratio_10_63": 0.011887958273291588,
  "spx_skew_21d": 0.007757862564176321,
  "spx_kurt_21d": 0.0036709150299429893,
  "bb_position_20d": 0.007894455300023159,
  "bb_width_20d": 0.005986072433491548,
  "rsi_14": 0.0043854306762417155,
  "rsi_regime": 0.0018653495547672112,
  "rsi_divergence": 0.00407119778295358,
  "macd": 0.0072914847793678446,
  "macd_signal": 0.006502173375338316,
  "macd_histogram": 0.006011968866611521,
  "adx_14": 0.00615114268536369,
  "trend_strength": 0.006299914171298345,
  "spx_body_size": 0.002384771554109951,
  "spx_range": 0.002664634259417653,
  "spx_range_pct": 0.00276471379523476,
  "spx_upper_shadow": 0.002345943357795477,
  "spx_lower_shadow": 0.0030057617307951054,
  "spx_close_position": 0.003545167467867335,
  "spx_body_to_range": 0.0033449646240721145,
  "spx_gap": 0.0037186426731447377,
  "spx_gap_magnitude": 0.0030022228602319956,
  "spx_upper_rejection": 0.002527808382486304,
  "spx_lower_rejection": 0.0031998781487345695,
  "spx_range_expansion": 0.003296235188220938,
  "spx_vix_corr_21d": 0.006501407362520695,
  "spx_vix_corr_63d": 0.013099598698318005,
  "spx_vix_corr_126d": 0.010273882187902927,
  "vix_vs_rv_10d": 0.009174497487644354,
  "vix_rv_ratio_10d": 0.00691346110155185,
  "vix_vs_rv_21d": 0.010146690222124258,
  "vix_rv_ratio_21d": 0.013882187816003958,
  "crude_oil_ret_10d": 0.004053375916555524,
  "crude_oil_ret_21d": 0.005632528414328893,
  "crude_oil_ret_63d": 0.013322960895796617,
  "crude_oil_vol_21d": 0.008524836506694555,
  "crude_oil_zscore_63d": 0.0063772122375667095,
  "dxy_ret_10d": 0.007196896243840456,
  "dxy_ret_21d": 0.0071552117976049585,
  "dxy_ret_63d": 0.008384623564779758,
  "dxy_vs_ma50": 0.009829222379873196,
  "dxy_vs_ma200": 0.010346749487022558,
  "dxy_vol_21d": 0.006549316613624494,
  "dollar_crude_corr_21d": 0.005673231712232034,
  "spx_dollar_corr_21d": 0.0072567459816734,
  "yield_10y2y": 0.0,
  "yield_10y2y_zscore": 0.0,
  "yield_10y3m": 0.00703420660768946,
  "yield_2y3m": 0.0,
  "yield_5y2y": 0.0,
  "yield_30y10y": 0.009617249170939127,
  "yield_10y2y_velocity_10d": 0.0,
  "yield_10y2y_velocity_21d": 0.0,
  "yield_10y2y_velocity_63d": 0.0,
  "yield_10y2y_acceleration": 0.0,
  "yield_10y2y_vs_ma63": 0.0,
  "yield_10y2y_percentile_252d": 0.0,
  "yield_10y3m_velocity_10d": 0.005459968776752551,
  "yield_10y3m_velocity_21d": 0.0045879885243872804,
  "yield_10y3m_velocity_63d": 0.006005502926806609,
  "yield_10y3m_acceleration": 0.004097461389998595,
  "yield_10y3m_vs_ma63": 0.007258004974573851,
  "yield_10y3m_percentile_252d": 0.00741547563423713,
  "yield_2y3m_velocity_10d": 0.0,
  "yield_2y3m_velocity_21d": 0.0,
  "yield_2y3m_velocity_63d": 0.0,
  "yield_2y3m_acceleration": 0.0,
  "yield_2y3m_vs_ma63": 0.0,
  "yield_2y3m_percentile_252d": 0.0,
  "yield_10y2y_inversion_depth": 0.0,
  "yield_10y3m_inversion_depth": 0.009390266068900624,
  "yield_curve_level": 0.012659132791062197,
  "yield_curve_level_zscore": 0.008450536678234736,
  "yield_curve_curvature": 0.0,
  "yield_curve_curvature_zscore": 0.0,
  "10y_vol_63d": 0.005599088113134106,
  "30y_vol_63d": 0.006073090480640531,
  "yield_curve_vol_avg": 0.008964801828066507,
  "yield_curve_vol_dispersion": 0.007531775627285242,
  "vvix": 0.009540122157583633,
  "vvix_ret_5d": 0.004258355901887019,
  "vvix_ret_10d": 0.00271360840027531,
  "vvix_ret_21d": 0.0055253176639477415,
  "vvix_velocity_10d": 0.004478306354333957,
  "vvix_velocity_21d": 0.006096480724712213,
  "vvix_vs_ma21": 0.004687795725961526,
  "vvix_vs_ma63": 0.006291038977603118,
  "vvix_zscore_21d": 0.005095330066978931,
  "vvix_zscore_63d": 0.004263595910742879,
  "vvix_vix_ratio": 0.005415067076683044,
  "vvix_vix_spread": 0.00580409945299228,
  "vvix_percentile_21d": 0.009533938369713724,
  "vvix_percentile_63d": 0.004118249596407016,
  "vol_of_vol_regime": 0.00625312599974374,
  "vix_regime_micro": 0.011326746937508384,
  "regime_transition_risk": 0.004314653497810165,
  "vol_regime": 0.006725744499514501,
  "risk_premium_regime": 0.00576610987385114,
  "vol_term_regime": 0.0,
  "trend_regime": 0.0008630276036759218,
  "liquidity_stress_composite": 0.019817046200235684,
  "liquidity_regime": 0.0,
  "correlation_regime": 0.00047469950125863153,
  "equity_vol_divergence": 0.004948478192090988,
  "equity_vol_corr_breakdown": 0.007731504427889983,
  "risk_premium_ma21": 0.00951228461538752,
  "risk_premium_velocity": 0.005515418558691938,
  "risk_premium_zscore": 0.01102512547125419,
  "gold_spx_divergence": 0.004250281567995747,
  "vix_velocity_3d_pct": 0.011006012714157501,
  "vix_jerk_5d": 0.005397716847558816,
  "vix_momentum_regime": 0.0,
  "spx_realized_vol_21d_velocity_3d": 0.005442117961744468,
  "spx_realized_vol_21d_acceleration_5d": 0.003974723086381952,
  "vix_percentile_21d": 0.005408511264249682,
  "vix_percentile_63d": 0.011309859808534384,
  "vix_percentile_126d": 0.008270486413190762,
  "vix_percentile_252d": 0.020347931422293186,
  "vix_percentile_velocity": 0.006152724924807747,
  "vix_extreme_low_63d": 0.023185258110364277,
  "vix_extreme_low_252d": 0.0,
  "risk_premium_percentile_21d": 0.006874485212999086,
  "risk_premium_percentile_63d": 0.007082719666262467,
  "risk_premium_percentile_126d": 0.004787158221006393,
  "risk_premium_percentile_252d": 0.009155386127531528,
  "risk_premium_percentile_velocity": 0.004615227847049634,
  "risk_premium_extreme_low_63d": 0.0,
  "risk_premium_extreme_low_252d": 0.010114748030900955,
  "month": 0.007857666971782843,
  "day_of_week": 0.0016405431476111214,
  "day_of_month": 0.007212161086499691,
  "is_fomc_period": 0.002228631405159831,
  "is_opex_week": 0.0043518696911633015,
  "is_earnings_heavy": 0.002198062022216618
}