{
  "correlation_threshold": 0.9,
  "n_removed_correlation": 5,
  "n_samples": 4859,
  "n_selected": 31,
  "random_state": 42,
  "target_type": "down",
  "top_10_features": [
    "vix_velocity_5d_regime_adj",
    "vix_velocity_5d",
    "vix_vs_ma10",
    "hy_spread",
    "skew_vix_ratio_percentile_252d",
    "dxy_bb_position_20d",
    "skew_vix_ratio",
    "rsi_14",
    "yield_curve_level",
    "dxy_vs_ma21"
  ],
  "top_10_importance": [
    0.008961668144911528,
    0.007218137755990029,
    0.006621710257604718,
    0.006101157004013658,
    0.005577549291774631,
    0.005087679205462337,
    0.005026323115453124,
    0.005001405347138643,
    0.004832735727541148,
    0.004607659112662077
  ],
  "top_n": 31
}