{
  "10y_vol_63d": 0.003250519232824445,
  "30y_vol_63d": 0.004433913296088577,
  "6m_vol_63d_fred": 0.005456337053328752,
  "CL1-CL2": 0.0039052439387887716,
  "CL1-CL2_velocity_5d": 0.0029545051511377096,
  "CL1-CL2_zscore_63d": 0.003320423886179924,
  "Gold_lag1": 0.003272851603105664,
  "Gold_zscore_63d": 0.0049763270653784275,
  "SKEW": 0.0034814488608390093,
  "SKEW_extreme_low_252d": 0.0005431918893009424,
  "SKEW_extreme_low_63d": 0.004482128005474806,
  "SKEW_jerk_5d": 0.0027782532386481764,
  "SKEW_momentum_regime": 0.004503553686663509,
  "SKEW_percentile_126d": 0.0034609869122505187,
  "SKEW_percentile_21d": 0.002698802319355309,
  "SKEW_percentile_252d": 0.0038855732418596745,
  "SKEW_percentile_63d": 0.0034649237990379334,
  "SKEW_percentile_velocity": 0.003187922667711973,
  "VXTH": 0.002293618069961667,
  "VXTH_change_21d": 0.003160944115370512,
  "VXTH_zscore_63d": 0.002290201187133789,
  "VXTLT": 0.0016563721001148224,
  "VXTLT_acceleration_5d": 0.000991905527189374,
  "VXTLT_change_21d": 0.0016759756952524185,
  "VXTLT_percentile_126d": 0.00196096608415246,
  "VXTLT_percentile_252d": 0.0017131071537733078,
  "VXTLT_percentile_63d": 0.0013444416457787157,
  "VXTLT_velocity_10d": 0.0015633658971637488,
  "VXTLT_vs_ma21": 0.0007899627322331071,
  "VXTLT_vs_ma63": 0.002796821342781186,
  "VXTLT_zscore_63d": 0.001608556741848588,
  "adx_14": 0.004511889442801476,
  "bb_position_20d": 0.003647084813565016,
  "bb_width_20d": 0.0031661085318773984,
  "bond_vol_regime": 0.0,
  "cboe_stress_composite": 0.001269300258718431,
  "cboe_stress_regime": 0.0,
  "claims_4wk_ma": 0.004894805699586868,
  "claims_percentile_52w": 0.004064447386190296,
  "claims_regime": 0.0,
  "claims_velocity_4w": 0.004244647081941366,
  "claims_velocity_zscore": 0.003921075584366917,
  "claims_zscore_52w": 0.003994665620848536,
  "correlation_regime": 0.0,
  "credit_quality_spread": 0.004131787735968828,
  "credit_stress_composite": 0.005245200730860234,
  "credit_vol_divergence": 0.0035337138921022414,
  "credit_vol_stress_composite": 0.003967832867056131,
  "credit_widening_regime": 0.002265543723478913,
  "cross_asset_vol_cluster": 0.0002238160464912653,
  "crude_oil_ret_10d": 0.00427595591172576,
  "crude_oil_ret_21d": 0.003546633152291179,
  "crude_oil_ret_63d": 0.005969442427158356,
  "crude_oil_vol_21d": 0.0038506999611854554,
  "crude_oil_vol_21d_log": 0.005120179313234985,
  "crude_oil_zscore_63d": 0.004601455200463534,
  "day_of_month": 0.0053304522298276424,
  "day_of_week": 0.0025190094020217657,
  "days_in_regime": 0.0041258430108428,
  "equity_vol_corr_breakdown": 0.004100028751417994,
  "equity_vol_divergence": 0.0033601013477891684,
  "fin_stress_index": 0.00321113639511168,
  "gold_ret_10d": 0.003953030006960035,
  "gold_ret_21d": 0.004250653553754091,
  "gold_ret_63d": 0.004154624324291945,
  "gold_spx_divergence": 0.003230555867776275,
  "hy_b_spread": 0.003480584593489766,
  "hy_b_velocity_21d": 0.003329701256006956,
  "hy_bb_spread": 0.005846648383885622,
  "hy_bb_velocity_21d": 0.004142263159155846,
  "hy_ccc_spread": 0.004512401903048158,
  "hy_ccc_velocity_21d": 0.003032044507563114,
  "hy_spread": 0.008966771140694618,
  "hy_velocity_21d": 0.0038556018844246864,
  "hy_zscore_252d": 0.004035319504328072,
  "ig_hy_spread": 0.006860520504415035,
  "initial_claims": 0.0037793234921991827,
  "is_earnings_heavy": 0.0,
  "is_fomc_period": 0.0016346817836165428,
  "is_opex_week": 0.002090762695297599,
  "liquidity_regime": 0.0,
  "liquidity_stress_composite": 0.005558548308908939,
  "macd": 0.0033014839980751278,
  "macd_histogram": 0.0035415238700807093,
  "macd_signal": 0.004877975443378091,
  "month": 0.005892266659066081,
  "oil_term_regime": 0.00037500881589949133,
  "regime_change_flag": 0.0005479976069182157,
  "regime_distance_to_boundary": 0.0033403581473976374,
  "regime_expected_return_5d": 0.0006449963664636015,
  "regime_median_return_5d": 0.0,
  "regime_prob_crisis": 0.0,
  "regime_prob_elevated": 0.0017143520526587963,
  "regime_prob_stay": 0.0,
  "regime_prob_up_5d": 0.0,
  "regime_return_std_5d": 0.0,
  "regime_spike_prob": 0.0013871961738914252,
  "regime_transition_risk": 0.0031791547778993847,
  "regime_vol_of_vol": 0.0,
  "regime_within_regime_percentile": 0.003416652884334326,
  "reversion_strength_21d": 0.003147601103410125,
  "reversion_strength_63d": 0.004787822254002094,
  "risk_premium_extreme_low_252d": 0.0019694706425070763,
  "risk_premium_extreme_low_63d": 0.00017013803590089084,
  "risk_premium_ma21": 0.004355663526803255,
  "risk_premium_percentile_126d": 0.002823798358440399,
  "risk_premium_percentile_21d": 0.003412804286926985,
  "risk_premium_percentile_252d": 0.004875784460455179,
  "risk_premium_percentile_63d": 0.004085068823769689,
  "risk_premium_percentile_velocity": 0.0035295795649290087,
  "risk_premium_regime": 0.0038313083350658417,
  "risk_premium_velocity": 0.004383060103282333,
  "risk_premium_zscore": 0.0052263555116951466,
  "rsi_14": 0.006469063740223646,
  "rsi_divergence": 0.0038438014686107635,
  "rsi_regime": 0.00033507423941046,
  "skew_displacement": 0.003654833184555173,
  "skew_regime": 0.0,
  "skew_vix_ratio": 0.006389869470149278,
  "skew_vs_vix": 0.0042346899397671224,
  "spx_body_size": 0.002214431087486446,
  "spx_body_to_range": 0.0023655840661376713,
  "spx_close_position": 0.002735673729330301,
  "spx_gap": 0.002640401339158416,
  "spx_gap_extreme_flag": 0.0007319532334804535,
  "spx_gap_magnitude": 0.0025787017541006206,
  "spx_gap_magnitude_extreme_flag": 0.0021267903037369253,
  "spx_kurt_21d": 0.004369297809898853,
  "spx_lag1": 0.003611431666649878,
  "spx_lower_rejection": 0.0026243920205160976,
  "spx_lower_shadow": 0.002051731199026108,
  "spx_momentum_z_10d": 0.0031649379525333643,
  "spx_momentum_z_21d": 0.003169012302532792,
  "spx_range": 0.0032293019350618122,
  "spx_range_expansion": 0.0020159742096439006,
  "spx_range_pct": 0.0027256188448518516,
  "spx_realized_vol_10d": 0.003668026067316532,
  "spx_realized_vol_21d": 0.006309959944337607,
  "spx_realized_vol_21d_acceleration_5d": 0.003275198815390468,
  "spx_realized_vol_21d_log": 0.0031163319712504745,
  "spx_realized_vol_21d_velocity_3d": 0.002745734015479684,
  "spx_realized_vol_63d": 0.004113319935277105,
  "spx_realized_vol_63d_x_regime_0": 0.0034689189866185187,
  "spx_realized_vol_63d_x_regime_1": 0.004450884275138378,
  "spx_realized_vol_63d_x_regime_2": 0.00196918398141861,
  "spx_realized_vol_63d_x_regime_3": 0.0,
  "spx_ret_10d": 0.003969698259606957,
  "spx_ret_1d": 0.0033494615461677315,
  "spx_ret_21d": 0.003322634450159967,
  "spx_ret_5d": 0.0038488037884235383,
  "spx_ret_5d_regime_adj": 0.0036048508249223233,
  "spx_ret_63d": 0.0041829516179859635,
  "spx_skew_21d": 0.004248531349003315,
  "spx_upper_rejection": 0.0024295576149597764,
  "spx_upper_shadow": 0.002481491584330797,
  "spx_vix_corr_126d": 0.004350611101835966,
  "spx_vix_corr_21d": 0.0038972966838628055,
  "spx_vix_corr_63d": 0.0045446276664733885,
  "spx_vol_ratio_10_21": 0.003658942552283406,
  "spx_vol_ratio_10_63": 0.0039004466962069273,
  "spx_vs_ma20": 0.004429297288879752,
  "spx_vs_ma200": 0.004253156622871757,
  "spx_vs_ma50": 0.004389575961977243,
  "stress_extreme": 0.001420109858736396,
  "stress_regime": 0.0,
  "stress_velocity_4w": 0.0034026646986603736,
  "stress_zscore_52w": 0.004098583711311221,
  "time_in_regime_pct": 0.004058015625923872,
  "trend_regime": 0.0,
  "trend_strength": 0.002962848450988531,
  "vix1m_vix3m_ratio": 0.005270165670663118,
  "vix3m_vix6m_ratio": 0.0036126408260315655,
  "vix_accel_5d": 0.00428143092431128,
  "vix_accel_5d_extreme_flag": 0.0020123075926676394,
  "vix_bb_position_20d": 0.00480996654368937,
  "vix_extreme_low_21d": 0.0008165202452801168,
  "vix_extreme_low_252d": 0.0027874412015080454,
  "vix_extreme_low_63d": 0.0005767715629190207,
  "vix_jerk_5d": 0.0033547709695994853,
  "vix_momentum_regime": 0.0004458618815988302,
  "vix_momentum_z_10d": 0.0032203977927565573,