{
  "correlation_threshold": 0.9,
  "n_removed_correlation": 5,
  "n_samples": 4859,
  "n_selected": 31,
  "random_state": 42,
  "target_type": "down",
  "top_10_features": [
    "vix_velocity_5d",
    "vix_velocity_5d_regime_adj",
    "vix_vs_ma10",
    "skew_vix_ratio",
    "skew_vix_ratio_percentile_252d",
    "dxy_vs_ma21",
    "rsi_14",
    "hy_spread",
    "dxy_bb_position_20d",
    "vix_term_ratio_zscore_63d"
  ],
  "top_10_importance": [
    0.008358804415911436,
    0.00830004531890154,
    0.0068878473713994024,
    0.0058615653775632385,
    0.0056342488620430235,
    0.005364262172952295,
    0.005062307976186275,
    0.004908326873555779,
    0.004696862795390189,
    0.004564397828653454
  ],
  "top_n": 31
}