{
  "target_type": "expansion",
  "top_n": 115,
  "correlation_threshold": 0.8925,
  "n_selected": 115,
  "n_removed_correlation": 25,
  "n_samples": 2246,
  "top_10_features": [
    "fin_stress_index",
    "days_in_regime",
    "vix_percentile_126d",
    "vx_oi_surge",
    "vvix_percentile_63d",
    "hy_velocity_21d",
    "hy_spread",
    "vx_momentum_zscore",
    "yield_curve_vol_avg_fred",
    "yield_10y3m_inversion_depth"
  ],
  "top_10_importance": [
    0.021484545804560183,
    0.017896461486816406,
    0.017685403954237698,
    0.014501839131116866,
    0.014276423311093822,
    0.012807958666235209,
    0.01150408543762751,
    0.011178126558661461,
    0.010343245230615139,
    0.009087437018752097
  ]
}