{
  "spx_lag1": 0.0033181115286424756,
  "vix_ret_1d": 0.001428529538679868,
  "vix_ret_5d": 0.0013394716021139174,
  "vix_ret_10d": 0.001858574734069407,
  "vix_ret_21d": 0.0014263497083447873,
  "vix_vol_10d": 0.004248586855828762,
  "vix_vol_21d": 0.005085622193291783,
  "vix_vol_63d": 0.004627240006811917,
  "vix_velocity_5d": 0.010506091272691264,
  "vix_velocity_10d": 0.004172663018107414,
  "vix_velocity_21d": 0.004889345075935125,
  "vix_vs_ma10": 0.009412381518632173,
  "vix_vs_ma21": 0.005265592411160469,
  "vix_vs_ma63": 0.004684659047052264,
  "vix_vs_ma252": 0.0030058246571570634,
  "vix_zscore_21d": 0.002151558897458017,
  "vix_zscore_63d": 0.002959753340110183,
  "vix_zscore_252d": 0.006141038099303842,
  "vix_momentum_z_10d": 0.004911498632282019,
  "vix_momentum_z_21d": 0.004625667841173709,
  "vix_accel_5d": 0.004979510046541691,
  "vix_stretch_ma21": 0.0014837428345344961,
  "vix_stretch_ma63": 0.0015543444897048175,
  "reversion_strength_21d": 0.001512840064242482,
  "reversion_strength_63d": 0.0032198022585362197,
  "vix_bb_position_20d": 0.0024622409604489804,
  "vix_extreme_low_21d": 0.0,
  "vix_regime": 0.00024250932037830352,
  "days_in_regime": 0.009743464458733798,
  "regime_distance_to_boundary": 0.0017625689622946083,
  "regime_within_regime_percentile": 0.0028071159496903418,
  "regime_change_flag": 0.0,
  "time_in_regime_pct": 0.00702967238612473,
  "regime_expected_return_5d": 0.0,
  "regime_median_return_5d": 0.0,
  "regime_return_std_5d": 0.0,
  "regime_prob_up_5d": 0.0,
  "regime_vol_of_vol": 0.0,
  "regime_spike_prob": 0.004356185626238585,
  "regime_prob_stay": 0.0,
  "regime_prob_crisis": 0.0,
  "regime_prob_elevated": 0.0,
  "vix1m_vix3m_ratio": 0.004263741988688707,
  "vix_term_slope_short": 0.006135851191356778,
  "vix_term_slope_velocity_21d": 0.0013865287648513914,
  "vix_term_ratio_zscore_63d": 0.004484440945088863,
  "vix3m_vix6m_ratio": 0.0022601890494115652,
  "vix_term_slope_long": 0.002037474827375263,
  "vix_term_curvature": 0.0019859491381794213,
  "vix_term_curvature_zscore": 0.0022511976945679634,
  "spx_ret_1d": 0.0009440577006898821,
  "spx_ret_5d": 0.009500609920360148,
  "spx_ret_10d": 0.0012096216843929142,
  "spx_ret_21d": 0.003902549296617508,
  "spx_ret_63d": 0.004780363477766514,
  "spx_vs_ma20": 0.006262808525934816,
  "spx_vs_ma50": 0.0025926987640559674,
  "spx_vs_ma200": 0.0036149082239717244,
  "spx_momentum_z_10d": 0.0020049429673235863,
  "spx_momentum_z_21d": 0.0017324472311884165,
  "spx_realized_vol_10d": 0.002400133293122053,
  "spx_realized_vol_21d": 0.002598547795787454,
  "spx_realized_vol_63d": 0.0039005835540592672,
  "spx_vol_ratio_10_21": 0.0029646168928593396,
  "spx_vol_ratio_10_63": 0.0058297192677855495,
  "spx_skew_21d": 0.003478641016408801,
  "spx_kurt_21d": 0.00232537523843348,
  "bb_position_20d": 0.0029995740158483388,
  "bb_width_20d": 0.005207304400391877,
  "rsi_14": 0.0028958344366401432,
  "rsi_regime": 0.0,
  "rsi_divergence": 0.002829439542256296,
  "macd": 0.008843259792774916,
  "macd_signal": 0.004384224535897374,
  "macd_histogram": 0.0021147403516806663,
  "adx_14": 0.0028619978576898573,
  "trend_strength": 0.00205382164567709,
  "spx_body_size": 0.00038483113166876137,
  "spx_range": 0.0013393712230026721,
  "spx_range_pct": 0.0010418099322123454,
  "spx_upper_shadow": 0.0007127379532903433,
  "spx_lower_shadow": 0.0006816129374783486,
  "spx_close_position": 0.0030142869334667923,
  "spx_body_to_range": 0.0009200993110425771,
  "spx_gap": 0.0009523166459985078,
  "spx_gap_magnitude": 0.0021565610077232122,
  "spx_upper_rejection": 0.000353341456502676,
  "spx_lower_rejection": 0.0013845644192770124,
  "spx_range_expansion": 0.001390259334584698,
  "spx_vix_corr_21d": 0.002580866147764027,
  "spx_vix_corr_63d": 0.003857144108042121,
  "spx_vix_corr_126d": 0.004292928241193294,
  "vix_vs_rv_10d": 0.004723495012149215,
  "vix_rv_ratio_10d": 0.005311111500486731,
  "vix_vs_rv_21d": 0.005922929337248206,
  "vix_rv_ratio_21d": 0.004531167470850051,
  "SKEW": 0.0005328062921762467,
  "skew_regime": 0.0,
  "skew_vs_vix": 0.0012253640685230493,
  "skew_vix_ratio": 0.002461989736184478,
  "skew_displacement": 0.0013171805068850518,
  "pc_equity_inst_divergence": 0.0005802306346595288,
  "pcc_accel_10d": 0.0013751169433817267,
  "COR1M": 0.002032935293391347,
  "COR1M_change_21d": 0.002233469975180924,
  "COR1M_zscore_63d": 0.00048010009340941905,
  "COR3M": 0.002851588372141123,
  "COR3M_change_21d": 0.0016924793366342784,
  "COR3M_zscore_63d": 0.001538817584514618,
  "cor_term_structure": 0.0012028475059196353,
  "cor_term_slope_change_21d": 0.0005837735254317522,
  "VXTH": 0.001450064405798912,
  "VXTH_change_21d": 0.001587989693507552,
  "VXTH_zscore_63d": 0.0011753346771001816,
  "vxth_vix_ratio": 0.0015989060048013926,
  "VXTLT": 0.0063344803638756275,
  "VXTLT_change_21d": 0.0021138329524546863,
  "VXTLT_zscore_63d": 0.002758055878803134,
  "VXTLT_velocity_10d": 0.0036652153357863426,
  "VXTLT_acceleration_5d": 0.0018457746133208274,
  "bond_vol_regime": 0.0,
  "vxtlt_vix_ratio": 0.0034744806587696077,
  "vxtlt_vix_spread": 0.0045473029837012294,
  "VXTLT_percentile_63d": 0.002917521307244897,
  "VXTLT_percentile_126d": 0.002871787827461958,
  "VXTLT_percentile_252d": 0.0014637969550676643,
  "VXTLT_vs_ma21": 0.004805331630632281,
  "VXTLT_vs_ma63": 0.0068252105731517075,
  "cboe_stress_composite": 0.005109123839065433,
  "cboe_stress_regime": 0.0,
  "vx_contango_pct": 0.006374323088675737,
  "vx_contango_5d_change": 0.0013942694757133722,
  "vx_contango_zscore": 0.0017861212138086558,
  "vx1_return_5d": 0.0006743165897205472,
  "vx2_return_5d": 0.0008498577401041985,
  "vx_curve_2_1_ratio": 0.0010368874296545981,
  "vx_curve_3_2_ratio": 0.001303147105500102,
  "vx_curve_4_3_ratio": 0.0028336918679997326,
  "vx_curve_steepness": 0.007212699949741363,
  "vx_oi_front_concentration": 0.0010889282682910561,
  "vx_oi_imbalance": 0.0,
  "vx_oi_5d_change": 0.0019435060676187277,
  "vx_oi_zscore_63d": 0.0010446864645928145,
  "vx_oi_surge": 0.001443521399050951,
  "vx_churn_ratio": 0.0021739709191024303,
  "vx_churn_zscore_63d": 0.00125559417065233,
  "vx_roll_yield_annualized": 0.0038164605386555193,
  "vx_roll_cost_5d": 0.0,
  "vx_roll_yield_zscore_63d": 0.0026478752959519626,
  "vx_momentum_5d": 0.0,
  "vx_momentum_zscore": 0.0003382958471775055,
  "CL1-CL2": 0.0031138983787968753,
  "CL1-CL2_velocity_5d": 0.0018028730992227793,
  "CL1-CL2_zscore_63d": 0.0038580514490604402,
  "oil_term_regime": 0.0,
  "crude_oil_ret_10d": 0.004649867070838809,
  "crude_oil_ret_21d": 0.0018846953520551325,
  "crude_oil_ret_63d": 0.005151050118729472,
  "crude_oil_vol_21d": 0.0034011396579444408,
  "crude_oil_zscore_63d": 0.003523206361569464,
  "DX1-DX2": 0.0015243880909110886,
  "DX1-DX2_velocity_5d": 0.002116090478375554,
  "DX1-DX2_zscore_63d": 0.0020115488208830357,
  "dxy_ret_10d": 0.005691961385309696,
  "dxy_ret_21d": 0.003326498391106725,
  "dxy_ret_63d": 0.0023708060616627336,
  "dxy_vs_ma50": 0.0030649823136627676,
  "dxy_vs_ma200": 0.005428178329020738,
  "dxy_vol_21d": 0.00431211399845779,
  "dollar_crude_corr_21d": 0.003165529714897275,
  "spx_dollar_corr_21d": 0.004034836357459426,
  "initial_claims": 0.003355785459280014,
  "claims_4wk_ma": 0.005183306196704507,
  "claims_velocity_4w": 0.004206271795555949,
  "claims_zscore_52w": 0.0034276491962373255,
  "claims_percentile_52w": 0.0034056287724524735,
  "claims_regime": 0.0,
  "claims_velocity_zscore": 0.00426708566956222,
  "fin_stress_index": 0.00549019817262888,
  "stress_velocity_4w": 0.0027964966837316753,
  "stress_zscore_52w": 0.0019652303541079163,
  "stress_extreme": 0.0008972566574811935,
  "stress_regime": 0.0,
  "hy_spread": 0.0027127642650157215,
  "hy_velocity_21d": 0.002642278536222875,
  "hy_zscore_252d": 0.005566510930657386,
  "hy_bb_spread": 0.003396619390696287,
  "hy_bb_velocity_21d": 0.0029673891607671977,
  "hy_b_spread": 0.0038619194878265263,