{
  "correlation_threshold": 0.8925,
  "n_removed_correlation": 28,
  "n_samples": 2613,
  "n_selected": 116,
  "random_state": 42,
  "target_type": "compression",
  "top_10_features": [
    "vix_vs_ma63",
    "regime_expected_return_5d",
    "vix_percentile_126d",
    "vix_velocity_5d_regime_adj",
    "vix_vs_ma21",
    "reversion_strength_63d",
    "vvix",
    "vix_vel_spx_rv_ratio",
    "vix_zscore_252d",
    "vix_vs_rv_10d"
  ],
  "top_10_importance": [
    0.08075628504157066,
    0.04299428462982178,
    0.034894292056560514,
    0.019788262061774732,
    0.017212625313550233,
    0.010765463672578334,
    0.01072789600584656,
    0.01059422381222248,
    0.010075935162603855,
    0.008327701454982161
  ],
  "top_n": 116
}