{
  "spx_lag1": 0.0006574880331754685,
  "vix_ret_1d": 0.001195794774685055,
  "vix_ret_5d": 0.0016877809539437294,
  "vix_ret_10d": 0.0016270574647933244,
  "vix_ret_21d": 0.0017167792422696948,
  "vix_vol_10d": 0.002324198302812874,
  "vix_vol_21d": 0.0037677592132240533,
  "vix_vol_63d": 0.0038158038863912226,
  "vix_velocity_5d": 0.0048169650370255114,
  "vix_velocity_10d": 0.0026491318945772945,
  "vix_velocity_21d": 0.006739068077877164,
  "vix_vs_ma10": 0.003368679666891694,
  "vix_vs_ma21": 0.020900526084005833,
  "vix_vs_ma63": 0.05051509365439415,
  "vix_vs_ma252": 0.004208961054246174,
  "vix_zscore_21d": 0.004017866775393486,
  "vix_zscore_63d": 0.007970371935516595,
  "vix_zscore_252d": 0.006390218704473228,
  "vix_momentum_z_10d": 0.003658070252276957,
  "vix_momentum_z_21d": 0.0025829552207142113,
  "vix_accel_5d": 0.004032692173495889,
  "vix_stretch_ma21": 0.004825600865297019,
  "vix_stretch_ma63": 0.006140057169250213,
  "reversion_strength_21d": 0.002235139673575759,
  "reversion_strength_63d": 0.00975660108961165,
  "vix_bb_position_20d": 0.005741105717606843,
  "vix_extreme_low_21d": 0.00042531006038188935,
  "vix_regime": 0.013108235597610474,
  "days_in_regime": 0.0024214925011619925,
  "regime_distance_to_boundary": 0.002874412084929645,
  "regime_within_regime_percentile": 0.002929068310186267,
  "regime_change_flag": 0.004794356971979141,
  "time_in_regime_pct": 0.004468254675157368,
  "regime_expected_return_5d": 0.0,
  "regime_median_return_5d": 0.0,
  "regime_return_std_5d": 0.0,
  "regime_prob_up_5d": 0.0,
  "regime_vol_of_vol": 0.0,
  "regime_spike_prob": 0.0030305358581244946,
  "regime_prob_stay": 0.0,
  "regime_prob_crisis": 0.0,
  "regime_prob_elevated": 0.0,
  "vix1m_vix3m_ratio": 0.0028313977643847467,
  "vix_term_slope_short": 0.004198434975114651,
  "vix_term_slope_velocity_21d": 0.0023841468850150705,
  "vix_term_ratio_zscore_63d": 0.0038124980870634317,
  "vix3m_vix6m_ratio": 0.002633449109271169,
  "vix_term_slope_long": 0.00118890933226794,
  "vix_term_curvature": 0.0046021397924050685,
  "vix_term_curvature_zscore": 0.0040169034618884325,
  "spx_ret_1d": 0.0034780608024448157,
  "spx_ret_5d": 0.00351558905094862,
  "spx_ret_10d": 0.002274662465788424,
  "spx_ret_21d": 0.0019815015722997485,
  "spx_ret_63d": 0.004654691834002733,
  "spx_vs_ma20": 0.004391850740648806,
  "spx_vs_ma50": 0.001965614641085267,
  "spx_vs_ma200": 0.003214594442397356,
  "spx_momentum_z_10d": 0.002646804554387927,
  "spx_momentum_z_21d": 0.0025331691722385585,
  "spx_realized_vol_10d": 0.003283626842312515,
  "spx_realized_vol_21d": 0.002261673146858811,
  "spx_realized_vol_63d": 0.0024391021695919337,
  "spx_vol_ratio_10_21": 0.00269544324837625,
  "spx_vol_ratio_10_63": 0.0020249515888281166,
  "spx_skew_21d": 0.00268566042650491,
  "spx_kurt_21d": 0.0019700136326719075,
  "bb_position_20d": 0.01567283011972904,
  "bb_width_20d": 0.001962038700003177,
  "rsi_14": 0.0021912066731601954,
  "rsi_regime": 0.0,
  "rsi_divergence": 0.0018040349707007409,
  "macd": 0.0031233371235430242,
  "macd_signal": 0.0017572090262547135,
  "macd_histogram": 0.0025158594129607082,
  "adx_14": 0.002499066200107336,
  "trend_strength": 0.00469725402072072,
  "spx_body_size": 0.0017751045059412717,
  "spx_range": 0.002450110181234777,
  "spx_range_pct": 0.0014580801595002412,
  "spx_upper_shadow": 0.0016645966563373805,
  "spx_lower_shadow": 0.0021704075043089688,
  "spx_close_position": 0.003094377927482128,
  "spx_body_to_range": 0.0014858696493320167,
  "spx_gap": 0.002549058222211897,
  "spx_gap_magnitude": 0.0017399061471223831,
  "spx_upper_rejection": 0.0012032708269543945,
  "spx_lower_rejection": 0.0013130314007867127,
  "spx_range_expansion": 0.0022599568357691167,
  "spx_vix_corr_21d": 0.0029458584729582073,
  "spx_vix_corr_63d": 0.0030010443879291415,
  "spx_vix_corr_126d": 0.003127955039963126,
  "vix_vs_rv_10d": 0.007404012558981776,
  "vix_rv_ratio_10d": 0.004353788425214588,
  "vix_vs_rv_21d": 0.00734256450086832,
  "vix_rv_ratio_21d": 0.0053520694375038145,
  "SKEW": 0.0014114360325038432,
  "skew_regime": 0.0,
  "skew_vs_vix": 0.001337177725508809,
  "skew_vix_ratio": 0.0017916005570441484,
  "skew_displacement": 0.0008054082281887531,
  "pc_equity_inst_divergence": 0.0,
  "pcc_accel_10d": 0.00078379618935287,
  "COR1M": 0.0031609486788511275,
  "COR1M_change_21d": 0.000978425145149231,
  "COR1M_zscore_63d": 0.00044782706536352637,
  "COR3M": 0.0016794477123767138,
  "COR3M_change_21d": 0.0004427934531122446,
  "COR3M_zscore_63d": 0.0014560106676071883,
  "cor_term_structure": 0.000461365282535553,
  "cor_term_slope_change_21d": 0.0016069288365542888,
  "VXTH": 0.002077190298587084,
  "VXTH_change_21d": 0.002152526006102562,
  "VXTH_zscore_63d": 0.0009797376580536366,
  "vxth_vix_ratio": 0.0030161654576659203,
  "VXTLT": 0.0037567627034150062,
  "VXTLT_change_21d": 0.003588025993667543,
  "VXTLT_zscore_63d": 0.0031042921706102788,
  "VXTLT_velocity_10d": 0.00531391785480082,
  "VXTLT_acceleration_5d": 0.0021071621449664235,
  "bond_vol_regime": 0.0,
  "vxtlt_vix_ratio": 0.002508299075998366,
  "vxtlt_vix_spread": 0.002618773560971022,
  "VXTLT_percentile_63d": 0.00817943485453725,
  "VXTLT_percentile_126d": 0.00464904778636992,
  "VXTLT_percentile_252d": 0.006831121165305376,
  "VXTLT_vs_ma21": 0.002080865390598774,
  "VXTLT_vs_ma63": 0.007309799175709486,
  "cboe_stress_composite": 0.004069992993026972,
  "cboe_stress_regime": 0.0,
  "vx_contango_pct": 0.003288250626064837,
  "vx_contango_5d_change": 0.0014216601615771652,
  "vx_contango_zscore": 0.0013694421853870154,
  "vx1_return_5d": 0.0009998457739129663,
  "vx2_return_5d": 0.0014437320176512003,
  "vx_curve_2_1_ratio": 0.0,
  "vx_curve_3_2_ratio": 0.0013114138273522258,
  "vx_curve_4_3_ratio": 0.0026470697950571774,
  "vx_curve_steepness": 0.0014542255084961653,
  "vx_oi_front_concentration": 0.0007804825436323881,
  "vx_oi_imbalance": 0.0002494732849299908,
  "vx_oi_5d_change": 0.0009009906731080264,
  "vx_oi_zscore_63d": 0.0014190250542014838,
  "vx_oi_surge": 0.001304762391373515,
  "vx_churn_ratio": 0.0035380858927965162,
  "vx_churn_zscore_63d": 0.0026239363010972737,
  "vx_roll_yield_annualized": 0.00284520098939538,
  "vx_roll_cost_5d": 0.004104269435629249,
  "vx_roll_yield_zscore_63d": 0.0007654754212126136,
  "vx_momentum_5d": 0.0,
  "vx_momentum_zscore": 0.00038761255564168096,
  "CL1-CL2": 0.004479011334478855,
  "CL1-CL2_velocity_5d": 0.0027826239820569754,
  "CL1-CL2_zscore_63d": 0.002390078199096024,
  "oil_term_regime": 0.0,
  "crude_oil_ret_10d": 0.00398312034085393,
  "crude_oil_ret_21d": 0.0018212707596831023,
  "crude_oil_ret_63d": 0.003278106893412769,
  "crude_oil_vol_21d": 0.002340764203108847,
  "crude_oil_zscore_63d": 0.0027903645765036344,
  "DX1-DX2": 0.0031944868387654424,
  "DX1-DX2_velocity_5d": 0.0018193364376202226,
  "DX1-DX2_zscore_63d": 0.001607479969970882,
  "dxy_ret_10d": 0.004685522336512804,
  "dxy_ret_21d": 0.0028403919422999024,
  "dxy_ret_63d": 0.002046285546384752,
  "dxy_vs_ma50": 0.003111947700381279,
  "dxy_vs_ma200": 0.004662987915799022,
  "dxy_vol_21d": 0.002061813697218895,
  "dollar_crude_corr_21d": 0.0029274746775627136,
  "spx_dollar_corr_21d": 0.005331842228770256,
  "initial_claims": 0.002800930989906192,
  "claims_4wk_ma": 0.005509195942431688,
  "claims_velocity_4w": 0.0026724392781034114,
  "claims_zscore_52w": 0.0027942403219640257,
  "claims_percentile_52w": 0.006889194226823747,
  "claims_regime": 0.0,
  "claims_velocity_zscore": 0.0024716592393815517,
  "fin_stress_index": 0.0028717499546473844,
  "stress_velocity_4w": 0.004420739389024675,
  "stress_zscore_52w": 0.0023608356015756725,
  "stress_extreme": 0.0,
  "stress_regime": 0.0,
  "hy_spread": 0.0025450211716815828,
  "hy_velocity_21d": 0.0017891312250867485,
  "hy_zscore_252d": 0.002444945555180311,
  "hy_bb_spread": 0.0011558148369658738,
  "hy_bb_velocity_21d": 0.004983939696103334,
  "hy_b_spread": 0.0031451591523364185,