{
  "10y_vol_63d": 0.0006510292179882527,
  "30y_vol_63d": 0.0007754808990284801,
  "6m_vol_63d_fred": 0.0014404049958102404,
  "CL1-CL2": 0.000871806568466127,
  "CL1-CL2_velocity_5d": 0.0007504377048462629,
  "CL1-CL2_zscore_63d": 0.0010836712666787208,
  "Gold_lag1": 0.0017084926250390709,
  "Gold_zscore_63d": 0.0021097577176988126,
  "SKEW": 0.0008046145783737301,
  "SKEW_extreme_low_252d": 0.0014004504366312176,
  "SKEW_extreme_low_63d": 5.701639020117e-05,
  "SKEW_jerk_5d": 0.0019624696113169195,
  "SKEW_momentum_regime": 0.0013774537801509723,
  "SKEW_percentile_126d": 0.0013446838594973088,
  "SKEW_percentile_21d": 0.0016146893613040447,
  "SKEW_percentile_252d": 0.0029597967630252244,
  "SKEW_percentile_63d": 0.0013886279135476797,
  "SKEW_percentile_velocity": 0.0019067938905209304,
  "VXTH": 0.0068209896213375035,
  "VXTH_change_21d": 0.0015218632761389017,
  "VXTH_zscore_63d": 0.002617822983302176,
  "VXTLT": 0.0015126977115869523,
  "VXTLT_acceleration_5d": 0.0017379800789058208,
  "VXTLT_change_21d": 0.0010249276645481586,
  "VXTLT_percentile_126d": 0.0006894947495311498,
  "VXTLT_percentile_252d": 0.001966911368072033,
  "VXTLT_percentile_63d": 0.0006558806169778108,
  "VXTLT_velocity_10d": 0.0008176968200132251,
  "VXTLT_vs_ma21": 0.0033970906399190424,
  "VXTLT_vs_ma63": 0.0008536090375855565,
  "VXTLT_zscore_63d": 0.0013507795985788107,
  "adx_14": 0.0022716013714671134,
  "bb_position_20d": 0.002023161214310676,
  "bb_width_20d": 0.003436880011577159,
  "bond_vol_regime": 0.0,
  "cboe_stress_composite": 0.0018535865936428308,
  "cboe_stress_regime": 0.0,
  "claims_4wk_ma": 0.003989047394134105,
  "claims_percentile_52w": 0.0027353673242032526,
  "claims_regime": 0.0023220925198984333,
  "claims_velocity_4w": 0.004399612220004201,
  "claims_velocity_zscore": 0.0024786560563370584,
  "claims_zscore_52w": 0.007821847684681416,
  "correlation_regime": 2.0504101121332498e-05,
  "credit_quality_spread": 0.004614143236540258,
  "credit_stress_composite": 0.003652782691642642,
  "credit_vol_divergence": 0.0020802672719582916,
  "credit_vol_stress_composite": 0.002683300501666963,
  "credit_widening_regime": 0.0014891731756506489,
  "cross_asset_vol_cluster": 0.005738137289881706,
  "crude_oil_ret_10d": 0.001772499131038785,
  "crude_oil_ret_21d": 0.0019569036667235196,
  "crude_oil_ret_63d": 0.003601696318946779,
  "crude_oil_vol_21d": 0.0019186835386790335,
  "crude_oil_vol_21d_log": 0.004169360687956214,
  "crude_oil_zscore_63d": 0.0029229465406388046,
  "day_of_month": 0.006133987242355943,
  "day_of_week": 0.0018875379813835026,
  "days_in_regime": 0.01890659863129258,
  "equity_vol_corr_breakdown": 0.0020881344797089698,
  "equity_vol_divergence": 0.003635361697524786,
  "fin_stress_index": 0.013023528922349214,
  "gold_ret_10d": 0.004626302421092987,
  "gold_ret_21d": 0.00504807191900909,
  "gold_ret_63d": 0.005324989277869463,
  "gold_spx_divergence": 0.0022416467196308076,
  "hy_b_spread": 0.006549022370018065,
  "hy_b_velocity_21d": 0.00290045072324574,
  "hy_bb_spread": 0.004322272475110367,
  "hy_bb_velocity_21d": 0.006667100777849555,
  "hy_ccc_spread": 0.005859601683914662,
  "hy_ccc_velocity_21d": 0.010448504192754626,
  "hy_spread": 0.012419370745192282,
  "hy_velocity_21d": 0.016583169996738433,
  "hy_zscore_252d": 0.003594020428135991,
  "ig_hy_spread": 0.002606781804934144,
  "initial_claims": 0.002547088428400457,
  "is_earnings_heavy": 0.0006270291283726692,
  "is_fomc_period": 0.001823729812167585,
  "is_opex_week": 0.0002840446773916483,
  "liquidity_regime": 3.388325567357242e-05,
  "liquidity_stress_composite": 0.004549834702629596,
  "macd": 0.00497877448797226,
  "macd_histogram": 0.002890925039537251,
  "macd_signal": 0.0045388973318040374,
  "month": 0.002181391348131001,
  "oil_term_regime": 0.0002966933148854878,
  "regime_change_flag": 0.0,
  "regime_distance_to_boundary": 0.0033953280188143255,
  "regime_expected_return_5d": 0.00040335855446755887,
  "regime_median_return_5d": 0.0,
  "regime_prob_crisis": 0.0,
  "regime_prob_elevated": 0.0029057160951197147,
  "regime_prob_stay": 0.0,
  "regime_prob_up_5d": 0.0,
  "regime_return_std_5d": 0.0,
  "regime_spike_prob": 0.0031775061041116716,
  "regime_transition_risk": 0.002148148440755904,
  "regime_vol_of_vol": 0.0,
  "regime_within_regime_percentile": 0.0031560022616758943,
  "reversion_strength_21d": 0.002459704293869436,
  "reversion_strength_63d": 0.0017327593872323633,
  "risk_premium_extreme_low_252d": 0.0003499724203720689,
  "risk_premium_extreme_low_63d": 2.338336780667305e-05,
  "risk_premium_ma21": 0.0061868465505540374,
  "risk_premium_percentile_126d": 0.005259664542973041,
  "risk_premium_percentile_21d": 0.004031828651204705,
  "risk_premium_percentile_252d": 0.006211984041146934,
  "risk_premium_percentile_63d": 0.003124494233634323,
  "risk_premium_percentile_velocity": 0.004465851956047118,
  "risk_premium_regime": 5.7822308735921976e-05,
  "risk_premium_velocity": 0.003328953869640827,
  "risk_premium_zscore": 0.0030490111093968153,
  "rsi_14": 0.0051107148872688414,
  "rsi_divergence": 0.003083071927540004,
  "rsi_regime": 0.0,
  "skew_displacement": 0.006271073827520013,
  "skew_regime": 0.0,
  "skew_vix_ratio": 0.002908121491782367,
  "skew_vs_vix": 0.00270721772685647,
  "spx_body_size": 0.001518833462614566,
  "spx_body_to_range": 0.001317443244624883,
  "spx_close_position": 0.0018081388901919127,
  "spx_gap": 0.0017964619910344481,
  "spx_gap_extreme_flag": 0.0007977506145834922,
  "spx_gap_magnitude": 0.0014615598367527128,
  "spx_gap_magnitude_extreme_flag": 0.0006575746578164398,
  "spx_kurt_21d": 0.0018068212317302822,
  "spx_lag1": 0.0023932863376103343,
  "spx_lower_rejection": 0.002332508796826005,
  "spx_lower_shadow": 0.0022712664445862173,
  "spx_momentum_z_10d": 0.0031270340085029604,
  "spx_momentum_z_21d": 0.0017025424866005778,
  "spx_range": 0.0014374452526681124,
  "spx_range_expansion": 0.002898671408183873,
  "spx_range_pct": 0.001961815671529621,
  "spx_realized_vol_10d": 0.0025645225774496793,
  "spx_realized_vol_21d": 0.00614645523019135,
  "spx_realized_vol_21d_acceleration_5d": 0.0016717245336622,
  "spx_realized_vol_21d_log": 0.0030275291530415414,
  "spx_realized_vol_21d_velocity_3d": 0.002093630051240325,
  "spx_realized_vol_63d": 0.0043974683387205,
  "spx_realized_vol_63d_x_regime_0": 0.0040325038367882374,
  "spx_realized_vol_63d_x_regime_1": 0.0053099004551768305,
  "spx_realized_vol_63d_x_regime_2": 0.00281878849491477,
  "spx_realized_vol_63d_x_regime_3": 0.0,
  "spx_ret_10d": 0.002767398755531758,
  "spx_ret_1d": 0.00212539347121492,
  "spx_ret_21d": 0.004105973010882735,
  "spx_ret_5d": 0.0017817840096540749,
  "spx_ret_5d_regime_adj": 0.0020247068721801044,
  "spx_ret_63d": 0.006981346569955349,
  "spx_skew_21d": 0.003328374540433288,
  "spx_upper_rejection": 0.0015902575338259338,
  "spx_upper_shadow": 0.002565248007886112,
  "spx_vix_corr_126d": 0.004189166892319918,
  "spx_vix_corr_21d": 0.0040591696975752715,
  "spx_vix_corr_63d": 0.0033861065516248346,
  "spx_vol_ratio_10_21": 0.0054343813098967075,
  "spx_vol_ratio_10_63": 0.004572935844771564,
  "spx_vs_ma20": 0.004246339481323957,
  "spx_vs_ma200": 0.0030710159102454782,
  "spx_vs_ma50": 0.0028079803800210358,
  "stress_extreme": 0.001201655581826344,
  "stress_regime": 0.0,
  "stress_velocity_4w": 0.0024999774061143397,
  "stress_zscore_52w": 0.003369637671858072,
  "time_in_regime_pct": 0.014063998218625784,
  "trend_regime": 0.0,
  "trend_strength": 0.002664499497041106,
  "vix1m_vix3m_ratio": 0.008157677948474884,
  "vix3m_vix6m_ratio": 0.002086530881933868,
  "vix_accel_5d": 0.0024268447887152433,
  "vix_accel_5d_extreme_flag": 0.0017781422240659595,
  "vix_bb_position_20d": 0.0025019007502123714,
  "vix_extreme_low_21d": 6.56590680591762e-05,
  "vix_extreme_low_252d": 0.001088298764079809,
  "vix_extreme_low_63d": 0.0,
  "vix_jerk_5d": 0.0018090330995619297,
  "vix_momentum_regime": 0.00120255877263844,