{
  "correlation_threshold": 0.9,
  "n_removed_correlation": 4,
  "n_samples": 2613,
  "n_selected": 42,
  "random_state": 42,
  "target_type": "compression",
  "top_10_features": [
    "vix_vs_ma63",
    "vix_vs_ma21",
    "vix_percentile_126d",
    "joint_regime_expected_return",
    "vix_skew_joint_regime",
    "vix_velocity_5d_regime_adj",
    "vix_vel_spx_rv_ratio",
    "vvix",
    "regime_x_opex_prox",
    "vix_vol_x_opex_week"
  ],
  "top_10_importance": [
    0.04962036460638046,
    0.01799139971844852,
    0.017907872796058655,
    0.015243378421291708,
    0.01482197775039822,
    0.01423709811642766,
    0.01277629219694063,
    0.009409782011061907,
    0.008025229768827557,
    0.007857692590914667
  ],
  "top_n": 42
}