{
  "10y_vol_63d": 0.0017481527844211086,
  "30y_vol_63d": 0.003277285164222121,
  "6m_vol_63d_fred": 0.0035909711848944427,
  "CL1-CL2": 0.0018439502455294132,
  "CL1-CL2_velocity_5d": 0.0022576133371330796,
  "CL1-CL2_zscore_63d": 0.0033579823095351456,
  "Gold_lag1": 0.0021489506587386133,
  "Gold_zscore_63d": 0.0038579533342272044,
  "SKEW": 0.0029439616249874235,
  "SKEW_extreme_low_252d": 0.0,
  "SKEW_extreme_low_63d": 0.0006678695790469646,
  "SKEW_jerk_5d": 0.001852829335257411,
  "SKEW_momentum_regime": 0.000283284205943346,
  "SKEW_percentile_126d": 0.002583353058435023,
  "SKEW_percentile_21d": 0.0006079992512241006,
  "SKEW_percentile_252d": 0.0031958367675542832,
  "SKEW_percentile_63d": 0.0023305076174438,
  "SKEW_percentile_velocity": 0.0020620115334168076,
  "VX1-VX2": 0.0012952334247529507,
  "VX1-VX2_change_21d": 0.0009486622642725706,
  "VX1-VX2_percentile_63d": 0.0004463663441129029,
  "VX1-VX2_zscore_63d": 0.0008233986794948578,
  "VX2-VX1_RATIO": 0.0,
  "VX2-VX1_RATIO_velocity_10d": 9.133617859333754e-05,
  "VXTH": 0.0011820468120276929,
  "VXTH_change_21d": 0.0023230611346662044,
  "VXTH_zscore_63d": 0.0019744021818041803,
  "VXTLT": 0.0005414841114543378,
  "VXTLT_acceleration_5d": 0.0003835650626569986,
  "VXTLT_change_21d": 0.0013895887415856123,
  "VXTLT_percentile_126d": 0.001376818586140871,
  "VXTLT_percentile_252d": 0.0007503549102693796,
  "VXTLT_percentile_63d": 0.001352918054908514,
  "VXTLT_velocity_10d": 0.0007205749861896038,
  "VXTLT_vs_ma21": 0.00033905194140970707,
  "VXTLT_vs_ma63": 0.001975327543914318,
  "VXTLT_zscore_63d": 0.0010322192683815956,
  "adx_14": 0.003342311130836606,
  "bb_position_20d": 0.0033165421802550553,
  "bb_width_20d": 0.002782560815103352,
  "bond_vol_regime": 0.0,
  "both_near_boundary_flag": 0.0,
  "both_regimes_changed_flag": 0.0,
  "cboe_stress_composite": 0.00044454215094447136,
  "cboe_stress_regime": 0.0,
  "claims_4wk_ma": 0.0046307602897286415,
  "claims_percentile_52w": 0.0040705488994717594,
  "claims_regime": 0.0,
  "claims_velocity_4w": 0.0035653012339025734,
  "claims_velocity_zscore": 0.0027330702170729635,
  "claims_zscore_52w": 0.002768813353031874,
  "commodity_vol_regime": 0.000621992745436728,
  "copper": 0.003161781746894121,
  "copper_economic_signal": 0.0,
  "copper_momentum_63d": 0.0036171052604913713,
  "copper_ret_10d": 0.00285553396679461,
  "copper_ret_21d": 0.002747685555368662,
  "copper_ret_5d": 0.0030204374343156815,
  "copper_ret_63d": 0.002288139774464071,
  "copper_zscore_21d": 0.0027522220741957428,
  "copper_zscore_252d": 0.0030206307768821717,
  "copper_zscore_63d": 0.0032606943510472774,
  "correlation_regime": 0.0,
  "credit_quality_spread": 0.0030262563610449432,
  "credit_stress_composite": 0.0036624649073928595,
  "credit_vol_divergence": 0.003569880221039057,
  "credit_vol_stress_composite": 0.0035822954028844833,
  "credit_widening_regime": 0.0,
  "cross_asset_vol_cluster": 0.0,
  "crude_oil_ret_10d": 0.00375334438867867,
  "crude_oil_ret_21d": 0.0028268661350011825,
  "crude_oil_ret_63d": 0.005080889305099845,
  "crude_oil_vol_21d": 0.0038785831071436404,
  "crude_oil_vol_21d_log": 0.0,
  "crude_oil_zscore_63d": 0.0033826563041657208,
  "day_of_month": 0.004965403350070119,
  "day_of_week": 0.00031357123516499995,
  "days_in_joint_regime": 0.0029098423663526775,
  "days_in_regime": 0.0038143534678965808,
  "days_in_skew_regime": 0.003930483246222138,
  "dxy": 0.00389716774225235,
  "dxy_accel_5d": 0.0015598500613123178,
  "dxy_bb_position_20d": 0.0044175490969792005,
  "dxy_bb_width_20d": 0.004223088268190622,
  "dxy_extreme_high": 0.0010594817576929927,
  "dxy_extreme_low": 0.0,
  "dxy_gold_both_rally": 0.0,
  "dxy_gold_corr_126d": 0.004289696924388409,
  "dxy_gold_corr_21d": 0.004090301273390651,
  "dxy_gold_corr_63d": 0.004766926914453506,
  "dxy_gold_divergence": 0.0033616935834288597,
  "dxy_momentum_z_10d": 0.0027992855058982967,
  "dxy_momentum_z_21d": 0.0028052080888301134,
  "dxy_momentum_z_5d": 0.0016468095360323786,
  "dxy_percentile_21d": 0.0030269703129306436,
  "dxy_percentile_252d": 0.0031872630584985017,
  "dxy_percentile_63d": 0.002178974146954715,
  "dxy_regime_numeric": 0.0,
  "dxy_ret_10d": 0.0030993217136710883,
  "dxy_ret_1d": 0.002046039211563766,
  "dxy_ret_21d": 0.003977533662691712,
  "dxy_ret_5d": 0.0020439737010747193,
  "dxy_ret_63d": 0.0048949738498777155,
  "dxy_velocity_10d": 0.0013665737584233283,
  "dxy_velocity_21d": 0.003272166522219777,
  "dxy_velocity_5d": 0.002222528634592891,
  "dxy_vol_10d": 0.0020103858318179847,
  "dxy_vol_21d": 0.002349903620779514,
  "dxy_vol_63d": 0.0027760449331253765,
  "dxy_vs_ma21": 0.005146944802254439,
  "dxy_vs_ma252": 0.003841907111927867,
  "dxy_vs_ma63": 0.0037095528561621903,
  "dxy_zscore_21d": 0.005531190196052194,
  "dxy_zscore_252d": 0.003582689119502902,
  "dxy_zscore_63d": 0.00392296640202403,
  "equity_vol_corr_breakdown": 0.0038097022101283074,
  "equity_vol_divergence": 0.0019833831815049053,
  "fin_stress_index": 0.002186924568377435,
  "flight_to_safety_active": 0.0,
  "gold": 0.0009720702189952135,
  "gold_momentum_21d": 0.0029968199552968143,
  "gold_regime": 0.0,
  "gold_ret_10d": 0.0031184167368337513,
  "gold_ret_21d": 0.0037007706705480814,
  "gold_ret_5d": 0.0038644634187221527,
  "gold_ret_63d": 0.0032606102526187898,
  "gold_spx_divergence": 0.0022780313622206448,
  "gold_vol_10d": 0.0026935332105495037,
  "gold_vol_21d": 0.0031707444693893196,
  "gold_vol_63d": 0.002570982906036079,
  "gold_zscore_21d": 0.004344378272071481,
  "gold_zscore_252d": 0.004386193864047527,
  "gold_zscore_63d": 0.002548722876235843,
  "growth_concern_signal": 0.00062444475479424,
  "gvz": 0.001073661120608449,
  "gvz_gold_rv_ratio": 0.00252344838809222,
  "gvz_gold_rv_spread": 0.0007237954530864954,
  "gvz_percentile_21d": 0.0017789564852137118,
  "gvz_percentile_63d": 0.0007369255647063256,
  "gvz_ret_10d": 0.0005015855527744862,
  "gvz_ret_21d": 0.0019524331903085113,
  "gvz_ret_5d": 0.0033197220414876937,
  "gvz_velocity_10d": 0.0012875845888629556,
  "gvz_velocity_21d": 0.002407333441078663,
  "gvz_velocity_5d": 0.00356298410333693,
  "gvz_zscore_21d": 0.0010740658501163125,
  "gvz_zscore_63d": 0.002382911881431937,
  "hy_b_spread": 0.0049432878848165275,
  "hy_b_velocity_21d": 0.001121886307373643,
  "hy_bb_spread": 0.0035671509336680173,
  "hy_bb_velocity_21d": 0.0036383149214088916,
  "hy_ccc_spread": 0.003911368921399117,
  "hy_ccc_velocity_21d": 0.001186890620738268,
  "hy_spread": 0.004675326007418335,
  "hy_velocity_21d": 0.0014295824919827282,
  "hy_zscore_252d": 0.002787316823378205,
  "ig_hy_spread": 0.000955259456532076,
  "initial_claims": 0.0032831541262567042,
  "is_earnings_heavy": 0.0,
  "is_fomc_period": 0.0006439122604206205,
  "is_opex_week": 0.0,
  "joint_regime_change_flag": 0.0,
  "joint_regime_correlation": 0.002632750105112791,
  "joint_regime_expected_return": 0.0003855693619698286,
  "joint_regime_frequency": 0.0008290748810395598,
  "joint_regime_volatility": 0.0014200377627275884,
  "liquidity_regime": 0.0,
  "liquidity_stress_composite": 0.004053778015077114,
  "macd": 0.0028395899338647724,
  "macd_histogram": 0.0021794897271320223,
  "macd_signal": 0.004312469158321619,
  "month": 0.003683681692928076,
  "multi_asset_vol_stress": 0.00041910386644303797,
  "natgas": 0.0020470017800107597,
  "natgas_ret_10d": 0.0024349714745767414,
  "natgas_ret_21d": 0.003349979920312762,
  "natgas_ret_5d": 0.002253311243839562,
  "natgas_vol_21d": 0.0043241961393505335,
  "natgas_zscore_21d": 0.0019037251942791045,
  "natgas_zscore_63d": 0.00395460850559175,
  "oil_term_regime": 0.0,
  "ovx": 0.002686839224770665,
  "ovx_oil_rv_ratio": 0.002946396172046661,
  "ovx_oil_rv_spread": 0.003326010564342141,
  "ovx_percentile_21d": 0.0020173756405711175,
  "ovx_percentile_252d": 0.0019213085761293769,
  "ovx_percentile_63d": 0.001723178569227457,
  "ovx_regime": 0.0,
  "ovx_ret_10d": 0.0020105438772588967,
  "ovx_ret_21d": 0.002841517049819231,