{
  "target_type": "expansion",
  "top_n": 115,
  "correlation_threshold": 0.8925,
  "n_selected": 115,
  "n_removed_correlation": 28,
  "n_samples": 2246,
  "top_10_features": [
    "fin_stress_index",
    "vix_percentile_126d",
    "days_in_regime",
    "vvix_percentile_63d",
    "vx_oi_surge",
    "hy_velocity_21d",
    "vx_momentum_zscore",
    "ig_hy_spread",
    "cboe_stress_composite",
    "dxy_vs_ma200"
  ],
  "top_10_importance": [
    0.02071092277765274,
    0.020164513029158115,
    0.016877807676792145,
    0.01357719285879284,
    0.013405027240514756,
    0.01228062780573964,
    0.010844547487795352,
    0.010717745660804212,
    0.009429072472266853,
    0.009377861814573406
  ]
}