{
  "spx_lag1": 0.0009746039169840515,
  "vix_ret_1d": 0.000693271856289357,
  "vix_ret_5d": 0.0010597430926281958,
  "vix_ret_10d": 0.0009062526136403903,
  "vix_ret_21d": 0.0014910375932231546,
  "vix_vol_10d": 0.004453438520431519,
  "vix_vol_21d": 0.002353690075688064,
  "vix_vol_63d": 0.003008952271193266,
  "vix_velocity_5d": 0.007211706601083279,
  "vix_velocity_10d": 0.004426491935737431,
  "vix_velocity_21d": 0.001824723044410348,
  "vix_vs_ma10": 0.004397360561415553,
  "vix_vs_ma21": 0.003942442173138261,
  "vix_vs_ma63": 0.005411435151472688,
  "vix_vs_ma252": 0.0026863786624744534,
  "vix_zscore_21d": 0.003192404075525701,
  "vix_zscore_63d": 0.0031741085927933454,
  "vix_zscore_252d": 0.006832691375166178,
  "vix_momentum_z_10d": 0.0016109009622596205,
  "vix_momentum_z_21d": 0.004260185151360929,
  "vix_accel_5d": 0.005151264043524862,
  "vix_stretch_ma21": 0.0019200105860363692,
  "vix_stretch_ma63": 0.0024862751830369233,
  "reversion_strength_21d": 0.002032069076085463,
  "reversion_strength_63d": 0.0035501642618328334,
  "vix_bb_position_20d": 0.005976391863077879,
  "vix_extreme_low_21d": 0.0,
  "vix_regime": 0.0,
  "days_in_regime": 0.01177434865385294,
  "regime_distance_to_boundary": 0.004561985004693269,
  "regime_within_regime_percentile": 0.0029549089202191682,
  "regime_change_flag": 0.0,
  "time_in_regime_pct": 0.010024716891348363,
  "regime_expected_return_5d": 0.0,
  "regime_median_return_5d": 0.0,
  "regime_return_std_5d": 0.0,
  "regime_prob_up_5d": 0.0,
  "regime_vol_of_vol": 0.0,
  "regime_spike_prob": 5.172342098376248e-05,
  "regime_prob_stay": 0.0,
  "regime_prob_crisis": 0.0,
  "regime_prob_elevated": 0.0,
  "vix1m_vix3m_ratio": 0.012544546404387801,
  "vix_term_slope_short": 0.015067815035581588,
  "vix_term_slope_velocity_21d": 0.002541302191093564,
  "vix_term_ratio_zscore_63d": 0.0028564002364873885,
  "vix3m_vix6m_ratio": 0.003470071405172348,
  "vix_term_slope_long": 0.0074351688381284475,
  "vix_term_curvature": 0.002098757098428905,
  "vix_term_curvature_zscore": 0.0023161393823102117,
  "spx_ret_1d": 0.0014871234889142215,
  "spx_ret_5d": 0.004004012723453343,
  "spx_ret_10d": 0.0013116375543177129,
  "spx_ret_21d": 0.005864554340951145,
  "spx_ret_63d": 0.004160473449155688,
  "spx_vs_ma20": 0.006632565404288471,
  "spx_vs_ma50": 0.0020485852612182496,
  "spx_vs_ma200": 0.004137086984701455,
  "spx_momentum_z_10d": 0.002712269756011665,
  "spx_momentum_z_21d": 0.004114848282188177,
  "spx_realized_vol_10d": 0.0037555590039119124,
  "spx_realized_vol_21d": 0.004196189204230904,
  "spx_realized_vol_63d": 0.006045526918023824,
  "spx_vol_ratio_10_21": 0.004075531777925789,
  "spx_vol_ratio_10_63": 0.005986873945221305,
  "spx_skew_21d": 0.0036155638750642537,
  "spx_kurt_21d": 0.0025147608714178203,
  "bb_position_20d": 0.005346763506531715,
  "bb_width_20d": 0.006883647106587887,
  "rsi_14": 0.0018192422343418003,
  "rsi_regime": 0.0,
  "rsi_divergence": 0.0028041649609804155,
  "macd": 0.003796513914130628,
  "macd_signal": 0.004939751420170069,
  "macd_histogram": 0.0027726842788979413,
  "adx_14": 0.002390945749357343,
  "trend_strength": 0.0028698593378067017,
  "spx_body_size": 0.0007316625502426177,
  "spx_range": 0.0014864545431919397,
  "spx_range_pct": 0.0010900782886892556,
  "spx_upper_shadow": 0.0013914271607063712,
  "spx_lower_shadow": 0.001167638262268156,
  "spx_close_position": 0.0015327906236052512,
  "spx_body_to_range": 0.0014614612911827863,
  "spx_gap": 0.0033404086134396493,
  "spx_gap_magnitude": 0.002812689228449017,
  "spx_upper_rejection": 0.0018706536618992686,
  "spx_lower_rejection": 0.001158214861061424,
  "spx_range_expansion": 0.0011809175834059716,
  "spx_vix_corr_21d": 0.005870672035962343,
  "spx_vix_corr_63d": 0.0040009206160902975,
  "spx_vix_corr_126d": 0.002307966339867562,
  "vix_vs_rv_10d": 0.0032565534114837647,
  "vix_rv_ratio_10d": 0.0020455771125853063,
  "vix_vs_rv_21d": 0.0074662664905190464,
  "vix_rv_ratio_21d": 0.005346771818585694,
  "SKEW": 0.002594222454354167,
  "skew_regime": 0.0007565415930002928,
  "skew_vs_vix": 0.0022633366752415895,
  "skew_vix_ratio": 0.0009662857744842767,
  "skew_displacement": 0.0020948073361068964,
  "pc_equity_inst_divergence": 0.0008238799171522259,
  "pcc_accel_10d": 0.0018535320181399585,
  "COR1M": 0.003509916225448251,
  "COR1M_change_21d": 0.0020344622898846865,
  "COR1M_zscore_63d": 0.0012673056684434415,
  "COR3M": 0.0017486676573753358,
  "COR3M_change_21d": 0.0012278956128284335,
  "COR3M_zscore_63d": 0.001365801692008972,
  "cor_term_structure": 0.0018399884458631278,
  "cor_term_slope_change_21d": 0.003711795900017023,
  "VXTH": 0.0037893975153565408,
  "VXTH_change_21d": 0.0021391043905168773,
  "VXTH_zscore_63d": 0.0018838614458218216,
  "vxth_vix_ratio": 0.000620854296721518,
  "VXTLT": 0.0035862708115018903,
  "VXTLT_change_21d": 0.003144392464309931,
  "VXTLT_zscore_63d": 0.003698238800279796,
  "VXTLT_velocity_10d": 0.004413180006667972,
  "VXTLT_acceleration_5d": 0.0020419783657416703,
  "bond_vol_regime": 0.0,
  "vxtlt_vix_ratio": 0.002305114222690463,
  "vxtlt_vix_spread": 0.007784767169505357,
  "VXTLT_percentile_63d": 0.002957673277705908,
  "VXTLT_percentile_126d": 0.003991916310042143,
  "VXTLT_percentile_252d": 0.005194760859012604,
  "VXTLT_vs_ma21": 0.005966384382918477,
  "VXTLT_vs_ma63": 0.003117385832592845,
  "cboe_stress_composite": 0.002475917316041887,
  "cboe_stress_regime": 0.0,
  "vx_contango_pct": 0.0026716235443018377,
  "vx_contango_5d_change": 0.00108184062410146,
  "vx_contango_zscore": 0.003475404204800725,
  "vx1_return_5d": 0.0005285005434416234,
  "vx2_return_5d": 0.001487889396958053,
  "vx_curve_2_1_ratio": 0.0,
  "vx_curve_3_2_ratio": 0.0013374548871070147,
  "vx_curve_4_3_ratio": 0.0025180399417877196,
  "vx_curve_steepness": 0.007746365154162049,
  "vx_oi_front_concentration": 0.0033771248534321787,
  "vx_oi_imbalance": 0.0,
  "vx_oi_5d_change": 0.0027979598147794605,
  "vx_oi_zscore_63d": 0.0025697555160149933,
  "vx_oi_surge": 0.0027094000950455667,
  "vx_churn_ratio": 0.003475641831755638,
  "vx_churn_zscore_63d": 0.0019824521150439978,
  "vx_roll_yield_annualized": 0.00483324914239347,
  "vx_roll_cost_5d": 0.004856804385781288,
  "vx_roll_yield_zscore_63d": 0.003961147088557482,
  "vx_momentum_5d": 0.0,
  "vx_momentum_zscore": 0.0008559038396924734,
  "CL1-CL2": 0.006058634165674448,
  "CL1-CL2_velocity_5d": 0.0021841840585693716,
  "CL1-CL2_zscore_63d": 0.0033748314483091233,
  "oil_term_regime": 0.0,
  "crude_oil_ret_10d": 0.002522853831760585,
  "crude_oil_ret_21d": 0.005135646089911461,
  "crude_oil_ret_63d": 0.004239382338710129,
  "crude_oil_vol_21d": 0.004663452599197626,
  "crude_oil_zscore_63d": 0.003384713036939502,
  "DX1-DX2": 0.0022820612648501992,
  "DX1-DX2_velocity_5d": 0.002978555206209421,
  "DX1-DX2_zscore_63d": 0.004350780276581645,
  "dxy_ret_10d": 0.0023003569222055376,
  "dxy_ret_21d": 0.0026158662280067802,
  "dxy_ret_63d": 0.003556576697155833,
  "dxy_vs_ma50": 0.004292274639010429,
  "dxy_vs_ma200": 0.004752790951170027,
  "dxy_vol_21d": 0.0037001349031925202,
  "dollar_crude_corr_21d": 0.0029574277345091105,
  "spx_dollar_corr_21d": 0.0037617447320371865,
  "initial_claims": 0.004033570014871657,
  "claims_4wk_ma": 0.005694916564971208,
  "claims_velocity_4w": 0.003892938944045454,
  "claims_zscore_52w": 0.0033491414040327074,
  "claims_percentile_52w": 0.005465439101681113,
  "claims_regime": 0.0,
  "claims_velocity_zscore": 0.0044710181653499605,
  "fin_stress_index": 0.006301115825772285,
  "stress_velocity_4w": 0.0031821686308830975,
  "stress_zscore_52w": 0.003413919685408473,
  "stress_extreme": 0.0,
  "stress_regime": 0.0,
  "hy_spread": 0.006377790030092001,
  "hy_velocity_21d": 0.005672971811145544,
  "hy_zscore_252d": 0.01714212941005826,
  "hy_bb_spread": 0.004183993127662688,
  "hy_bb_velocity_21d": 0.004232868645340204,
  "hy_b_spread": 0.002807148266583681,
  "hy_b_velocity_21d": 0.0061822472605854275,