{
  "10y_vol_63d": 0.00027123945183120667,
  "30y_vol_63d": 0.0005428499018307776,
  "6m_vol_63d_fred": 0.0007698419154621661,
  "CL1-CL2": 0.0010086261318065226,
  "CL1-CL2_velocity_5d": 0.0008813888998702168,
  "CL1-CL2_zscore_63d": 0.0009293353417888284,
  "Gold_lag1": 0.0011330244597047567,
  "Gold_zscore_63d": 0.0021597589831799267,
  "SKEW": 0.0013464213348925113,
  "SKEW_extreme_low_252d": 0.0006386371667758794,
  "SKEW_extreme_low_63d": 0.0017585839523235336,
  "SKEW_jerk_5d": 0.0014252893393859266,
  "SKEW_momentum_regime": 0.0011106510588433593,
  "SKEW_percentile_126d": 0.0013908998458646237,
  "SKEW_percentile_21d": 0.0020817416487261655,
  "SKEW_percentile_252d": 0.0022669874830171465,
  "SKEW_percentile_63d": 0.0016134352306835353,
  "SKEW_percentile_velocity": 0.0014488034415990115,
  "VXTH": 0.0011849025031551719,
  "VXTH_change_21d": 0.0009388373233377934,
  "VXTH_zscore_63d": 0.0013055686606094242,
  "VXTLT": 0.0021487838588654996,
  "VXTLT_acceleration_5d": 0.0010328118223696947,
  "VXTLT_change_21d": 0.0013158127199858426,
  "VXTLT_percentile_126d": 0.001229211175814271,
  "VXTLT_percentile_252d": 0.0018380490131676198,
  "VXTLT_percentile_63d": 0.002632142137736082,
  "VXTLT_velocity_10d": 0.0014586459845304489,
  "VXTLT_vs_ma21": 0.0017575681209564208,
  "VXTLT_vs_ma63": 0.0006510517850983888,
  "VXTLT_zscore_63d": 0.000567642436362803,
  "adx_14": 0.002365226438269019,
  "bb_position_20d": 0.0076722845435142515,
  "bb_width_20d": 0.0012877044850029052,
  "bond_vol_regime": 0.0,
  "cboe_stress_composite": 0.003316477208863944,
  "cboe_stress_regime": 0.0,
  "claims_4wk_ma": 0.002612074324861169,
  "claims_percentile_52w": 0.0037754273740574717,
  "claims_regime": 0.00024597453302703797,
  "claims_velocity_4w": 0.0017704750294797122,
  "claims_velocity_zscore": 0.0014638543128967286,
  "claims_zscore_52w": 0.004773547663353384,
  "correlation_regime": 0.003541720699286088,
  "credit_quality_spread": 0.0018649873323738574,
  "credit_stress_composite": 0.0014218368683941661,
  "credit_vol_divergence": 0.0023483515018597246,
  "credit_vol_stress_composite": 0.004336928250268102,
  "credit_widening_regime": 0.0005005691855330952,
  "cross_asset_vol_cluster": 0.000462774456536863,
  "crude_oil_ret_10d": 0.002182288165204227,
  "crude_oil_ret_21d": 0.0018136034952476621,
  "crude_oil_ret_63d": 0.003161059180274606,
  "crude_oil_vol_21d": 0.0020477062789723277,
  "crude_oil_vol_21d_log": 0.003142243903130293,
  "crude_oil_zscore_63d": 0.00255349250510335,
  "day_of_month": 0.0018187594367191195,
  "day_of_week": 0.0012002052855677903,
  "days_in_regime": 0.002004061080515385,
  "equity_vol_corr_breakdown": 0.002073032548651099,
  "equity_vol_divergence": 0.0025048515060916545,
  "fin_stress_index": 0.00302320102637168,
  "gold_ret_10d": 0.0036386398132890463,
  "gold_ret_21d": 0.005417654057964683,
  "gold_ret_63d": 0.004575451835989952,
  "gold_spx_divergence": 0.004803226236253977,
  "hy_b_spread": 0.002300981036387384,
  "hy_b_velocity_21d": 0.0023904336849227548,
  "hy_bb_spread": 0.002382592222420499,
  "hy_bb_velocity_21d": 0.00174400731921196,
  "hy_ccc_spread": 0.001866825600154698,
  "hy_ccc_velocity_21d": 0.002046117701684125,
  "hy_spread": 0.0036851116456091404,
  "hy_velocity_21d": 0.0039879966527223585,
  "hy_zscore_252d": 0.004088034480810165,
  "ig_hy_spread": 0.0021582998568192126,
  "initial_claims": 0.004174251598306001,
  "is_earnings_heavy": 0.000269714929163456,
  "is_fomc_period": 0.0010769161250209435,
  "is_opex_week": 0.003191846050322056,
  "liquidity_regime": 0.0,
  "liquidity_stress_composite": 0.006798445899039507,
  "macd": 0.002489830832928419,
  "macd_histogram": 0.004081133613362908,
  "macd_signal": 0.0025902512948960065,
  "month": 0.0024254473013570533,
  "oil_term_regime": 0.0,
  "regime_change_flag": 4.3157138861715794e-05,
  "regime_distance_to_boundary": 0.002246306254528463,
  "regime_expected_return_5d": 0.04299428462982178,
  "regime_median_return_5d": 0.006400751322507859,
  "regime_prob_crisis": 0.0,
  "regime_prob_elevated": 0.00010326205519959331,
  "regime_prob_stay": 0.0,
  "regime_prob_up_5d": 0.0,
  "regime_return_std_5d": 0.0,
  "regime_spike_prob": 0.0006581627298146486,
  "regime_transition_risk": 0.002398870442993939,
  "regime_vol_of_vol": 0.0,
  "regime_within_regime_percentile": 0.0036823150236159562,
  "reversion_strength_21d": 0.0011976226000115276,
  "reversion_strength_63d": 0.010765463672578334,
  "risk_premium_extreme_low_252d": 0.0010339115746319295,
  "risk_premium_extreme_low_63d": 0.0002489971462637186,
  "risk_premium_ma21": 0.0038940675789490343,
  "risk_premium_percentile_126d": 0.0012652805191464723,
  "risk_premium_percentile_21d": 0.002995071979239583,
  "risk_premium_percentile_252d": 0.004359815875068307,
  "risk_premium_percentile_63d": 0.002665844839066267,
  "risk_premium_percentile_velocity": 0.0029105461202561856,
  "risk_premium_regime": 0.0007727410120423883,
  "risk_premium_velocity": 0.0023623929591849446,
  "risk_premium_zscore": 0.0024026098777540027,
  "rsi_14": 0.002377470419742167,
  "rsi_divergence": 0.0019489089725539088,
  "rsi_regime": 0.00011460655368864537,
  "skew_displacement": 0.0018459681421518325,
  "skew_regime": 0.0,
  "skew_vix_ratio": 0.003569207829423249,
  "skew_vs_vix": 0.0026035803370177747,
  "spx_body_size": 0.0021074922988191247,
  "spx_body_to_range": 0.001802793866954744,
  "spx_close_position": 0.0016721127787604928,
  "spx_gap": 0.0022829063469544052,
  "spx_gap_extreme_flag": 0.0011110119288787247,
  "spx_gap_magnitude": 0.0010010691767092794,
  "spx_gap_magnitude_extreme_flag": 0.002400905668037012,
  "spx_kurt_21d": 0.0018484277417883277,
  "spx_lag1": 0.0038160073105245828,
  "spx_lower_rejection": 0.001639637118205428,
  "spx_lower_shadow": 0.0019273920566774904,
  "spx_momentum_z_10d": 0.001968434650916606,
  "spx_momentum_z_21d": 0.0022699976339936256,
  "spx_range": 0.0022068379214033483,
  "spx_range_expansion": 0.002437903336249292,
  "spx_range_pct": 0.002003090362995863,
  "spx_realized_vol_10d": 0.0030123188626021147,
  "spx_realized_vol_21d": 0.0026847224216908216,
  "spx_realized_vol_21d_acceleration_5d": 0.002165551856160164,
  "spx_realized_vol_21d_log": 0.0025605426184483805,
  "spx_realized_vol_21d_velocity_3d": 0.0027683863881975412,
  "spx_realized_vol_63d": 0.003195952298119664,
  "spx_realized_vol_63d_x_regime_0": 0.0025992053095251324,
  "spx_realized_vol_63d_x_regime_1": 0.0049425478558987376,
  "spx_realized_vol_63d_x_regime_2": 0.006271159369498491,
  "spx_realized_vol_63d_x_regime_3": 0.00041925562545657157,
  "spx_ret_10d": 0.0029682335443794727,
  "spx_ret_1d": 0.0019123062025755643,
  "spx_ret_21d": 0.002561117918230593,
  "spx_ret_5d": 0.0027513970620930196,
  "spx_ret_5d_regime_adj": 0.002673558215610683,
  "spx_ret_63d": 0.0039047697093337773,
  "spx_skew_21d": 0.003281312296167016,
  "spx_upper_rejection": 0.0021005638875067232,
  "spx_upper_shadow": 0.0013729344122111798,
  "spx_vix_corr_126d": 0.00400608479976654,
  "spx_vix_corr_21d": 0.003451722185127437,
  "spx_vix_corr_63d": 0.0037159478291869164,
  "spx_vol_ratio_10_21": 0.002705230610445142,
  "spx_vol_ratio_10_63": 0.0030259737512096764,
  "spx_vs_ma20": 0.004924905207008124,
  "spx_vs_ma200": 0.004331053886562586,
  "spx_vs_ma50": 0.0029743289574980735,
  "stress_extreme": 0.0,
  "stress_regime": 0.0,
  "stress_velocity_4w": 0.0037737454753369094,
  "stress_zscore_52w": 0.003109069913625717,
  "time_in_regime_pct": 0.0032558235339820384,
  "trend_regime": 5.835245246998966e-05,
  "trend_strength": 0.0038880457170307635,
  "vix1m_vix3m_ratio": 0.003825785173103213,
  "vix3m_vix6m_ratio": 0.0027807239908725022,
  "vix_accel_5d": 0.0033395303413271903,
  "vix_accel_5d_extreme_flag": 0.0,
  "vix_bb_position_20d": 0.0032044520368799565,
  "vix_extreme_low_21d": 0.0008277453300252092,
  "vix_extreme_low_252d": 0.0,
  "vix_extreme_low_63d": 0.0,
  "vix_jerk_5d": 0.0023424703627824782,
  "vix_momentum_regime": 0.0,