{
  "correlation_threshold": 0.8531,
  "n_removed_correlation": 31,
  "n_samples": 2613,
  "n_selected": 96,
  "random_state": 42,
  "target_type": "compression",
  "top_10_features": [
    "vix_vs_ma63",
    "joint_regime_expected_return",
    "vix_percentile_126d",
    "vix_vs_ma21",
    "vix_velocity_5d_regime_adj",
    "vix_skew_joint_regime",
    "gold_zscore_63d",
    "vvix_velocity_10d",
    "vix_zscore_63d",
    "vix_vel_spx_rv_ratio"
  ],
  "top_10_importance": [
    0.06791057959198951,
    0.02751796185038984,
    0.01762352017685771,
    0.016155952913686634,
    0.013868305459618568,
    0.009642267599701881,
    0.009327172581106425,
    0.008973616291768849,
    0.008713924791663885,
    0.007703983969986439
  ],
  "top_n": 96
}