{
  "spx_lag1": 0.0012566508841700852,
  "vix_ret_1d": 0.0005448639276437461,
  "vix_ret_5d": 0.0030980145442299546,
  "vix_ret_10d": 0.0015580750186927617,
  "vix_ret_21d": 0.0012231842963956296,
  "vix_vol_10d": 0.003341011132579297,
  "vix_vol_21d": 0.0042011022567749025,
  "vix_vol_63d": 0.004964964697137475,
  "vix_velocity_5d": 0.01496673971414566,
  "vix_velocity_10d": 0.002866096491925418,
  "vix_velocity_21d": 0.003376417583785951,
  "vix_vs_ma10": 0.013846614025533199,
  "vix_vs_ma21": 0.006784946983680129,
  "vix_vs_ma63": 0.005566747952252626,
  "vix_vs_ma252": 0.0036346928216516973,
  "vix_zscore_21d": 0.0032064156141132115,
  "vix_zscore_63d": 0.0026739064254797996,
  "vix_zscore_252d": 0.008435576036572457,
  "vix_momentum_z_10d": 0.002213678369298577,
  "vix_momentum_z_21d": 0.0038541236659511923,
  "vix_accel_5d": 0.005948432814329862,
  "vix_stretch_ma21": 0.0032850035117007793,
  "vix_stretch_ma63": 0.0027353666024282574,
  "reversion_strength_21d": 0.003154070081654936,
  "reversion_strength_63d": 0.004692636965774,
  "vix_bb_position_20d": 0.0030643692007288337,
  "vix_extreme_low_21d": 0.00017487471923232077,
  "vix_regime": 0.00650110871065408,
  "days_in_regime": 0.017002838663756847,
  "regime_distance_to_boundary": 0.003397712437435985,
  "regime_within_regime_percentile": 0.0023812226019799708,
  "regime_change_flag": 0.0,
  "time_in_regime_pct": 0.0072087875567376615,
  "regime_expected_return_5d": 0.0,
  "regime_median_return_5d": 0.0,
  "regime_return_std_5d": 0.0,
  "regime_prob_up_5d": 0.0,
  "regime_vol_of_vol": 0.0,
  "regime_spike_prob": 0.0015833390993066133,
  "regime_prob_stay": 0.0,
  "regime_prob_crisis": 0.0,
  "regime_prob_elevated": 0.0027386884670704604,
  "spx_ret_1d": 0.0010276587097905576,
  "spx_ret_5d": 0.008099644584581256,
  "spx_ret_10d": 0.002175723877735436,
  "spx_ret_21d": 0.004069311590865254,
  "spx_ret_63d": 0.006139051401987672,
  "spx_vs_ma20": 0.004791958490386605,
  "spx_vs_ma50": 0.002513633470516652,
  "spx_vs_ma200": 0.004804073879495263,
  "spx_momentum_z_10d": 0.0033563274424523114,
  "spx_momentum_z_21d": 0.003977845003828406,
  "spx_realized_vol_10d": 0.004479283327236771,
  "spx_realized_vol_21d": 0.0066860362887382506,
  "spx_realized_vol_63d": 0.006865099910646677,
  "spx_vol_ratio_10_21": 0.0038080782163888217,
  "spx_vol_ratio_10_63": 0.009169466933235526,
  "spx_skew_21d": 0.003986902814358473,
  "spx_kurt_21d": 0.0035641714930534363,
  "bb_position_20d": 0.0044110278133302925,
  "bb_width_20d": 0.00432907606009394,
  "rsi_14": 0.003270667139440775,
  "rsi_regime": 6.946404464542865e-05,
  "rsi_divergence": 0.0032056048046797516,
  "macd": 0.0058857620460912585,
  "macd_signal": 0.00787442703731358,
  "macd_histogram": 0.0030945382080972196,
  "adx_14": 0.004320515925064683,
  "trend_strength": 0.004747997317463159,
  "spx_body_size": 0.001003335474524647,
  "spx_range": 0.0010483318590559065,
  "spx_range_pct": 0.0014886835822835564,
  "spx_upper_shadow": 0.0019089559093117714,
  "spx_lower_shadow": 0.0015838881256058813,
  "spx_close_position": 0.0023945481050759556,
  "spx_body_to_range": 0.0021675277268514035,
  "spx_gap": 0.0013695928937522694,
  "spx_gap_magnitude": 0.0015131572261452674,
  "spx_upper_rejection": 0.0009584843763150274,
  "spx_lower_rejection": 0.002907364466227591,
  "spx_range_expansion": 0.0018198126694187523,
  "spx_vix_corr_21d": 0.004359197663143277,
  "spx_vix_corr_63d": 0.0032592909410595894,
  "spx_vix_corr_126d": 0.004179132462013513,
  "vix_vs_rv_10d": 0.00885432781651616,
  "vix_rv_ratio_10d": 0.005235675256699324,
  "vix_vs_rv_21d": 0.008163093402981759,
  "vix_rv_ratio_21d": 0.0059032047167420386,
  "SKEW": 0.0017901367507874965,
  "skew_regime": 0.0,
  "skew_vs_vix": 0.0017642180901020765,
  "skew_vix_ratio": 0.004004679154604673,
  "skew_displacement": 0.0010777440387755633,
  "pc_equity_inst_divergence": 0.0012506572529673576,
  "pcc_accel_10d": 0.001585498545318842,
  "COR1M": 0.002102962927892804,
  "COR1M_change_21d": 0.0015606409637257458,
  "COR1M_zscore_63d": 0.00046572019928134976,
  "COR3M": 0.0005583215650403872,
  "COR3M_change_21d": 0.002214295696467161,
  "COR3M_zscore_63d": 0.0011223823297768832,
  "cor_term_structure": 0.0013950580731034278,
  "cor_term_slope_change_21d": 0.005010720621794462,
  "VXTH": 0.0029294300824403764,
  "VXTH_change_21d": 0.003479345142841339,
  "VXTH_zscore_63d": 0.0005905200261622668,
  "vxth_vix_ratio": 0.0010436158627271652,
  "VXTLT": 0.007884787395596504,
  "VXTLT_change_21d": 0.005218369467183947,
  "VXTLT_zscore_63d": 0.0037718913983553646,
  "VXTLT_velocity_10d": 0.004703699331730604,
  "VXTLT_acceleration_5d": 0.0027369050309062003,
  "bond_vol_regime": 0.0,
  "vxtlt_vix_ratio": 0.0034359488636255264,
  "vxtlt_vix_spread": 0.005982323200441897,
  "VXTLT_percentile_63d": 0.004763350845314563,
  "VXTLT_percentile_126d": 0.006232747831381858,
  "VXTLT_percentile_252d": 0.0033404334913939237,
  "VXTLT_vs_ma21": 0.0035495231859385967,
  "VXTLT_vs_ma63": 0.003918468672782183,
  "cboe_stress_composite": 0.0037448232877068223,
  "cboe_stress_regime": 0.0,
  "vx_contango_pct": 0.003201070474460721,
  "vx_contango_5d_change": 0.00060863490216434,
  "vx_contango_zscore": 0.0014783291146159172,
  "vx1_return_5d": 0.000973730650730431,
  "vx2_return_5d": 0.0002355577889829874,
  "vx_curve_2_1_ratio": 0.0,
  "vx_curve_3_2_ratio": 0.001603974960744381,
  "vx_curve_4_3_ratio": 0.003163390699774027,
  "vx_curve_steepness": 0.00620428342372179,
  "vx_oi_front_concentration": 0.0030434158630669116,
  "vx_oi_imbalance": 0.00473609184846282,
  "vx_oi_5d_change": 0.00122319795191288,
  "vx_oi_zscore_63d": 0.0007056900183670222,
  "vx_oi_surge": 0.0030083762016147376,
  "vx_churn_ratio": 0.00225980207324028,
  "vx_churn_zscore_63d": 0.0013925806619226933,
  "vx_roll_yield_annualized": 0.00597612801939249,
  "vx_roll_cost_5d": 0.0016552548855543136,
  "vx_roll_yield_zscore_63d": 0.0050286070443689825,
  "vx_momentum_5d": 0.0,
  "vx_momentum_zscore": 0.00036207286175340416,
  "CL1-CL2": 0.004669612995348871,
  "CL1-CL2_velocity_5d": 0.0026988207013346256,
  "CL1-CL2_zscore_63d": 0.00400573443621397,
  "oil_term_regime": 0.0,
  "crude_oil_ret_10d": 0.004746103659272194,
  "crude_oil_ret_21d": 0.0032853353302925827,
  "crude_oil_ret_63d": 0.008088105265051127,
  "crude_oil_vol_21d": 0.005250533390790224,
  "crude_oil_zscore_63d": 0.0073050229344517,
  "DX1-DX2": 0.001178217027336359,
  "DX1-DX2_velocity_5d": 0.0026781149907037618,
  "DX1-DX2_zscore_63d": 0.0029572116676717997,
  "dxy_ret_10d": 0.007042572647333145,
  "dxy_ret_21d": 0.003943082969635725,
  "dxy_ret_63d": 0.005442301649600268,
  "dxy_vs_ma50": 0.005222412524744868,
  "dxy_vs_ma200": 0.007000524876639247,
  "dxy_vol_21d": 0.003380341874435544,
  "dollar_crude_corr_21d": 0.0037605194840580223,
  "spx_dollar_corr_21d": 0.006344388565048575,
  "initial_claims": 0.006782237254083156,
  "claims_4wk_ma": 0.0048411276657134295,
  "claims_velocity_4w": 0.006399820512160659,
  "claims_zscore_52w": 0.006521192658692598,
  "claims_percentile_52w": 0.004087711265310645,
  "claims_regime": 0.0,
  "claims_velocity_zscore": 0.004419122729450465,
  "fin_stress_index": 0.006217627844307572,
  "stress_velocity_4w": 0.004106282442808151,
  "stress_zscore_52w": 0.0033162015723064544,
  "stress_extreme": 0.006482655555009842,
  "stress_regime": 0.0,
  "hy_spread": 0.00866737705655396,
  "hy_velocity_21d": 0.005026016058400274,
  "hy_zscore_252d": 0.009443153720349073,
  "hy_bb_spread": 0.004723104438744486,
  "hy_bb_velocity_21d": 0.008784301066771149,
  "hy_b_spread": 0.00428757481276989,
  "hy_b_velocity_21d": 0.005652154609560966,
  "hy_ccc_spread": 0.006248132383916527,
  "hy_ccc_velocity_21d": 0.004201311338692904,
  "credit_quality_spread": 0.007408931106328964,
  "credit_widening_regime": 0.0027909699827432634,
  "ig_hy_spread": 0.005870583513751626,
  "credit_stress_composite": 0.00989856692031026,
  "sofr": 0.0026840683072805404,