{
  "10y_vol_63d": 0.00293941639829427,
  "30y_vol_63d": 0.00413673697039485,
  "6m_vol_63d_fred": 0.005638670269399881,
  "CL1-CL2": 0.004416114231571555,
  "CL1-CL2_velocity_5d": 0.0036213842686265707,
  "CL1-CL2_zscore_63d": 0.0033977134618908165,
  "Gold_lag1": 0.0032624693820253016,
  "Gold_zscore_63d": 0.004357940563932061,
  "SKEW": 0.004624716285616159,
  "SKEW_extreme_low_252d": 0.0,
  "SKEW_extreme_low_63d": 0.0,
  "SKEW_jerk_5d": 0.0024108352605253457,
  "SKEW_momentum_regime": 0.0019383491948246957,
  "SKEW_percentile_126d": 0.004177169634931488,
  "SKEW_percentile_21d": 0.0016946414718404413,
  "SKEW_percentile_252d": 0.00315706143155694,
  "SKEW_percentile_63d": 0.0016495780553668737,
  "SKEW_percentile_velocity": 0.002501515066251159,
  "VX1-VX2": 0.0009482071734964847,
  "VX1-VX2_change_21d": 0.0006273619364947081,
  "VX1-VX2_percentile_63d": 0.0010263225063681602,
  "VX1-VX2_zscore_63d": 0.0,
  "VX2-VX1_RATIO": 0.0,
  "VX2-VX1_RATIO_velocity_10d": 0.0012199623044580222,
  "VXTH": 0.001484533865004778,
  "VXTH_change_21d": 0.0014429873088374733,
  "VXTH_zscore_63d": 0.002079714322462678,
  "VXTLT": 0.0015045365784317256,
  "VXTLT_acceleration_5d": 0.0011345126666128635,
  "VXTLT_change_21d": 0.002092413185164332,
  "VXTLT_percentile_126d": 0.002036070078611374,
  "VXTLT_percentile_252d": 0.0007452607620507479,
  "VXTLT_percentile_63d": 0.001944664027541876,
  "VXTLT_velocity_10d": 0.0012431107927113772,
  "VXTLT_vs_ma21": 0.0013565733563154936,
  "VXTLT_vs_ma63": 0.0012647509574890137,
  "VXTLT_zscore_63d": 0.0010320794768631457,
  "adx_14": 0.004568834090605378,
  "bb_position_20d": 0.0032182528637349607,
  "bb_width_20d": 0.003957834979519248,
  "bond_vol_regime": 0.0,
  "both_near_boundary_flag": 0.0,
  "both_regimes_changed_flag": 0.0,
  "cboe_stress_composite": 0.0017003814224153756,
  "cboe_stress_regime": 0.0,
  "claims_4wk_ma": 0.00426948256790638,
  "claims_percentile_52w": 0.0044637472368776795,
  "claims_regime": 0.0,
  "claims_velocity_4w": 0.004095284594222903,
  "claims_velocity_zscore": 0.00449145887978375,
  "claims_zscore_52w": 0.004361083125695586,
  "correlation_regime": 3.758319071494043e-05,
  "credit_quality_spread": 0.004271819489076734,
  "credit_stress_composite": 0.00500770858488977,
  "credit_vol_divergence": 0.0038089824374765158,
  "credit_vol_stress_composite": 0.004847287619486451,
  "credit_widening_regime": 0.0009986422024667262,
  "cross_asset_vol_cluster": 0.0004957265220582486,
  "crude_oil_ret_10d": 0.004544615978375077,
  "crude_oil_ret_21d": 0.0035765522159636022,
  "crude_oil_ret_63d": 0.005952654033899307,
  "crude_oil_vol_21d": 0.004890279332175851,
  "crude_oil_vol_21d_log": 0.0025594331789761783,
  "crude_oil_zscore_63d": 0.0045674561057239774,
  "day_of_month": 0.005861869268119335,
  "day_of_week": 0.0004227452096529305,
  "days_in_joint_regime": 0.0009738406166434288,
  "days_in_regime": 0.004692416824400425,
  "days_in_skew_regime": 0.004998352006077766,
  "equity_vol_corr_breakdown": 0.003833148116245866,
  "equity_vol_divergence": 0.0036126749590039255,
  "fin_stress_index": 0.004682719195261598,
  "gold_ret_10d": 0.004421062115579843,
  "gold_ret_21d": 0.005644472781568766,
  "gold_ret_63d": 0.004023771220818162,
  "gold_spx_divergence": 0.003305250406265259,
  "hy_b_spread": 0.005331935128197074,
  "hy_b_velocity_21d": 0.0043750558514148,
  "hy_bb_spread": 0.004553842172026634,
  "hy_bb_velocity_21d": 0.004203956900164485,
  "hy_ccc_spread": 0.0041651031468063595,
  "hy_ccc_velocity_21d": 0.002627553790807724,
  "hy_spread": 0.006829435285180807,
  "hy_velocity_21d": 0.004256004514172673,
  "hy_zscore_252d": 0.005021515768021345,
  "ig_hy_spread": 0.004184458148665726,
  "initial_claims": 0.0038340848870575426,
  "is_earnings_heavy": 0.0,
  "is_fomc_period": 0.0007956445449963212,
  "is_opex_week": 0.0,
  "joint_regime_change_flag": 0.0,
  "joint_regime_correlation": 0.0013076238334178924,
  "joint_regime_expected_return": 0.0014521163888275624,
  "joint_regime_frequency": 7.049500127322971e-05,
  "joint_regime_volatility": 0.0011366425082087518,
  "liquidity_regime": 0.0,
  "liquidity_stress_composite": 0.0021804187446832655,
  "macd": 0.003817274351604283,
  "macd_histogram": 0.0039110944606363775,
  "macd_signal": 0.0055747495498508215,
  "month": 0.007306598452851176,
  "oil_term_regime": 0.0,
  "regime_change_flag": 0.0,
  "regime_distance_to_boundary": 0.004196876147761941,
  "regime_expected_return_5d": 0.0,
  "regime_median_return_5d": 0.0,
  "regime_prob_crisis": 0.0,
  "regime_prob_elevated": 0.0,
  "regime_prob_stay": 0.0,
  "regime_prob_up_5d": 0.0,
  "regime_return_std_5d": 0.0,
  "regime_spike_prob": 0.0,
  "regime_transition_risk": 0.003512750705704093,
  "regime_vol_of_vol": 0.0,
  "regime_within_regime_percentile": 0.0029102252330631016,
  "reversion_strength_21d": 0.003970207809470594,
  "reversion_strength_63d": 0.005699371080845594,
  "risk_premium_extreme_low_252d": 0.0,
  "risk_premium_extreme_low_63d": 9.295298368670047e-05,
  "risk_premium_ma21": 0.004375210031867027,
  "risk_premium_percentile_126d": 0.00386167720425874,
  "risk_premium_percentile_21d": 0.003887612791731954,
  "risk_premium_percentile_252d": 0.005255374405533075,
  "risk_premium_percentile_63d": 0.0028554196702316403,
  "risk_premium_percentile_velocity": 0.003890081914141774,
  "risk_premium_regime": 0.0,
  "risk_premium_velocity": 0.004639820335432887,
  "risk_premium_zscore": 0.005298254825174808,
  "rsi_14": 0.006675596348941326,
  "rsi_divergence": 0.003116608923301101,
  "rsi_regime": 0.0,
  "skew_boundary_distance": 0.0035945416544564067,
  "skew_complacency_flag": 0.0,
  "skew_distance_to_boundary": 0.0016552848275750876,
  "skew_expected_5d_return": 0.0,
  "skew_extreme_tail_flag": 0.0,
  "skew_percentile_252d": 0.0033995337784290315,
  "skew_percentile_63d": 0.0029233218636363746,
  "skew_regime_behavior": 0.0,
  "skew_regime_change_flag": 0.0,
  "skew_regime_displacement": 0.003534193895757198,
  "skew_regime_numeric": 0.0,
  "skew_regime_transition_direction": 0.00045122448354959486,
  "skew_vix_ratio": 0.006899203080683947,
  "skew_vix_ratio_percentile_252d": 0.008968347869813442,
  "skew_vix_ratio_regime": 0.0016899753361940383,
  "skew_vix_ratio_velocity_10d": 0.002517264639027417,
  "skew_within_regime_zscore": 0.003410526039078832,
  "spx_body_size": 0.001778988027945161,
  "spx_body_to_range": 0.0019431085092946887,
  "spx_close_position": 0.0029157949378713966,
  "spx_gap": 0.002191873802803457,
  "spx_gap_extreme_flag": 0.0,
  "spx_gap_magnitude": 0.0024589371168985963,
  "spx_gap_magnitude_extreme_flag": 0.001873299153521657,
  "spx_kurt_21d": 0.004037970335048158,
  "spx_lag1": 0.004503057734109461,
  "spx_lower_rejection": 0.0012995671946555375,
  "spx_lower_shadow": 0.0016875790664926172,
  "spx_momentum_z_10d": 0.0024000851903110743,
  "spx_momentum_z_21d": 0.003338763886131346,
  "spx_range": 0.002341114729642868,
  "spx_range_expansion": 0.001402420931844972,
  "spx_range_pct": 0.0033738556317985057,
  "spx_realized_vol_10d": 0.004068952891975642,
  "spx_realized_vol_21d": 0.0057831363752484325,
  "spx_realized_vol_21d_acceleration_5d": 0.0040516859851777555,
  "spx_realized_vol_21d_log": 0.0,
  "spx_realized_vol_21d_velocity_3d": 0.0019003701396286487,
  "spx_realized_vol_63d": 0.003989848028868437,
  "spx_realized_vol_63d_x_regime_0": 0.004283266514539719,
  "spx_realized_vol_63d_x_regime_1": 0.005073783127591014,
  "spx_realized_vol_63d_x_regime_2": 0.0007144620176404715,
  "spx_realized_vol_63d_x_regime_3": 0.0010708102956414223,
  "spx_ret_10d": 0.003128513926640153,
  "spx_ret_1d": 0.0027359520667232574,
  "spx_ret_21d": 0.0036828562151640654,
  "spx_ret_5d": 0.006286845076829195,
  "spx_ret_5d_regime_adj": 0.0024354871828109028,
  "spx_ret_63d": 0.004262467799708247,
  "spx_skew_21d": 0.004934549564495683,
  "spx_upper_rejection": 0.0016368459560908376,
  "spx_upper_shadow": 0.0021858701948076487,
  "spx_vix_corr_126d": 0.00480696065351367,