{
  "spx_lag1": 0.001692177157383412,
  "vix_ret_1d": 0.001182034274097532,
  "vix_ret_5d": 0.0009205488488078118,
  "vix_ret_10d": 0.0009631333756260574,
  "vix_ret_21d": 0.0010357562161516399,
  "vix_vol_10d": 0.005098279938101769,
  "vix_vol_21d": 0.004016944451723248,
  "vix_vol_63d": 0.005770258419215679,
  "vix_velocity_5d": 0.0024295087438076734,
  "vix_velocity_10d": 0.0005999938264722004,
  "vix_velocity_21d": 0.005329914996400476,
  "vix_vs_ma10": 0.0038288106909021733,
  "vix_vs_ma21": 0.0028958335868082942,
  "vix_vs_ma63": 0.0025685957516543567,
  "vix_vs_ma252": 0.003976128151407465,
  "vix_zscore_21d": 0.0006641651278187055,
  "vix_zscore_63d": 0.0009127813042141497,
  "vix_zscore_252d": 0.0036647031549364327,
  "vix_momentum_z_10d": 0.001996219897409901,
  "vix_momentum_z_21d": 0.0021467452170327306,
  "vix_accel_5d": 0.0020998510997742416,
  "vix_stretch_ma21": 0.002942642371635884,
  "vix_stretch_ma63": 0.00214124204358086,
  "reversion_strength_21d": 0.0035323596675880253,
  "reversion_strength_63d": 0.0016722471453249454,
  "vix_bb_position_20d": 0.0014723326778039337,
  "vix_extreme_low_21d": 0.0003733897116035223,
  "vix_regime": 0.0,
  "days_in_regime": 0.01713805813342333,
  "regime_distance_to_boundary": 0.0039626008598133925,
  "regime_within_regime_percentile": 0.0032769886776804922,
  "regime_change_flag": 0.0,
  "time_in_regime_pct": 0.01870761616155505,
  "regime_expected_return_5d": 0.0,
  "regime_median_return_5d": 0.0,
  "regime_return_std_5d": 0.0,
  "regime_prob_up_5d": 0.0,
  "regime_vol_of_vol": 0.0,
  "regime_spike_prob": 0.004712219443172216,
  "regime_prob_stay": 0.0,
  "regime_prob_crisis": 0.0,
  "regime_prob_elevated": 0.0,
  "vix1m_vix3m_ratio": 0.0054133899044245485,
  "vix_term_slope_short": 0.0016394544451031833,
  "vix_term_slope_velocity_21d": 0.003731265943497419,
  "vix_term_ratio_zscore_63d": 0.0023641771054826676,
  "vix3m_vix6m_ratio": 0.0012878586479928345,
  "vix_term_slope_long": 0.003482782142236829,
  "vix_term_curvature": 0.0028307820670306683,
  "vix_term_curvature_zscore": 0.002672767313197255,
  "spx_ret_1d": 0.0015557708451524378,
  "spx_ret_5d": 0.0017551779863424599,
  "spx_ret_10d": 0.003495444729924202,
  "spx_ret_21d": 0.0029948871349915864,
  "spx_ret_63d": 0.005274647800251842,
  "spx_vs_ma20": 0.004054010240361094,
  "spx_vs_ma50": 0.005684211570769549,
  "spx_vs_ma200": 0.0041322069708257915,
  "spx_momentum_z_10d": 0.0033956262981519104,
  "spx_momentum_z_21d": 0.0020659656962379812,
  "spx_realized_vol_10d": 0.002646439417731017,
  "spx_realized_vol_21d": 0.0038277079351246358,
  "spx_realized_vol_63d": 0.004744703648611903,
  "spx_vol_ratio_10_21": 0.00531432218849659,
  "spx_vol_ratio_10_63": 0.010207724431529641,
  "spx_skew_21d": 0.0057951409835368395,
  "spx_kurt_21d": 0.0022476476384326815,
  "bb_position_20d": 0.0024929764214903114,
  "bb_width_20d": 0.005403691087849438,
  "rsi_14": 0.004823087784461677,
  "rsi_regime": 0.0,
  "rsi_divergence": 0.0027813201304525137,
  "macd": 0.00573598644696176,
  "macd_signal": 0.00568215639796108,
  "macd_histogram": 0.0027857985813170673,
  "adx_14": 0.003132867673411965,
  "trend_strength": 0.002160857617855072,
  "spx_body_size": 0.0034415490692481397,
  "spx_range": 0.0021438517374917864,
  "spx_range_pct": 0.0029166716150939463,
  "spx_upper_shadow": 0.0013086304534226656,
  "spx_lower_shadow": 0.003080779709853232,
  "spx_close_position": 0.002091360581107438,
  "spx_body_to_range": 0.0017838279949501158,
  "spx_gap": 0.001991960546001792,
  "spx_gap_magnitude": 0.0013703377451747655,
  "spx_upper_rejection": 0.0021208130987361074,
  "spx_lower_rejection": 0.0026594090275466444,
  "spx_range_expansion": 0.0018462495412677527,
  "spx_vix_corr_21d": 0.0035560181364417075,
  "spx_vix_corr_63d": 0.0032508386531844733,
  "spx_vix_corr_126d": 0.005032182647846639,
  "vix_vs_rv_10d": 0.0033391967765055595,
  "vix_rv_ratio_10d": 0.005042812274768949,
  "vix_vs_rv_21d": 0.0031642812304198743,
  "vix_rv_ratio_21d": 0.0038715835427865384,
  "SKEW": 0.0023022995330393313,
  "skew_regime": 0.0,
  "skew_vs_vix": 0.0009326658677309751,
  "skew_vix_ratio": 0.0010777613148093223,
  "skew_displacement": 0.0010002883384004236,
  "pc_equity_inst_divergence": 0.0006102612009271979,
  "pcc_accel_10d": 0.0015665323939174415,
  "COR1M": 0.0012527425773441792,
  "COR1M_change_21d": 0.002302008401602507,
  "COR1M_zscore_63d": 0.0015931323636323214,
  "COR3M": 0.0009154534200206399,
  "COR3M_change_21d": 0.0008231591433286667,
  "COR3M_zscore_63d": 0.002283064555376768,
  "cor_term_structure": 0.001388617092743516,
  "cor_term_slope_change_21d": 0.0019180692732334137,
  "VXTH": 0.003176327422261238,
  "VXTH_change_21d": 0.0033002118580043316,
  "VXTH_zscore_63d": 0.0024588200263679027,
  "vxth_vix_ratio": 0.0008638597093522549,
  "VXTLT": 0.003926677023991942,
  "VXTLT_change_21d": 0.0038485681405290963,
  "VXTLT_zscore_63d": 0.003184165107086301,
  "VXTLT_velocity_10d": 0.005505787394940853,
  "VXTLT_acceleration_5d": 0.0020577319897711276,
  "bond_vol_regime": 0.0,
  "vxtlt_vix_ratio": 0.002376150689087808,
  "vxtlt_vix_spread": 0.005972923582885414,
  "VXTLT_percentile_63d": 0.0015673811780288816,
  "VXTLT_percentile_126d": 0.004203583532944322,
  "VXTLT_percentile_252d": 0.0027379589853808286,
  "VXTLT_vs_ma21": 0.005455409502610564,
  "VXTLT_vs_ma63": 0.0035487548215314747,
  "cboe_stress_composite": 0.0022398601286113262,
  "cboe_stress_regime": 0.0,
  "vx_contango_pct": 0.00037963141221553087,
  "vx_contango_5d_change": 0.0011602382641285659,
  "vx_contango_zscore": 0.005462146969512105,
  "vx1_return_5d": 0.0008214097819291055,
  "vx2_return_5d": 0.0012030971935018896,
  "vx_curve_2_1_ratio": 0.0,
  "vx_curve_3_2_ratio": 0.0006751354550942779,
  "vx_curve_4_3_ratio": 0.0016044677933678031,
  "vx_curve_steepness": 0.00013339911820366978,
  "vx_oi_front_concentration": 0.002200322039425373,
  "vx_oi_imbalance": 0.0010010993108153343,
  "vx_oi_5d_change": 0.0027961144922301175,
  "vx_oi_zscore_63d": 0.002241687849164009,
  "vx_oi_surge": 0.01137473126873374,
  "vx_churn_ratio": 0.0002616202778881416,
  "vx_churn_zscore_63d": 0.0015833787154406309,
  "vx_roll_yield_annualized": 0.0039061799645423887,
  "vx_roll_cost_5d": 0.0,
  "vx_roll_yield_zscore_63d": 0.0035629048012197017,
  "vx_momentum_5d": 0.004462012276053429,
  "vx_momentum_zscore": 0.004606395051814616,
  "CL1-CL2": 0.002598611044231802,
  "CL1-CL2_velocity_5d": 0.001734269829466939,
  "CL1-CL2_zscore_63d": 0.00437267329543829,
  "oil_term_regime": 0.0,
  "crude_oil_ret_10d": 0.002390280505642295,
  "crude_oil_ret_21d": 0.004362136940471828,
  "crude_oil_ret_63d": 0.004830785281956196,
  "crude_oil_vol_21d": 0.001554362109163776,
  "crude_oil_zscore_63d": 0.0026652806671336295,
  "DX1-DX2": 0.0025330478791147472,
  "DX1-DX2_velocity_5d": 0.0017256040824577211,
  "DX1-DX2_zscore_63d": 0.002302925148978829,
  "dxy_ret_10d": 0.0041369203012436625,
  "dxy_ret_21d": 0.005539770051836967,
  "dxy_ret_63d": 0.00873139314353466,
  "dxy_vs_ma50": 0.0037370620761066676,
  "dxy_vs_ma200": 0.007344770291820168,
  "dxy_vol_21d": 0.005750070931389928,
  "dollar_crude_corr_21d": 0.0025920883053913713,
  "spx_dollar_corr_21d": 0.003005729475989938,
  "initial_claims": 0.00424985233694315,
  "claims_4wk_ma": 0.004280976252630353,
  "claims_velocity_4w": 0.004216391686350107,
  "claims_zscore_52w": 0.002466853684745729,
  "claims_percentile_52w": 0.0053150028921663765,
  "claims_regime": 0.0,
  "claims_velocity_zscore": 0.002827387233264744,
  "fin_stress_index": 0.017873520497232676,
  "stress_velocity_4w": 0.0022248703404329716,
  "stress_zscore_52w": 0.0033892408246174455,
  "stress_extreme": 0.0,
  "stress_regime": 0.0,
  "hy_spread": 0.013015507999807597,
  "hy_velocity_21d": 0.012586414293036797,
  "hy_zscore_252d": 0.004747778316959739,
  "hy_bb_spread": 0.007416799408383667,
  "hy_bb_velocity_21d": 0.00956998411566019,
  "hy_b_spread": 0.005533066485077143,