{
  "10y_vol_63d": 0.004443219723179936,
  "30y_vol_63d": 0.004482073290273547,
  "6m_vol_63d_fred": 0.005735884699970484,
  "CL1-CL2": 0.004761559050530195,
  "CL1-CL2_velocity_5d": 0.002799078356474638,
  "CL1-CL2_zscore_63d": 0.0032294006552547215,
  "COR1M": 0.0011286008171737193,
  "COR1M_change_21d": 0.001023195218294859,
  "COR1M_zscore_63d": 0.0012741032987833023,
  "COR3M": 0.0010316660394892097,
  "COR3M_change_21d": 0.0011411885265260936,
  "COR3M_zscore_63d": 0.0007391344523057341,
  "DX1-DX2": 0.0023221257608383892,
  "DX1-DX2_velocity_5d": 0.002603823505342007,
  "DX1-DX2_zscore_63d": 0.0027082243002951147,
  "SKEW": 0.0010874634841457008,
  "SKEW_extreme_low_252d": 0.0,
  "SKEW_extreme_low_63d": 0.0008394109085202217,
  "SKEW_jerk_5d": 0.0012157181743532419,
  "SKEW_momentum_regime": 0.0005849449429661035,
  "SKEW_percentile_126d": 0.0011529195588082075,
  "SKEW_percentile_21d": 0.0010998673271387816,
  "SKEW_percentile_252d": 0.0010573400417342783,
  "SKEW_percentile_63d": 0.000995788536965847,
  "SKEW_percentile_velocity": 0.0012013998115435244,
  "VXTH": 0.0013214323902502657,
  "VXTH_change_21d": 0.0010380543302744628,
  "VXTH_zscore_63d": 0.0008252418832853436,
  "VXTLT": 0.003618848556652665,
  "VXTLT_acceleration_5d": 0.0029817863367497923,
  "VXTLT_change_21d": 0.0032235880382359026,
  "VXTLT_percentile_126d": 0.0028796368278563023,
  "VXTLT_percentile_252d": 0.00286607975140214,
  "VXTLT_percentile_63d": 0.003940540319308639,
  "VXTLT_velocity_10d": 0.003798162844032049,
  "VXTLT_vs_ma21": 0.002756930678151548,
  "VXTLT_vs_ma63": 0.004183003725484013,
  "VXTLT_zscore_63d": 0.0032500878907740114,
  "adx_14": 0.0040200946386903524,
  "bb_position_20d": 0.0029710581293329597,
  "bb_width_20d": 0.003698026528581977,
  "bond_vol_regime": 0.0005171184428036212,
  "cboe_stress_composite": 0.0030440598260611297,
  "cboe_stress_regime": 0.0,
  "claims_4wk_ma": 0.005003672279417515,
  "claims_percentile_52w": 0.003611028892919421,
  "claims_regime": 0.0018142636865377427,
  "claims_velocity_4w": 0.0028595755342394114,
  "claims_velocity_zscore": 0.0036714380607008935,
  "claims_zscore_52w": 0.004793508118018508,
  "cor_term_slope_change_21d": 0.0014533248730003833,
  "cor_term_structure": 0.001201240299269557,
  "correlation_regime": 0.0,
  "credit_quality_spread": 0.0034793262369930745,
  "credit_stress_composite": 0.0037690892815589903,
  "credit_vol_divergence": 0.0034864413551986217,
  "credit_vol_stress_composite": 0.003972724033519626,
  "credit_widening_regime": 0.0009571272414177657,
  "cross_asset_vol_cluster": 0.0013791522942483425,
  "crude_oil_ret_10d": 0.0050538375973701475,
  "crude_oil_ret_21d": 0.003347358061000705,
  "crude_oil_ret_63d": 0.005184129485860467,
  "crude_oil_vol_21d": 0.0034058738965541124,
  "crude_oil_vol_21d_log": 0.005579118290916086,
  "crude_oil_zscore_63d": 0.00429236451163888,
  "day_of_month": 0.004986293241381645,
  "day_of_week": 0.0017479027388617395,
  "days_in_regime": 0.004816318023949861,
  "dollar_crude_corr_21d": 0.002963796118274331,
  "dxy_ret_10d": 0.005297375191003084,
  "dxy_ret_21d": 0.0036274148151278496,
  "dxy_ret_63d": 0.004501837445423007,
  "dxy_vol_21d": 0.0038132401648908855,
  "dxy_vol_21d_log": 0.003324581845663488,
  "dxy_vs_ma200": 0.0042842008173465725,
  "dxy_vs_ma50": 0.0049012051429599525,
  "equity_vol_corr_breakdown": 0.003197911661118269,
  "equity_vol_divergence": 0.0027192731387913225,
  "fin_stress_index": 0.003537556156516075,
  "gold_spx_divergence": 0.0029829604551196097,
  "hy_b_spread": 0.005428463593125344,
  "hy_b_velocity_21d": 0.004048929270356894,
  "hy_bb_spread": 0.0035019419621676205,
  "hy_bb_velocity_21d": 0.004344776505604386,
  "hy_ccc_spread": 0.004702925309538841,
  "hy_ccc_velocity_21d": 0.0029315801803022623,
  "hy_spread": 0.007642577402293682,
  "hy_velocity_21d": 0.004773240676149726,
  "hy_zscore_252d": 0.004448804585263133,
  "ig_hy_spread": 0.003841760102659464,
  "initial_claims": 0.004124025395140052,
  "is_earnings_heavy": 0.00031325877644121646,
  "is_fomc_period": 0.0014072999154450371,
  "is_opex_week": 0.002174796914914623,
  "liquidity_regime": 0.0015527560142800211,
  "liquidity_stress_composite": 0.004738750541582704,
  "macd": 0.0027643606066703797,
  "macd_histogram": 0.003760418063029647,
  "macd_signal": 0.005750162713229656,
  "month": 0.005382717214524746,
  "oil_term_regime": 0.0032351955771446226,
  "pc_equity_inst_divergence": 0.0010945501504465937,
  "pcc_accel_10d": 0.0013360078912228346,
  "regime_change_flag": 0.0006050284020602704,
  "regime_distance_to_boundary": 0.003482626145705581,
  "regime_expected_return_5d": 0.0,
  "regime_median_return_5d": 0.0,
  "regime_prob_crisis": 0.0,
  "regime_prob_elevated": 0.0008359525352716445,
  "regime_prob_stay": 0.0,
  "regime_prob_up_5d": 0.0,
  "regime_return_std_5d": 0.0,
  "regime_spike_prob": 0.0,
  "regime_transition_risk": 0.002464187750592828,
  "regime_vol_of_vol": 0.0,
  "regime_within_regime_percentile": 0.0035260645672678947,
  "reversion_strength_21d": 0.003685918706469238,
  "reversion_strength_63d": 0.004310945654287935,
  "risk_premium_extreme_low_252d": 0.001497054286301136,
  "risk_premium_extreme_low_63d": 0.0014512807596474887,
  "risk_premium_ma21": 0.003957390366122126,
  "risk_premium_percentile_126d": 0.004124833177775145,
  "risk_premium_percentile_21d": 0.002584692370146513,
  "risk_premium_percentile_252d": 0.0041947529651224615,
  "risk_premium_percentile_63d": 0.0044326086062937975,
  "risk_premium_percentile_velocity": 0.003067630110308528,
  "risk_premium_regime": 0.0008571558631956577,
  "risk_premium_velocity": 0.0043192170560359955,
  "risk_premium_zscore": 0.004833024321123957,
  "rsi_14": 0.00677503077313304,
  "rsi_divergence": 0.0034854667726904156,
  "rsi_regime": 0.0,
  "skew_displacement": 0.0011906612198799849,
  "skew_regime": 0.0,
  "skew_vix_ratio": 0.0015538197476416826,
  "skew_vs_vix": 0.0010684975422918797,
  "spx_body_size": 0.0020314545137807725,
  "spx_body_to_range": 0.0024665835546329616,
  "spx_close_position": 0.002682616002857685,
  "spx_dollar_corr_21d": 0.003238639747723937,
  "spx_gap": 0.0022291143191978335,
  "spx_gap_extreme_flag": 0.0005215601762756705,
  "spx_gap_magnitude": 0.00217237746110186,
  "spx_gap_magnitude_extreme_flag": 0.0014760804129764437,
  "spx_kurt_21d": 0.00379298678599298,
  "spx_lag1": 0.0038068267749622464,
  "spx_lower_rejection": 0.002187438844703138,
  "spx_lower_shadow": 0.0024550738744437695,
  "spx_momentum_z_10d": 0.0026102104224264623,
  "spx_momentum_z_21d": 0.004062261572107673,
  "spx_range": 0.002548525505699217,
  "spx_range_expansion": 0.0024540677666664125,
  "spx_range_pct": 0.0034235107712447645,
  "spx_realized_vol_10d": 0.0031392637407407164,
  "spx_realized_vol_21d": 0.004753124341368676,
  "spx_realized_vol_21d_acceleration_5d": 0.0029684471897780894,
  "spx_realized_vol_21d_log": 0.006300112511962652,
  "spx_realized_vol_21d_velocity_3d": 0.002920733066275716,
  "spx_realized_vol_63d": 0.004179161693900824,
  "spx_realized_vol_63d_x_regime_0": 0.004109101975336671,
  "spx_realized_vol_63d_x_regime_1": 0.003074588580057025,
  "spx_realized_vol_63d_x_regime_2": 0.0018345359247177839,
  "spx_realized_vol_63d_x_regime_3": 0.0033196765463799236,
  "spx_ret_10d": 0.0035873917397111653,
  "spx_ret_1d": 0.0029967754147946835,
  "spx_ret_21d": 0.004642298119142652,
  "spx_ret_5d": 0.004636071855202317,
  "spx_ret_5d_regime_adj": 0.0030722126830369234,
  "spx_ret_63d": 0.004025747580453753,
  "spx_skew_21d": 0.005004418548196554,
  "spx_upper_rejection": 0.002258335310034454,
  "spx_upper_shadow": 0.0021698775235563517,
  "spx_vix_corr_126d": 0.003930396726354956,
  "spx_vix_corr_21d": 0.004099139245226979,
  "spx_vix_corr_63d": 0.003975135087966919,
  "spx_vol_ratio_10_21": 0.0038326350040733814,
  "spx_vol_ratio_10_63": 0.003460684744641185,
  "spx_vs_ma20": 0.003524926770478487,
  "spx_vs_ma200": 0.003998824208974838,
  "spx_vs_ma50": 0.0036025923676788808,