{
  "spx_lag1": 0.003311417088843882,
  "vix_ret_1d": 0.0006293136539170519,
  "vix_ret_5d": 0.0018120542750693857,
  "vix_ret_10d": 0.0024449068296235055,
  "vix_ret_21d": 0.0020704694325104356,
  "vix_vol_10d": 0.004661093791946768,
  "vix_vol_21d": 0.004065317008644343,
  "vix_vol_63d": 0.00535241374745965,
  "vix_velocity_5d": 0.0046486522289342245,
  "vix_velocity_10d": 0.0035871136467903854,
  "vix_velocity_21d": 0.0038661627564579248,
  "vix_vs_ma10": 0.01517535662278533,
  "vix_vs_ma21": 0.0033992867451161147,
  "vix_vs_ma63": 0.004838873306289316,
  "vix_vs_ma252": 0.006363940658047795,
  "vix_zscore_21d": 0.0024065808858722447,
  "vix_zscore_63d": 0.0054322189651429655,
  "vix_zscore_252d": 0.006177858728915453,
  "vix_momentum_z_10d": 0.004385201529657934,
  "vix_momentum_z_21d": 0.0024302706704474987,
  "vix_accel_5d": 0.004184055421501398,
  "vix_stretch_ma21": 0.0020764322369359435,
  "vix_stretch_ma63": 0.004118821490556002,
  "reversion_strength_21d": 0.0030252573895268144,
  "reversion_strength_63d": 0.004243944713380188,
  "vix_bb_position_20d": 0.004382109129801392,
  "vix_extreme_low_21d": 0.0,
  "vix_regime": 0.000659847492352128,
  "days_in_regime": 0.010093531478196383,
  "regime_distance_to_boundary": 0.0026766796130687,
  "regime_within_regime_percentile": 0.0023062457679770888,
  "regime_change_flag": 0.0,
  "time_in_regime_pct": 0.008465892914682627,
  "regime_expected_return_5d": 0.0,
  "regime_median_return_5d": 0.0,
  "regime_return_std_5d": 0.0,
  "regime_prob_up_5d": 0.0,
  "regime_vol_of_vol": 0.0,
  "regime_spike_prob": 0.003004302829504013,
  "regime_prob_stay": 0.0,
  "regime_prob_crisis": 0.0,
  "regime_prob_elevated": 0.0,
  "vix1m_vix3m_ratio": 0.0038026161259040237,
  "vix_term_slope_short": 0.005968923633918166,
  "vix_term_slope_velocity_21d": 0.0024641780881211163,
  "vix_term_ratio_zscore_63d": 0.00434876000508666,
  "vix3m_vix6m_ratio": 0.0035785721614956857,
  "vix_term_slope_long": 0.0038509149104356765,
  "vix_term_curvature": 0.0009013376664370298,
  "vix_term_curvature_zscore": 0.00339703569188714,
  "spx_ret_1d": 0.0006919688486959786,
  "spx_ret_5d": 0.008120140340179206,
  "spx_ret_10d": 0.0022759140469133855,
  "spx_ret_21d": 0.003131276916246861,
  "spx_ret_63d": 0.004464695509523153,
  "spx_vs_ma20": 0.007167595927603543,
  "spx_vs_ma50": 0.0020916350185871124,
  "spx_vs_ma200": 0.006096410495229065,
  "spx_momentum_z_10d": 0.0019830460543744264,
  "spx_momentum_z_21d": 0.0036003296729177235,
  "spx_realized_vol_10d": 0.002135918755084276,
  "spx_realized_vol_21d": 0.00438822042196989,
  "spx_realized_vol_63d": 0.004206312028691173,
  "spx_vol_ratio_10_21": 0.0033197581069543958,
  "spx_vol_ratio_10_63": 0.006590690463781357,
  "spx_skew_21d": 0.003332730021793395,
  "spx_kurt_21d": 0.003260128409601748,
  "bb_position_20d": 0.001915211300365627,
  "bb_width_20d": 0.0063995661213994024,
  "rsi_14": 0.0031576405046507714,
  "rsi_regime": 0.0009524041321128607,
  "rsi_divergence": 0.0033917967695742844,
  "macd": 0.005147973401471972,
  "macd_signal": 0.005539438733831048,
  "macd_histogram": 0.002201856762985699,
  "adx_14": 0.004617663007229567,
  "trend_strength": 0.0038072862196713688,
  "spx_body_size": 0.0006579772569239139,
  "spx_range": 0.0017011923948302865,
  "spx_range_pct": 0.0014806764433160425,
  "spx_upper_shadow": 0.0016340690082870424,
  "spx_lower_shadow": 0.001982462452724576,
  "spx_close_position": 0.002816464751958847,
  "spx_body_to_range": 0.0011956502217799424,
  "spx_gap": 0.0018698139116168021,
  "spx_gap_magnitude": 0.0013974321889691054,
  "spx_upper_rejection": 0.001102841249667108,
  "spx_lower_rejection": 0.0012502289144322276,
  "spx_range_expansion": 0.000457799865398556,
  "spx_vix_corr_21d": 0.003382457699626684,
  "spx_vix_corr_63d": 0.004381080530583859,
  "spx_vix_corr_126d": 0.004308840818703174,
  "vix_vs_rv_10d": 0.005123547278344631,
  "vix_rv_ratio_10d": 0.005165511509403586,
  "vix_vs_rv_21d": 0.0059353956952691075,
  "vix_rv_ratio_21d": 0.004781842743977904,
  "SKEW": 0.0005083255935460329,
  "skew_regime": 0.0,
  "skew_vs_vix": 0.0018275723792612552,
  "skew_vix_ratio": 0.0004933731164783239,
  "skew_displacement": 0.0019909840077161787,
  "pc_equity_inst_divergence": 0.000349388993345201,
  "pcc_accel_10d": 0.0009254425065591931,
  "COR1M": 0.0027427448891103267,
  "COR1M_change_21d": 0.000505007104948163,
  "COR1M_zscore_63d": 0.0004836767911911011,
  "COR3M": 0.002135786833241582,
  "COR3M_change_21d": 0.0007960829185321927,
  "COR3M_zscore_63d": 0.0015124199446290732,
  "cor_term_structure": 0.0011608425993472338,
  "cor_term_slope_change_21d": 0.0009031497407704592,
  "VXTH": 0.002280575595796108,
  "VXTH_change_21d": 0.0016949324868619441,
  "VXTH_zscore_63d": 0.0004737344104796648,
  "vxth_vix_ratio": 0.0013602991588413716,
  "VXTLT": 0.005463634850457311,
  "VXTLT_change_21d": 0.0027662925189360977,
  "VXTLT_zscore_63d": 0.0029934736900031566,
  "VXTLT_velocity_10d": 0.0038595716003328564,
  "VXTLT_acceleration_5d": 0.002361497120000422,
  "bond_vol_regime": 0.0015733771026134491,
  "vxtlt_vix_ratio": 0.003996229264885187,
  "vxtlt_vix_spread": 0.004509898042306304,
  "VXTLT_percentile_63d": 0.003898409055545926,
  "VXTLT_percentile_126d": 0.010495648626238108,
  "VXTLT_percentile_252d": 0.0036717501468956472,
  "VXTLT_vs_ma21": 0.004122065915726125,
  "VXTLT_vs_ma63": 0.006781996414065361,
  "cboe_stress_composite": 0.005511020962148905,
  "cboe_stress_regime": 0.0,
  "vx_contango_pct": 0.005552319437265396,
  "vx_contango_5d_change": 0.0013125848956406117,
  "vx_contango_zscore": 0.0005840535741299391,
  "vx1_return_5d": 0.0007146468153223396,
  "vx2_return_5d": 0.0,
  "vx_curve_2_1_ratio": 0.0,
  "vx_curve_3_2_ratio": 0.0023027766263112428,
  "vx_curve_4_3_ratio": 0.001601653080433607,
  "vx_curve_steepness": 0.0042521386640146375,
  "vx_oi_front_concentration": 0.001474541425704956,
  "vx_oi_imbalance": 0.0,
  "vx_oi_5d_change": 0.0027274376712739467,
  "vx_oi_zscore_63d": 0.0015398207353428007,
  "vx_oi_surge": 0.000816931389272213,
  "vx_churn_ratio": 0.0031654292717576025,
  "vx_churn_zscore_63d": 0.0010983878746628761,
  "vx_roll_yield_annualized": 0.0029765694867819547,
  "vx_roll_cost_5d": 0.0001436864957213402,
  "vx_roll_yield_zscore_63d": 0.0024746085051447152,
  "vx_momentum_5d": 0.0003070374485105276,
  "vx_momentum_zscore": 0.0005723552429117262,
  "CL1-CL2": 0.004422988463193178,
  "CL1-CL2_velocity_5d": 0.002981006517075002,
  "CL1-CL2_zscore_63d": 0.0031786441802978517,
  "oil_term_regime": 0.0,
  "crude_oil_ret_10d": 0.0038896981393918397,
  "crude_oil_ret_21d": 0.004757637483999133,
  "crude_oil_ret_63d": 0.007512831594794989,
  "crude_oil_vol_21d": 0.0033018938964232804,
  "crude_oil_zscore_63d": 0.0030204275506548585,
  "DX1-DX2": 0.0017395885311998426,
  "DX1-DX2_velocity_5d": 0.003079578117467463,
  "DX1-DX2_zscore_63d": 0.0025024467147886755,
  "dxy_ret_10d": 0.00503237135708332,
  "dxy_ret_21d": 0.0028697521658614276,
  "dxy_ret_63d": 0.0034885416738688947,
  "dxy_vs_ma50": 0.003620099276304245,
  "dxy_vs_ma200": 0.0051431909669190645,
  "dxy_vol_21d": 0.005946063797455281,
  "dollar_crude_corr_21d": 0.002547846781089902,
  "spx_dollar_corr_21d": 0.0034481479786336424,
  "initial_claims": 0.0048262570053339005,
  "claims_4wk_ma": 0.005805958388373255,
  "claims_velocity_4w": 0.004562924848869443,
  "claims_zscore_52w": 0.0036476111505180596,
  "claims_percentile_52w": 0.0024938602466136215,
  "claims_regime": 0.0,
  "claims_velocity_zscore": 0.004493916593492031,
  "fin_stress_index": 0.005243548378348351,
  "stress_velocity_4w": 0.0030338747426867487,
  "stress_zscore_52w": 0.002825963404029608,
  "stress_extreme": 0.00033029387705028055,
  "stress_regime": 0.0,
  "hy_spread": 0.006156196631491184,
  "hy_velocity_21d": 0.004399936564732343,
  "hy_zscore_252d": 0.005966644128784537,
  "hy_bb_spread": 0.004205187223851681,
  "hy_bb_velocity_21d": 0.0037411874160170554,
  "hy_b_spread": 0.004755149979609996,