{
  "correlation_threshold": 0.9,
  "n_removed_correlation": 7,
  "n_samples": 2246,
  "n_selected": 35,
  "random_state": 42,
  "target_type": "expansion",
  "top_10_features": [
    "days_in_regime",
    "vix_percentile_126d",
    "fin_stress_index",
    "dxy_vs_ma63",
    "vx_spread_x_vix_expiry",
    "hy_velocity_21d",
    "vx_oi_5d_change",
    "copper_ret_63d",
    "yield_10y3m_inversion_depth",
    "hy_spread"
  ],
  "top_10_importance": [
    0.017683215718716384,
    0.012596988771110772,
    0.010181974433362485,
    0.009170990297570824,
    0.008964842837303876,
    0.008510559820570052,
    0.007896233536303043,
    0.007650188379921019,
    0.007564634969457984,
    0.0074281163280829786
  ],
  "top_n": 35
}