{
  "spx_lag1": 0.004902659356594086,
  "vix_ret_1d": 0.0024705969262868166,
  "vix_ret_5d": 0.0037879141978919505,
  "vix_ret_10d": 0.003868463449180126,
  "vix_ret_21d": 0.003313997574150562,
  "vix_vol_10d": 0.004058527993038297,
  "vix_vol_21d": 0.0041416996158659455,
  "vix_vol_63d": 0.0049337632022798065,
  "vix_velocity_5d": 0.0060038606636226175,
  "vix_velocity_10d": 0.0064517918042838575,
  "vix_velocity_21d": 0.0034680172801017763,
  "vix_vs_ma10": 0.009512373898178338,
  "vix_vs_ma21": 0.004183473251760006,
  "vix_vs_ma63": 0.006715424451977014,
  "vix_vs_ma252": 0.004643756384029985,
  "vix_zscore_21d": 0.004944171803072095,
  "vix_zscore_63d": 0.0047429942060261965,
  "vix_zscore_252d": 0.008523557242006064,
  "vix_momentum_z_10d": 0.004486670577898621,
  "vix_momentum_z_21d": 0.005348806455731392,
  "vix_accel_5d": 0.004884538752958178,
  "vix_stretch_ma21": 0.005644476227462292,
  "vix_stretch_ma63": 0.004048471804708242,
  "reversion_strength_21d": 0.004660858539864421,
  "reversion_strength_63d": 0.005880226800218225,
  "vix_bb_position_20d": 0.004688152112066746,
  "vix_extreme_low_21d": 0.003557221591472626,
  "vix_regime": 0.0025284983217716216,
  "days_in_regime": 0.006809693481773138,
  "regime_distance_to_boundary": 0.004260459914803505,
  "regime_within_regime_percentile": 0.0037236085860058664,
  "regime_change_flag": 0.0005077992100268602,
  "time_in_regime_pct": 0.004928503197152168,
  "regime_expected_return_5d": 0.0005816867109388113,
  "regime_median_return_5d": 0.0008593807928264141,
  "regime_return_std_5d": 0.0,
  "regime_prob_up_5d": 0.0,
  "regime_vol_of_vol": 0.0,
  "regime_spike_prob": 0.0035274564288556576,
  "regime_prob_stay": 0.0,
  "regime_prob_crisis": 0.0,
  "regime_prob_elevated": 0.00044529149308800695,
  "spx_ret_1d": 0.0029528075829148293,
  "spx_ret_5d": 0.0053830522345379,
  "spx_ret_10d": 0.004910746170207858,
  "spx_ret_21d": 0.002970472117885947,
  "spx_ret_63d": 0.005193086434155702,
  "spx_vs_ma20": 0.004243895225226879,
  "spx_vs_ma50": 0.006461063027381897,
  "spx_vs_ma200": 0.006235501542687416,
  "spx_momentum_z_10d": 0.004405885934829712,
  "spx_momentum_z_21d": 0.004726770240813494,
  "spx_realized_vol_10d": 0.0046328771859407425,
  "spx_realized_vol_21d": 0.005238095717504621,
  "spx_realized_vol_63d": 0.006390894623473286,
  "spx_vol_ratio_10_21": 0.004384720558300614,
  "spx_vol_ratio_10_63": 0.005145484441891312,
  "spx_skew_21d": 0.004463447909802199,
  "spx_kurt_21d": 0.004125609202310443,
  "bb_position_20d": 0.003960974747315049,
  "bb_width_20d": 0.004254283849149942,
  "rsi_14": 0.006057279976084828,
  "rsi_regime": 0.0021889083087444305,
  "rsi_divergence": 0.004048964474350214,
  "macd": 0.00657361289486289,
  "macd_signal": 0.0049088610336184505,
  "macd_histogram": 0.004806607076898217,
  "adx_14": 0.004844411928206682,
  "trend_strength": 0.005246536387130618,
  "spx_body_size": 0.0033244263380765916,
  "spx_range": 0.003552905982360244,
  "spx_range_pct": 0.004383346764370799,
  "spx_upper_shadow": 0.0032502053305506705,
  "spx_lower_shadow": 0.0032995173707604407,
  "spx_close_position": 0.0037974508944898845,
  "spx_body_to_range": 0.0027046285569667814,
  "spx_gap": 0.0038971993140876292,
  "spx_gap_magnitude": 0.0036734576802700757,
  "spx_upper_rejection": 0.0023559366818517447,
  "spx_lower_rejection": 0.0028147911187261345,
  "spx_range_expansion": 0.0033398695290088654,
  "spx_vix_corr_21d": 0.003495318302884698,
  "spx_vix_corr_63d": 0.005125729087740183,
  "spx_vix_corr_126d": 0.004295864561572671,
  "vix_vs_rv_10d": 0.004406296694651246,
  "vix_rv_ratio_10d": 0.004670825507491827,
  "vix_vs_rv_21d": 0.0047567799687385556,
  "vix_rv_ratio_21d": 0.005770498421043158,
  "SKEW": 0.002141885133460164,
  "skew_regime": 0.0,
  "skew_vs_vix": 0.002006473205983639,
  "skew_vix_ratio": 0.00258309468626976,
  "skew_displacement": 0.0018587177619338036,
  "pc_equity_inst_divergence": 0.0008592797443270683,
  "pcc_accel_10d": 0.0013802725356072188,
  "COR1M": 0.0023371906019747255,
  "COR1M_change_21d": 0.0010864173527806997,
  "COR1M_zscore_63d": 0.0014283989788964392,
  "COR3M": 0.0010132672265172004,
  "COR3M_change_21d": 0.0005887183360755444,
  "COR3M_zscore_63d": 0.0027284307405352594,
  "cor_term_structure": 0.000648532249033451,
  "cor_term_slope_change_21d": 0.0016162704676389694,
  "VXTH": 0.0018410087563097478,
  "VXTH_change_21d": 0.0011256921105086803,
  "VXTH_zscore_63d": 0.0028284376952797175,
  "vxth_vix_ratio": 0.0028953835368156432,
  "VXTLT": 0.005888629145920277,
  "VXTLT_change_21d": 0.004294057376682758,
  "VXTLT_zscore_63d": 0.00385554488748312,
  "VXTLT_velocity_10d": 0.003972093528136611,
  "VXTLT_acceleration_5d": 0.004277291847392917,
  "bond_vol_regime": 0.0,
  "vxtlt_vix_ratio": 0.005304980371147394,
  "vxtlt_vix_spread": 0.006843959027901292,
  "VXTLT_percentile_63d": 0.004618883738294244,
  "VXTLT_percentile_126d": 0.0034268580842763186,
  "VXTLT_percentile_252d": 0.0037969306111335756,
  "VXTLT_vs_ma21": 0.003840818163007498,
  "VXTLT_vs_ma63": 0.0037852874025702476,
  "cboe_stress_composite": 0.0058688844554126264,
  "cboe_stress_regime": 0.0,
  "VX1-VX2": 0.0037385265342891215,
  "VX1-VX2_change_21d": 0.004155267961323261,
  "VX1-VX2_zscore_63d": 0.0038927185349166395,
  "VX1-VX2_percentile_63d": 0.0032988132908940314,
  "VX2-VX1_RATIO": 0.004091868456453085,
  "VX2-VX1_RATIO_velocity_10d": 0.004030825663357973,
  "vx_term_structure_regime": 0.0,
  "vx_curve_acceleration": 0.006531955301761627,
  "vx_term_structure_divergence": 0.003956432826817036,
  "CL1-CL2": 0.004411980183795095,
  "CL1-CL2_velocity_5d": 0.0034076946321874857,
  "CL1-CL2_zscore_63d": 0.0038108139764517547,
  "oil_term_regime": 0.0008373016957193613,
  "crude_oil_ret_10d": 0.006770683452486992,
  "crude_oil_ret_21d": 0.0035435127560049296,
  "crude_oil_ret_63d": 0.006348284659907222,
  "crude_oil_vol_21d": 0.004433098481968045,
  "crude_oil_zscore_63d": 0.006084495689719915,
  "DX1-DX2": 0.00339905247092247,
  "DX1-DX2_velocity_5d": 0.002970536286011338,
  "DX1-DX2_zscore_63d": 0.003695497289299965,
  "dxy_ret_10d": 0.006204628199338913,
  "dxy_ret_21d": 0.004985505947843194,
  "dxy_ret_63d": 0.003988755634054542,
  "dxy_vs_ma50": 0.005257199471816421,
  "dxy_vs_ma200": 0.004441167507320642,
  "dxy_vol_21d": 0.004415812343358994,
  "vx_crude_corr_21d": 0.0043159268330782655,
  "vx_crude_divergence": 0.003467638650909066,
  "vx_dollar_corr_21d": 0.00422825226560235,
  "dollar_crude_corr_21d": 0.003988916194066406,
  "spx_vx_spread_corr_21d": 0.004267119942232967,
  "spx_dollar_corr_21d": 0.004073495185002685,
  "initial_claims": 0.0052231231238693,
  "claims_4wk_ma": 0.004742680629715323,
  "claims_velocity_4w": 0.0046435822267085316,
  "claims_zscore_52w": 0.004261245485395193,
  "claims_percentile_52w": 0.005416559614241123,
  "claims_regime": 0.0,
  "claims_velocity_zscore": 0.004664290649816394,
  "fin_stress_index": 0.005192066077142954,
  "stress_velocity_4w": 0.004119640542194247,
  "stress_zscore_52w": 0.004118559276685118,
  "stress_extreme": 0.0,
  "stress_regime": 0.0003931818064302206,
  "hy_spread": 0.011085739033296705,
  "hy_velocity_21d": 0.004052748624235392,
  "hy_zscore_252d": 0.00417668039444834,
  "hy_bb_spread": 0.0041347876191139225,
  "hy_bb_velocity_21d": 0.005380996130406856,
  "hy_b_spread": 0.005202652420848608,
  "hy_b_velocity_21d": 0.004807706736028194,
  "hy_ccc_spread": 0.007396725565195083,
  "hy_ccc_velocity_21d": 0.004397929972037673,
  "credit_quality_spread": 0.004983367258682847,
  "credit_widening_regime": 0.00569373145699501,
  "ig_hy_spread": 0.006008562538772822,
  "credit_stress_composite": 0.005152574414387346,
  "sofr": 0.0006378218065947294,
  "sofr_ff_spread": 0.0011847293004393577,
  "funding_stress": 0.0,
  "funding_stress_zscore": 0.0008568097837269306,
  "funding_stress_regime": 0.0,
  "sofr_velocity_5d": 0.00033290237188339234,
  "yield_10y2y": 0.0,
  "yield_10y2y_zscore": 0.0,
  "yield_10y3m": 0.006156666669994593,