{
  "spx_lag1": 0.0006702401209622621,
  "vix_ret_1d": 0.001192746195010841,
  "vix_ret_5d": 0.0015696976915933192,
  "vix_ret_10d": 0.0018775650300085545,
  "vix_ret_21d": 0.0015938402153551578,
  "vix_vol_10d": 0.001955015817657113,
  "vix_vol_21d": 0.0037675074534490706,
  "vix_vol_63d": 0.0036440690280869605,
  "vix_velocity_5d": 0.006792492559179663,
  "vix_velocity_10d": 0.0026601273915730418,
  "vix_velocity_21d": 0.006672120979055762,
  "vix_vs_ma10": 0.003258932428434491,
  "vix_vs_ma21": 0.01972445333376527,
  "vix_vs_ma63": 0.05781086459755898,
  "vix_vs_ma252": 0.0037000373398768716,
  "vix_zscore_21d": 0.0040414500515908005,
  "vix_zscore_63d": 0.007249236293137074,
  "vix_zscore_252d": 0.006996062910184264,
  "vix_momentum_z_10d": 0.003840427380055189,
  "vix_momentum_z_21d": 0.002349483629222959,
  "vix_accel_5d": 0.0034266446717083456,
  "vix_stretch_ma21": 0.004471682640723884,
  "vix_stretch_ma63": 0.006683080410584808,
  "reversion_strength_21d": 0.002724721597041935,
  "reversion_strength_63d": 0.009298442746512592,
  "vix_bb_position_20d": 0.004579488793388009,
  "vix_extreme_low_21d": 2.964407904073596e-05,
  "vix_regime": 0.013158240914344787,
  "days_in_regime": 0.0020016135676996782,
  "regime_distance_to_boundary": 0.0026787406066432597,
  "regime_within_regime_percentile": 0.0029560048598796127,
  "regime_change_flag": 0.004734249413013458,
  "time_in_regime_pct": 0.003331141406670213,
  "regime_expected_return_5d": 0.0,
  "regime_median_return_5d": 0.0,
  "regime_return_std_5d": 0.0,
  "regime_prob_up_5d": 0.0,
  "regime_vol_of_vol": 0.0,
  "regime_spike_prob": 0.002975144609808922,
  "regime_prob_stay": 0.0,
  "regime_prob_crisis": 0.0,
  "regime_prob_elevated": 0.0,
  "vix1m_vix3m_ratio": 0.003261295426636934,
  "vix_term_slope_short": 0.004596024716738612,
  "vix_term_slope_velocity_21d": 0.002902637980878353,
  "vix_term_ratio_zscore_63d": 0.004212602763436735,
  "vix3m_vix6m_ratio": 0.002536954334937036,
  "vix_term_slope_long": 0.0007248511537909508,
  "vix_term_curvature": 0.004477529064752161,
  "vix_term_curvature_zscore": 0.004166122199967504,
  "spx_ret_1d": 0.0028409609571099282,
  "spx_ret_5d": 0.003500432474538684,
  "spx_ret_10d": 0.002503986586816609,
  "spx_ret_21d": 0.0018707168172113597,
  "spx_ret_63d": 0.005015071807429194,
  "spx_vs_ma20": 0.004361828416585922,
  "spx_vs_ma50": 0.0017565147136338055,
  "spx_vs_ma200": 0.003290228126570582,
  "spx_momentum_z_10d": 0.002705035265535116,
  "spx_momentum_z_21d": 0.0025256382301449775,
  "spx_realized_vol_10d": 0.0031766213942319155,
  "spx_realized_vol_21d": 0.0017276722239330411,
  "spx_realized_vol_63d": 0.00286615586373955,
  "spx_vol_ratio_10_21": 0.0026974183274433017,
  "spx_vol_ratio_10_63": 0.001987879554508254,
  "spx_skew_21d": 0.002437065844424069,
  "spx_kurt_21d": 0.0017173278902191669,
  "bb_position_20d": 0.014681356772780419,
  "bb_width_20d": 0.002439346211031079,
  "rsi_14": 0.0020319983595982194,
  "rsi_regime": 0.0,
  "rsi_divergence": 0.001857792492955923,
  "macd": 0.003164817253127694,
  "macd_signal": 0.0015604501706548036,
  "macd_histogram": 0.0022270220099017022,
  "adx_14": 0.0023824956035241483,
  "trend_strength": 0.004584190528839826,
  "spx_body_size": 0.0016042081406340003,
  "spx_range": 0.002730360208079219,
  "spx_range_pct": 0.0017251172568649054,
  "spx_upper_shadow": 0.0015248577110469341,
  "spx_lower_shadow": 0.002341496548615396,
  "spx_close_position": 0.0035041050985455515,
  "spx_body_to_range": 0.0013780995504930615,
  "spx_gap": 0.0025706870714202524,
  "spx_gap_magnitude": 0.0016384867718443274,
  "spx_upper_rejection": 0.0015823109075427054,
  "spx_lower_rejection": 0.0009434423336642794,
  "spx_range_expansion": 0.00219542202539742,
  "spx_vix_corr_21d": 0.0026923930272459984,
  "spx_vix_corr_63d": 0.0023196956142783167,
  "spx_vix_corr_126d": 0.003886325121857226,
  "vix_vs_rv_10d": 0.007750605139881373,
  "vix_rv_ratio_10d": 0.004065481526777148,
  "vix_vs_rv_21d": 0.007403944851830602,
  "vix_rv_ratio_21d": 0.005268206540495157,
  "SKEW": 0.0012287441873922943,
  "skew_regime": 0.0,
  "skew_vs_vix": 0.0011916053015738725,
  "skew_vix_ratio": 0.00192863792181015,
  "skew_displacement": 0.0009530195500701665,
  "pc_equity_inst_divergence": 1.0401411418570206e-05,
  "pcc_accel_10d": 0.0006066817324608565,
  "COR1M": 0.003116112668067217,
  "COR1M_change_21d": 0.001563362404704094,
  "COR1M_zscore_63d": 0.0,
  "COR3M": 0.0016851426567882299,
  "COR3M_change_21d": 0.00046728593297302724,
  "COR3M_zscore_63d": 0.0013503481633961201,
  "cor_term_structure": 0.0,
  "cor_term_slope_change_21d": 0.0018549004569649696,
  "VXTH": 0.0019113652873784305,
  "VXTH_change_21d": 0.0017477006651461125,
  "VXTH_zscore_63d": 0.0012059115804731845,
  "vxth_vix_ratio": 0.0029620317742228507,
  "VXTLT": 0.003073597198817879,
  "VXTLT_change_21d": 0.0038954622112214567,
  "VXTLT_zscore_63d": 0.002860855124890804,
  "VXTLT_velocity_10d": 0.004821888520382345,
  "VXTLT_acceleration_5d": 0.0016336381435394288,
  "bond_vol_regime": 0.0,
  "vxtlt_vix_ratio": 0.0026559189660474657,
  "vxtlt_vix_spread": 0.0033244926715269687,
  "VXTLT_percentile_63d": 0.008457698603160679,
  "VXTLT_percentile_126d": 0.003829659754410386,
  "VXTLT_percentile_252d": 0.0071525884792208675,
  "VXTLT_vs_ma21": 0.001977759529836476,
  "VXTLT_vs_ma63": 0.009454932063817978,
  "cboe_stress_composite": 0.004622413171455264,
  "cboe_stress_regime": 0.0,
  "vx_contango_pct": 0.003016926860436797,
  "vx_contango_5d_change": 0.0016079296823590995,
  "vx_contango_zscore": 0.0016285834368318318,
  "vx1_return_5d": 0.0013267097878269852,
  "vx2_return_5d": 0.0013012031558901072,
  "vx_curve_2_1_ratio": 0.00038794290740042927,
  "vx_curve_3_2_ratio": 0.0012808251893147826,
  "vx_curve_4_3_ratio": 0.0023970119305886327,
  "vx_curve_steepness": 0.0019310281611979007,
  "vx_oi_front_concentration": 0.00025478354655206203,
  "vx_oi_imbalance": 0.0002544128568843007,
  "vx_oi_5d_change": 0.0008280267473310232,
  "vx_oi_zscore_63d": 0.0013349736807867884,
  "vx_oi_surge": 0.0012280577328056097,
  "vx_churn_ratio": 0.0032558043487370012,
  "vx_churn_zscore_63d": 0.002578743640333414,
  "vx_roll_yield_annualized": 0.002404498727992177,
  "vx_roll_cost_5d": 0.0037990940734744074,
  "vx_roll_yield_zscore_63d": 0.0007234800606966019,
  "vx_momentum_5d": 0.0009267180226743221,
  "vx_momentum_zscore": 0.0005569002241827548,
  "CL1-CL2": 0.0053716561989858745,
  "CL1-CL2_velocity_5d": 0.0027439960977062583,
  "CL1-CL2_zscore_63d": 0.002151130815036595,
  "oil_term_regime": 0.0,
  "crude_oil_ret_10d": 0.0036390244495123625,
  "crude_oil_ret_21d": 0.0019318833015859126,
  "crude_oil_ret_63d": 0.003439646493643522,
  "crude_oil_vol_21d": 0.0021195659413933755,
  "crude_oil_zscore_63d": 0.0023388545494526626,
  "DX1-DX2": 0.0030528344213962555,
  "DX1-DX2_velocity_5d": 0.0019594243029132487,
  "DX1-DX2_zscore_63d": 0.0014727889560163022,
  "dxy_ret_10d": 0.004199736239388585,
  "dxy_ret_21d": 0.0029265008866786956,
  "dxy_ret_63d": 0.0019158328883349895,
  "dxy_vs_ma50": 0.002948375791311264,
  "dxy_vs_ma200": 0.003693886729888618,
  "dxy_vol_21d": 0.00195736400783062,
  "dollar_crude_corr_21d": 0.0028835398145020006,
  "spx_dollar_corr_21d": 0.004592164349742234,
  "initial_claims": 0.0023210889892652633,
  "claims_4wk_ma": 0.005261924071237445,
  "claims_velocity_4w": 0.0031161329708993433,
  "claims_zscore_52w": 0.003998012864030898,
  "claims_percentile_52w": 0.007150376169010997,
  "claims_regime": 0.0,
  "claims_velocity_zscore": 0.002505488763563335,
  "fin_stress_index": 0.002335252083139494,
  "stress_velocity_4w": 0.004681181977503002,
  "stress_zscore_52w": 0.0023963290033861993,
  "stress_extreme": 0.0,
  "stress_regime": 0.0,
  "hy_spread": 0.002153612021356821,
  "hy_velocity_21d": 0.0019624371780082583,
  "hy_zscore_252d": 0.0021773580461740493,
  "hy_bb_spread": 0.0009485727874562144,
  "hy_bb_velocity_21d": 0.004387078201398253,