{
  "spx_lag1": 0.0037733903154730797,
  "vix_ret_1d": 0.002996655274182558,
  "vix_ret_5d": 0.004310241597704589,
  "vix_ret_10d": 0.0022775040299165992,
  "vix_ret_21d": 0.005298933852463961,
  "vix_vol_10d": 0.005100607499480247,
  "vix_vol_21d": 0.003984296892303974,
  "vix_vol_63d": 0.004279031930491328,
  "vix_velocity_5d": 0.0032054310198873282,
  "vix_velocity_10d": 0.0025092184310778975,
  "vix_velocity_21d": 0.0048654824262484905,
  "vix_vs_ma10": 0.004105864465236664,
  "vix_vs_ma21": 0.004000877775251865,
  "vix_vs_ma63": 0.00872477840166539,
  "vix_vs_ma252": 0.008947797864675523,
  "vix_zscore_21d": 0.006627928139641881,
  "vix_zscore_63d": 0.006420034868642688,
  "vix_zscore_252d": 0.005013605626299977,
  "vix_momentum_z_10d": 0.0015730435843579471,
  "vix_momentum_z_21d": 0.00720925759524107,
  "vix_accel_5d": 0.0043071245308965445,
  "vix_stretch_ma21": 0.0031287458725273607,
  "vix_stretch_ma63": 0.0030637538060545922,
  "reversion_strength_21d": 0.0032842640532180665,
  "reversion_strength_63d": 0.005051100533455611,
  "vix_bb_position_20d": 0.010285456292331218,
  "vix_extreme_low_21d": 0.0,
  "vix_regime": 0.0,
  "days_in_regime": 0.0074587326496839525,
  "regime_distance_to_boundary": 0.004649910237640142,
  "regime_within_regime_percentile": 0.003817154886201024,
  "regime_change_flag": 0.0,
  "time_in_regime_pct": 0.005961258336901665,
  "regime_expected_return_5d": 0.0,
  "regime_median_return_5d": 0.0,
  "regime_return_std_5d": 0.0,
  "regime_prob_up_5d": 0.0,
  "regime_vol_of_vol": 0.0,
  "regime_spike_prob": 0.0005751474294811487,
  "regime_prob_stay": 0.0,
  "regime_prob_crisis": 0.0,
  "regime_prob_elevated": 0.0,
  "vix1m_vix3m_ratio": 0.007203897880390287,
  "vix_term_slope_short": 0.0037621902767568825,
  "vix_term_slope_velocity_21d": 0.00312421265989542,
  "vix_term_ratio_zscore_63d": 0.005133993187337182,
  "vix3m_vix6m_ratio": 0.005098639894276858,
  "vix_term_slope_long": 0.0035383348818868398,
  "vix_term_curvature": 0.0033319423906505107,
  "vix_term_curvature_zscore": 0.003746361332014203,
  "spx_ret_1d": 0.002324519224930555,
  "spx_ret_5d": 0.004344703629612923,
  "spx_ret_10d": 0.003593143401667476,
  "spx_ret_21d": 0.00463508281391114,
  "spx_ret_63d": 0.0036924150539562107,
  "spx_vs_ma20": 0.004310649633407593,
  "spx_vs_ma50": 0.00437952633947134,
  "spx_vs_ma200": 0.004048122791573405,
  "spx_momentum_z_10d": 0.003835809091106057,
  "spx_momentum_z_21d": 0.005513636860996485,
  "spx_realized_vol_10d": 0.006228628801181912,
  "spx_realized_vol_21d": 0.006844030600041151,
  "spx_realized_vol_63d": 0.006083837151527405,
  "spx_vol_ratio_10_21": 0.0038098415825515985,
  "spx_vol_ratio_10_63": 0.005557235050946474,
  "spx_skew_21d": 0.004084314918145537,
  "spx_kurt_21d": 0.0036048192298039792,
  "bb_position_20d": 0.003552079061046243,
  "bb_width_20d": 0.004129738546907902,
  "rsi_14": 0.004935882147401571,
  "rsi_regime": 0.00037003785837441683,
  "rsi_divergence": 0.003325855592265725,
  "macd": 0.003604730684310198,
  "macd_signal": 0.00607975609600544,
  "macd_histogram": 0.0037174326367676257,
  "adx_14": 0.004341808985918761,
  "trend_strength": 0.0042788995895534756,
  "spx_body_size": 0.002106180228292942,
  "spx_range": 0.0015599801205098628,
  "spx_range_pct": 0.003034618590027094,
  "spx_upper_shadow": 0.001941265957430005,
  "spx_lower_shadow": 0.0029193376190960406,
  "spx_close_position": 0.003743295278400183,
  "spx_body_to_range": 0.0024917050963267685,
  "spx_gap": 0.0035488188732415438,
  "spx_gap_magnitude": 0.004069376224651933,
  "spx_upper_rejection": 0.003758634952828288,
  "spx_lower_rejection": 0.0027449306566268207,
  "spx_range_expansion": 0.0022237556986510754,
  "spx_vix_corr_21d": 0.003918321896344423,
  "spx_vix_corr_63d": 0.0045439368579536675,
  "spx_vix_corr_126d": 0.004825244564563036,
  "vix_vs_rv_10d": 0.004241575254127383,
  "vix_rv_ratio_10d": 0.003956663375720382,
  "vix_vs_rv_21d": 0.006386008951812983,
  "vix_rv_ratio_21d": 0.0053511925507336855,
  "SKEW": 0.0023527638986706734,
  "skew_regime": 0.0,
  "skew_vs_vix": 0.0023851203732192516,
  "skew_vix_ratio": 0.0012945046182721853,
  "skew_displacement": 0.0023199519142508506,
  "pc_equity_inst_divergence": 0.0011566342320293189,
  "pcc_accel_10d": 0.0009046921972185373,
  "COR1M": 0.0024441341869533063,
  "COR1M_change_21d": 0.001504044933244586,
  "COR1M_zscore_63d": 0.0009306299034506083,
  "COR3M": 0.0028560149483382704,
  "COR3M_change_21d": 0.0032629595138132573,
  "COR3M_zscore_63d": 0.0012785200495272874,
  "cor_term_structure": 0.001311657903715968,
  "cor_term_slope_change_21d": 0.0018281184136867523,
  "VXTH": 0.0014481930527836084,
  "VXTH_change_21d": 0.001359172910451889,
  "VXTH_zscore_63d": 0.0011102011427283286,
  "vxth_vix_ratio": 0.002243939135223627,
  "VXTLT": 0.003847323451191187,
  "VXTLT_change_21d": 0.0033202697057276966,
  "VXTLT_zscore_63d": 0.002992986747995019,
  "VXTLT_velocity_10d": 0.0040994997601956126,
  "VXTLT_acceleration_5d": 0.004273657966405153,
  "bond_vol_regime": 0.0,
  "vxtlt_vix_ratio": 0.004618329461663961,
  "vxtlt_vix_spread": 0.007920551439747214,
  "VXTLT_percentile_63d": 0.005108344973996282,
  "VXTLT_percentile_126d": 0.003529540868476033,
  "VXTLT_percentile_252d": 0.003083155839703977,
  "VXTLT_vs_ma21": 0.0038560667540878057,
  "VXTLT_vs_ma63": 0.007818951271474361,
  "cboe_stress_composite": 0.004293891438283026,
  "cboe_stress_regime": 0.0,
  "vx_contango_pct": 0.0019157277885824442,
  "vx_contango_5d_change": 0.003121558763086796,
  "vx_contango_zscore": 0.0016272091306746006,
  "vx1_return_5d": 0.0016694223857484757,
  "vx2_return_5d": 0.0014297127723693847,
  "vx_curve_2_1_ratio": 0.0,
  "vx_curve_3_2_ratio": 0.00238883038982749,
  "vx_curve_4_3_ratio": 0.004208193207159638,
  "vx_curve_steepness": 0.0028532191645354033,
  "vx_oi_front_concentration": 0.0036040796432644127,
  "vx_oi_imbalance": 0.0,
  "vx_oi_5d_change": 0.0024608553387224672,
  "vx_oi_zscore_63d": 0.001198757579550147,
  "vx_oi_surge": 0.0023722851183265448,
  "vx_churn_ratio": 0.00464024031534791,
  "vx_churn_zscore_63d": 0.0022643144708126783,
  "vx_roll_yield_annualized": 0.0027458014898002147,
  "vx_roll_cost_5d": 0.0,
  "vx_roll_yield_zscore_63d": 0.002810362633317709,
  "vx_momentum_5d": 0.0,
  "vx_momentum_zscore": 0.002803261112421751,
  "CL1-CL2": 0.0050065565388649706,
  "CL1-CL2_velocity_5d": 0.003927786508575082,
  "CL1-CL2_zscore_63d": 0.004614778188988566,
  "oil_term_regime": 0.0,
  "crude_oil_ret_10d": 0.004043140355497599,
  "crude_oil_ret_21d": 0.00349369989708066,
  "crude_oil_ret_63d": 0.003315963177010417,
  "crude_oil_vol_21d": 0.0040154092013835905,
  "crude_oil_zscore_63d": 0.005664461804553866,
  "DX1-DX2": 0.0036277270410209894,
  "DX1-DX2_velocity_5d": 0.0030739316251128914,
  "DX1-DX2_zscore_63d": 0.004055140167474746,
  "dxy_ret_10d": 0.0030058728531002997,
  "dxy_ret_21d": 0.0042438921984285114,
  "dxy_ret_63d": 0.004338799603283405,
  "dxy_vs_ma50": 0.0029955086298286914,
  "dxy_vs_ma200": 0.003424705332145095,
  "dxy_vol_21d": 0.004368576826527715,
  "dollar_crude_corr_21d": 0.003742921305820346,
  "spx_dollar_corr_21d": 0.00540764988400042,
  "initial_claims": 0.0026802373584359886,
  "claims_4wk_ma": 0.006237886287271977,
  "claims_velocity_4w": 0.004604006605222821,
  "claims_zscore_52w": 0.005289135035127401,
  "claims_percentile_52w": 0.004344338458031416,
  "claims_regime": 0.0002872162265703082,
  "claims_velocity_zscore": 0.0059521964751183985,
  "fin_stress_index": 0.0032790587982162835,
  "stress_velocity_4w": 0.004202786181122064,
  "stress_zscore_52w": 0.004831991950049996,
  "stress_extreme": 0.0,
  "stress_regime": 0.0,
  "hy_spread": 0.0028956102672964335,
  "hy_velocity_21d": 0.003439214499667287,
  "hy_zscore_252d": 0.0034395600785501303,
  "hy_bb_spread": 0.003965493733994662,
  "hy_bb_velocity_21d": 0.0037828462198376657,
  "hy_b_spread": 0.0027367322007194163,
  "hy_b_velocity_21d": 0.003839656710624695,