{
  "10y_vol_63d": 0.0031668324023485183,
  "30y_vol_63d": 0.004094100743532181,
  "6m_vol_63d_fred": 0.005134633556008339,
  "CL1-CL2": 0.0036449267528951166,
  "CL1-CL2_velocity_5d": 0.0029761798214167356,
  "CL1-CL2_zscore_63d": 0.0031967528630048037,
  "Gold_lag1": 0.0035417516715824603,
  "Gold_zscore_63d": 0.003297286480665207,
  "SKEW": 0.0034295251127332447,
  "SKEW_extreme_low_252d": 0.0,
  "SKEW_extreme_low_63d": 0.002377854939550161,
  "SKEW_jerk_5d": 0.002153288386762142,
  "SKEW_momentum_regime": 0.0036500383168458937,
  "SKEW_percentile_126d": 0.003456213464960456,
  "SKEW_percentile_21d": 0.002363553224131465,
  "SKEW_percentile_252d": 0.0030368429142981768,
  "SKEW_percentile_63d": 0.0029406634159386156,
  "SKEW_percentile_velocity": 0.002718667034059763,
  "VX1-VX2": 0.0010538187809288502,
  "VX1-VX2_change_21d": 0.0022977359127253293,
  "VX1-VX2_percentile_63d": 0.001047806884162128,
  "VX1-VX2_zscore_63d": 0.0021756176371127366,
  "VX2-VX1_RATIO": 0.0005871729401405901,
  "VX2-VX1_RATIO_velocity_10d": 0.0014368260046467185,
  "VXTH": 0.0016487253829836845,
  "VXTH_change_21d": 0.0018526921048760414,
  "VXTH_zscore_63d": 0.0015327755361795425,
  "VXTLT": 0.0011255505960434675,
  "VXTLT_acceleration_5d": 0.000872713653370738,
  "VXTLT_change_21d": 0.0012884995900094508,
  "VXTLT_percentile_126d": 0.0018560720607638359,
  "VXTLT_percentile_252d": 0.0013511092867702246,
  "VXTLT_percentile_63d": 0.0015460395719856025,
  "VXTLT_velocity_10d": 0.001592696039006114,
  "VXTLT_vs_ma21": 0.0012165130581706762,
  "VXTLT_vs_ma63": 0.001519111730158329,
  "VXTLT_zscore_63d": 0.0013826818205416203,
  "adx_14": 0.0039501961320638655,
  "bb_position_20d": 0.0026134353363886477,
  "bb_width_20d": 0.0035733583383262156,
  "bond_vol_regime": 0.000839489046484232,
  "both_near_boundary_flag": 0.0012079997919499873,
  "both_regimes_changed_flag": 0.0017757183872163297,
  "cboe_stress_composite": 0.003298886772245169,
  "cboe_stress_regime": 0.0,
  "claims_4wk_ma": 0.003927996195852756,
  "claims_percentile_52w": 0.0033803083933889866,
  "claims_regime": 0.0,
  "claims_velocity_4w": 0.0034920526668429375,
  "claims_velocity_zscore": 0.0037635292392224073,
  "claims_zscore_52w": 0.003650227840989828,
  "correlation_regime": 0.0012589314952492713,
  "credit_quality_spread": 0.004071885859593749,
  "credit_stress_composite": 0.0032425614539533854,
  "credit_vol_divergence": 0.0034522059140726924,
  "credit_vol_stress_composite": 0.00431526624597609,
  "credit_widening_regime": 0.0013292905874550342,
  "cross_asset_vol_cluster": 0.0,
  "crude_oil_ret_10d": 0.0042442548088729385,
  "crude_oil_ret_21d": 0.0029779361560940743,
  "crude_oil_ret_63d": 0.004650801094248891,
  "crude_oil_vol_21d": 0.003594492468982935,
  "crude_oil_vol_21d_log": 0.0038320163264870645,
  "crude_oil_zscore_63d": 0.00410923077724874,
  "day_of_month": 0.004451670218259096,
  "day_of_week": 0.0013740504626184701,
  "days_in_joint_regime": 0.002248995378613472,
  "days_in_regime": 0.004209586372599006,
  "days_in_skew_regime": 0.002861223975196481,
  "equity_vol_corr_breakdown": 0.002868693880736828,
  "equity_vol_divergence": 0.0033806782215833665,
  "fin_stress_index": 0.003431858588010073,
  "gold_ret_10d": 0.0041122966911643745,
  "gold_ret_21d": 0.0038760223891586066,
  "gold_ret_63d": 0.0037823737133294345,
  "gold_spx_divergence": 0.002934568328782916,
  "hy_b_spread": 0.005410583876073361,
  "hy_b_velocity_21d": 0.003989958995953202,
  "hy_bb_spread": 0.004553010547533631,
  "hy_bb_velocity_21d": 0.0036237281281501056,
  "hy_ccc_spread": 0.004514839593321085,
  "hy_ccc_velocity_21d": 0.003980044974014163,
  "hy_spread": 0.005530841508880257,
  "hy_velocity_21d": 0.0036534950602799656,
  "hy_zscore_252d": 0.0038130785804241897,
  "ig_hy_spread": 0.007013716921210289,
  "initial_claims": 0.004084533406421542,
  "is_earnings_heavy": 0.0,
  "is_fomc_period": 0.001307789993006736,
  "is_opex_week": 0.0021281278459355235,
  "joint_regime_change_flag": 0.0,
  "joint_regime_correlation": 0.0037591282045468686,
  "joint_regime_expected_return": 0.0034607699140906333,
  "joint_regime_frequency": 0.003224800480529666,
  "joint_regime_volatility": 0.0021383785642683506,
  "liquidity_regime": 0.0,
  "liquidity_stress_composite": 0.0038995315320789815,
  "macd": 0.0034088896587491035,
  "macd_histogram": 0.0026820018887519837,
  "macd_signal": 0.005219372129067779,
  "month": 0.004435728536918759,
  "oil_term_regime": 0.0024432710371911524,
  "regime_change_flag": 0.0002828066935762763,
  "regime_distance_to_boundary": 0.002386964042671025,
  "regime_expected_return_5d": 0.0,
  "regime_median_return_5d": 0.0,
  "regime_prob_crisis": 0.0,
  "regime_prob_elevated": 0.0,
  "regime_prob_stay": 0.0,
  "regime_prob_up_5d": 0.0,
  "regime_return_std_5d": 0.0,
  "regime_spike_prob": 0.001068138750270009,
  "regime_transition_risk": 0.0023308544419705867,
  "regime_vol_of_vol": 0.0,
  "regime_within_regime_percentile": 0.002946357894688845,
  "reversion_strength_21d": 0.003136387839913368,
  "reversion_strength_63d": 0.005226119887083769,
  "risk_premium_extreme_low_252d": 0.0,
  "risk_premium_extreme_low_63d": 0.0,
  "risk_premium_ma21": 0.003974270960316062,
  "risk_premium_percentile_126d": 0.0032061155419796706,
  "risk_premium_percentile_21d": 0.002750700432807207,
  "risk_premium_percentile_252d": 0.004049779614433646,
  "risk_premium_percentile_63d": 0.003901285957545042,
  "risk_premium_percentile_velocity": 0.0031441608909517525,
  "risk_premium_regime": 0.00033553058747202156,
  "risk_premium_velocity": 0.003927154652774334,
  "risk_premium_zscore": 0.003998668305575848,
  "rsi_14": 0.005112316273152828,
  "rsi_divergence": 0.0028626784682273866,
  "rsi_regime": 0.0011947545688599348,
  "skew_boundary_distance": 0.002753813983872533,
  "skew_complacency_flag": 0.0,
  "skew_distance_to_boundary": 0.002696605119854212,
  "skew_expected_5d_return": 0.00032509458251297476,
  "skew_extreme_tail_flag": 0.0,
  "skew_percentile_252d": 0.0038168825674802067,
  "skew_percentile_63d": 0.003813758585602045,
  "skew_regime_behavior": 0.0,
  "skew_regime_change_flag": 0.0007057173119392246,
  "skew_regime_displacement": 0.002589059341698885,
  "skew_regime_numeric": 0.0,
  "skew_regime_transition_direction": 0.0010226630372926592,
  "skew_vix_ratio": 0.00478653940372169,
  "skew_vix_ratio_percentile_252d": 0.0072724978439509865,
  "skew_vix_ratio_regime": 0.0,
  "skew_vix_ratio_velocity_10d": 0.0028599373530596496,
  "skew_within_regime_zscore": 0.002635148447006941,
  "spx_body_size": 0.0019975455943495035,
  "spx_body_to_range": 0.0022587502375245095,
  "spx_close_position": 0.002508242102339864,
  "spx_gap": 0.0033242634497582914,
  "spx_gap_extreme_flag": 0.00019465837394818663,
  "spx_gap_magnitude": 0.002241792599670589,
  "spx_gap_magnitude_extreme_flag": 0.0016793015645816922,
  "spx_kurt_21d": 0.003510448196902871,
  "spx_lag1": 0.005174925085157156,
  "spx_lower_rejection": 0.002143088704906404,
  "spx_lower_shadow": 0.0022215881617739797,
  "spx_momentum_z_10d": 0.00283091738820076,
  "spx_momentum_z_21d": 0.003407029761001468,
  "spx_range": 0.0021700941491872073,
  "spx_range_expansion": 0.0024187162285670637,
  "spx_range_pct": 0.002639794908463955,
  "spx_realized_vol_10d": 0.003161391708999872,
  "spx_realized_vol_21d": 0.005336743732914329,
  "spx_realized_vol_21d_acceleration_5d": 0.00295777537394315,
  "spx_realized_vol_21d_log": 0.002327793650329113,
  "spx_realized_vol_21d_velocity_3d": 0.002533114794641733,
  "spx_realized_vol_63d": 0.005445489101111889,
  "spx_realized_vol_63d_x_regime_0": 0.0032658728305250406,
  "spx_realized_vol_63d_x_regime_1": 0.0036131700500845907,
  "spx_realized_vol_63d_x_regime_2": 0.0025860336143523456,
  "spx_realized_vol_63d_x_regime_3": 0.0016260415315628052,
  "spx_ret_10d": 0.0034023571992293,
  "spx_ret_1d": 0.002537378761917353,
  "spx_ret_21d": 0.0030052382033318283,
  "spx_ret_5d": 0.004806920792907477,