{
  "spx_lag1": 0.0009576336946338415,
  "vix_ret_1d": 0.0006025294831488281,
  "vix_ret_5d": 0.001954186602961272,
  "vix_ret_10d": 0.0009425749478396029,
  "vix_ret_21d": 0.002004058985039592,
  "vix_vol_10d": 0.0052763581275939945,
  "vix_vol_21d": 0.002532147685997188,
  "vix_vol_63d": 0.0036398311145603656,
  "vix_velocity_5d": 0.00462102210149169,
  "vix_velocity_10d": 0.0022938961628824472,
  "vix_velocity_21d": 0.005610365269239992,
  "vix_vs_ma10": 0.008818872878327966,
  "vix_vs_ma21": 0.0036531197372823955,
  "vix_vs_ma63": 0.005857111187651753,
  "vix_vs_ma252": 0.00282896242570132,
  "vix_zscore_21d": 0.0030886132224623,
  "vix_zscore_63d": 0.005026235722471029,
  "vix_zscore_252d": 0.007369650155305862,
  "vix_momentum_z_10d": 0.0024817037396132947,
  "vix_momentum_z_21d": 0.004277971666306257,
  "vix_accel_5d": 0.0030725291464477776,
  "vix_stretch_ma21": 0.0020390684250742195,
  "vix_stretch_ma63": 0.0029582895571365953,
  "reversion_strength_21d": 0.002327649807557464,
  "reversion_strength_63d": 0.0024014963302761315,
  "vix_bb_position_20d": 0.006281646899878979,
  "vix_extreme_low_21d": 1.4259098679758609e-05,
  "vix_regime": 0.0,
  "days_in_regime": 0.01280889566987753,
  "regime_distance_to_boundary": 0.0045627002138644455,
  "regime_within_regime_percentile": 0.0009165661351289601,
  "regime_change_flag": 0.0,
  "time_in_regime_pct": 0.010056708101183176,
  "regime_expected_return_5d": 0.0,
  "regime_median_return_5d": 0.0,
  "regime_return_std_5d": 0.0,
  "regime_prob_up_5d": 0.0,
  "regime_vol_of_vol": 0.0,
  "regime_spike_prob": 0.0012383886612951755,
  "regime_prob_stay": 0.0,
  "regime_prob_crisis": 0.0,
  "regime_prob_elevated": 0.0005239242687821388,
  "vix1m_vix3m_ratio": 0.016424998920410872,
  "vix_term_slope_short": 0.012092507048510014,
  "vix_term_slope_velocity_21d": 0.0022292457171715794,
  "vix_term_ratio_zscore_63d": 0.0031989858485758304,
  "vix3m_vix6m_ratio": 0.003689702646806836,
  "vix_term_slope_long": 0.003842995734885335,
  "vix_term_curvature": 0.0021327188005670905,
  "vix_term_curvature_zscore": 0.002659904258325696,
  "spx_ret_1d": 0.0015333518269471825,
  "spx_ret_5d": 0.006968555646017194,
  "spx_ret_10d": 0.003287647245451808,
  "spx_ret_21d": 0.005897388164885342,
  "spx_ret_63d": 0.003807819075882435,
  "spx_vs_ma20": 0.011921621952205896,
  "spx_vs_ma50": 0.004004680970683694,
  "spx_vs_ma200": 0.003545548743568361,
  "spx_momentum_z_10d": 0.0019813258200883864,
  "spx_momentum_z_21d": 0.004590039397589863,
  "spx_realized_vol_10d": 0.005235906643792987,
  "spx_realized_vol_21d": 0.004128041444346309,
  "spx_realized_vol_63d": 0.00485486383549869,
  "spx_vol_ratio_10_21": 0.003960380377247929,
  "spx_vol_ratio_10_63": 0.006768046738579869,
  "spx_skew_21d": 0.0035912995226681232,
  "spx_kurt_21d": 0.0029812716646119954,
  "bb_position_20d": 0.006955965328961611,
  "bb_width_20d": 0.005585860088467598,
  "rsi_14": 0.0022737145191058517,
  "rsi_regime": 0.0,
  "rsi_divergence": 0.0021677918266505003,
  "macd": 0.0026778120547533034,
  "macd_signal": 0.005369456112384796,
  "macd_histogram": 0.0030723285628482698,
  "adx_14": 0.0028446253156289457,
  "trend_strength": 0.003325795417185873,
  "spx_body_size": 0.0009576347365509719,
  "spx_range": 0.0018018378876149654,
  "spx_range_pct": 0.0014162184903398155,
  "spx_upper_shadow": 0.001490790001116693,
  "spx_lower_shadow": 0.0013408473430899903,
  "spx_close_position": 0.0019213018822483718,
  "spx_body_to_range": 0.001378945424221456,
  "spx_gap": 0.0024998463224619625,
  "spx_gap_magnitude": 0.0018983366433531045,
  "spx_upper_rejection": 0.0010153476003324613,
  "spx_lower_rejection": 0.0009281174163334072,
  "spx_range_expansion": 0.0012558872695080936,
  "spx_vix_corr_21d": 0.003643075400032103,
  "spx_vix_corr_63d": 0.004337226203642785,
  "spx_vix_corr_126d": 0.00367984757758677,
  "vix_vs_rv_10d": 0.0031842431984841824,
  "vix_rv_ratio_10d": 0.003189785941503942,
  "vix_vs_rv_21d": 0.008196603506803513,
  "vix_rv_ratio_21d": 0.00603090338408947,
  "SKEW": 0.0013026433531194924,
  "skew_regime": 0.0,
  "skew_vs_vix": 0.0015655003720894457,
  "skew_vix_ratio": 0.002090099803172052,
  "skew_displacement": 0.0018534842878580094,
  "pc_equity_inst_divergence": 0.0012335442239418625,
  "pcc_accel_10d": 0.0017702840268611908,
  "COR1M": 0.004332983121275902,
  "COR1M_change_21d": 0.0014018466463312507,
  "COR1M_zscore_63d": 0.0007240483304485678,
  "COR3M": 0.0026099175214767457,
  "COR3M_change_21d": 0.002207511570304632,
  "COR3M_zscore_63d": 0.0034571846015751364,
  "cor_term_structure": 0.0013465446420013905,
  "cor_term_slope_change_21d": 0.00328271402977407,
  "VXTH": 0.0019104408333078028,
  "VXTH_change_21d": 0.0025506677106022836,
  "VXTH_zscore_63d": 0.0019670781679451466,
  "vxth_vix_ratio": 0.0013969242107123136,
  "VXTLT": 0.004189846105873585,
  "VXTLT_change_21d": 0.0037433738354593514,
  "VXTLT_zscore_63d": 0.004294932703487575,
  "VXTLT_velocity_10d": 0.004502251325175166,
  "VXTLT_acceleration_5d": 0.0026682770112529397,
  "bond_vol_regime": 0.0,
  "vxtlt_vix_ratio": 0.003810985293239355,
  "vxtlt_vix_spread": 0.009447937365621328,
  "VXTLT_percentile_63d": 0.002656781021505594,
  "VXTLT_percentile_126d": 0.006026931665837764,
  "VXTLT_percentile_252d": 0.004806953226216137,
  "VXTLT_vs_ma21": 0.003505303175188601,
  "VXTLT_vs_ma63": 0.003876296617090702,
  "cboe_stress_composite": 0.005802901554852724,
  "cboe_stress_regime": 0.0,
  "vx_contango_pct": 0.0013713379390537738,
  "vx_contango_5d_change": 0.0009190322132781148,
  "vx_contango_zscore": 0.0022338209906592964,
  "vx1_return_5d": 0.0007238526741275564,
  "vx2_return_5d": 0.0021355335135012864,
  "vx_curve_2_1_ratio": 0.0005991238169372082,
  "vx_curve_3_2_ratio": 0.0012658021412789821,
  "vx_curve_4_3_ratio": 0.0023437324445694683,
  "vx_curve_steepness": 0.005111683579161763,
  "vx_oi_front_concentration": 0.003155113593675196,
  "vx_oi_imbalance": 0.0,
  "vx_oi_5d_change": 0.0037219630321487784,
  "vx_oi_zscore_63d": 0.005389284947887063,
  "vx_oi_surge": 0.00337981719058007,
  "vx_churn_ratio": 0.0062505343928933145,
  "vx_churn_zscore_63d": 0.002909504750277847,
  "vx_roll_yield_annualized": 0.0043754641665145755,
  "vx_roll_cost_5d": 0.005655018612742424,
  "vx_roll_yield_zscore_63d": 0.005633071227930486,
  "vx_momentum_5d": 0.0,
  "vx_momentum_zscore": 0.0010429510963149368,
  "CL1-CL2": 0.007302806805819273,
  "CL1-CL2_velocity_5d": 0.0024975457461550834,
  "CL1-CL2_zscore_63d": 0.004736327007412911,
  "oil_term_regime": 0.0009003490209579468,
  "crude_oil_ret_10d": 0.0019472314277663827,
  "crude_oil_ret_21d": 0.0057084403000772,
  "crude_oil_ret_63d": 0.004417612263932824,
  "crude_oil_vol_21d": 0.004674705024808645,
  "crude_oil_zscore_63d": 0.0039837438147515055,
  "DX1-DX2": 0.002414305950514972,
  "DX1-DX2_velocity_5d": 0.0032110851723700764,
  "DX1-DX2_zscore_63d": 0.0026302003068849446,
  "dxy_ret_10d": 0.00459410734474659,
  "dxy_ret_21d": 0.005580863961949944,
  "dxy_ret_63d": 0.0027894774451851846,
  "dxy_vs_ma50": 0.003416846226900816,
  "dxy_vs_ma200": 0.0028601177036762238,
  "dxy_vol_21d": 0.0036573816556483506,
  "dollar_crude_corr_21d": 0.0033307163044810294,
  "spx_dollar_corr_21d": 0.003675549104809761,
  "initial_claims": 0.004545159451663494,
  "claims_4wk_ma": 0.004061142122372985,
  "claims_velocity_4w": 0.00262468044529669,
  "claims_zscore_52w": 0.003696515271440148,
  "claims_percentile_52w": 0.005802680249325931,
  "claims_regime": 0.0,
  "claims_velocity_zscore": 0.0037768406327813864,
  "fin_stress_index": 0.008936764439567924,
  "stress_velocity_4w": 0.00339593761600554,
  "stress_zscore_52w": 0.0036624024156481027,
  "stress_extreme": 0.0,
  "stress_regime": 0.0,
  "hy_spread": 0.004719067760743201,
  "hy_velocity_21d": 0.00480698375031352,
  "hy_zscore_252d": 0.004640904301777482,
  "hy_bb_spread": 0.005274947104044259,
  "hy_bb_velocity_21d": 0.004158810409717262,
  "hy_b_spread": 0.005710982368327677,