{
  "10y_vol_63d": 0.002939416328445077,
  "30y_vol_63d": 0.004136737203225493,
  "6m_vol_63d_fred": 0.005638670735061168,
  "CL1-CL2": 0.004416114324703813,
  "CL1-CL2_velocity_5d": 0.003621384035795927,
  "CL1-CL2_zscore_63d": 0.003397713555023074,
  "Gold_lag1": 0.003262469300534576,
  "Gold_zscore_63d": 0.004357940470799804,
  "SKEW": 0.00462471591308713,
  "SKEW_extreme_low_252d": 0.0,
  "SKEW_extreme_low_63d": 0.0,
  "SKEW_jerk_5d": 0.002410835144110024,
  "SKEW_momentum_regime": 0.0019383489154279232,
  "SKEW_percentile_126d": 0.004177169774629874,
  "SKEW_percentile_21d": 0.0016946414718404413,
  "SKEW_percentile_252d": 0.00315706143155694,
  "SKEW_percentile_63d": 0.0016495780320838094,
  "SKEW_percentile_velocity": 0.002501515066251159,
  "VX1-VX2": 0.0009482069872319698,
  "VX1-VX2_change_21d": 0.0006273620761930943,
  "VX1-VX2_percentile_63d": 0.0010263224830850959,
  "VX1-VX2_zscore_63d": 0.0,
  "VX2-VX1_RATIO": 0.0,
  "VX2-VX1_RATIO_velocity_10d": 0.0012199623044580222,
  "VXTH": 0.0014845340512692929,
  "VXTH_change_21d": 0.0014429872622713446,
  "VXTH_zscore_63d": 0.0020797144155949355,
  "VXTLT": 0.001504536485299468,
  "VXTLT_acceleration_5d": 0.0011345126200467347,
  "VXTLT_change_21d": 0.002092413185164332,
  "VXTLT_percentile_126d": 0.0020360701717436315,
  "VXTLT_percentile_252d": 0.0007452607620507479,
  "VXTLT_percentile_63d": 0.0019446642138063908,
  "VXTLT_velocity_10d": 0.0012431108858436345,
  "VXTLT_vs_ma21": 0.0013565734028816224,
  "VXTLT_vs_ma63": 0.001264750910922885,
  "VXTLT_zscore_63d": 0.0010320794768631457,
  "adx_14": 0.004568833997473121,
  "bb_position_20d": 0.0032182530499994754,
  "bb_width_20d": 0.003957835165783763,
  "bond_vol_regime": 0.0,
  "both_near_boundary_flag": 0.0,
  "both_regimes_changed_flag": 0.0,
  "cboe_stress_composite": 0.0017003814224153756,
  "cboe_stress_regime": 0.0,
  "claims_4wk_ma": 0.004269482474774123,
  "claims_percentile_52w": 0.0044637475162744526,
  "claims_regime": 0.0,
  "claims_velocity_4w": 0.00409528505988419,
  "claims_velocity_zscore": 0.004491458833217621,
  "claims_zscore_52w": 0.004361083218827844,
  "correlation_regime": 3.75832081772387e-05,
  "credit_quality_spread": 0.004271818976849318,
  "credit_stress_composite": 0.005007708305492997,
  "credit_vol_divergence": 0.003808982390910387,
  "credit_vol_stress_composite": 0.00484728766605258,
  "credit_widening_regime": 0.0009986422024667262,
  "cross_asset_vol_cluster": 0.0004957265686243772,
  "crude_oil_ret_10d": 0.004544616164639592,
  "crude_oil_ret_21d": 0.0035765523556619883,
  "crude_oil_ret_63d": 0.005952654033899307,
  "crude_oil_vol_21d": 0.004890279052779079,
  "crude_oil_vol_21d_log": 0.002559433085843921,
  "crude_oil_zscore_63d": 0.004567456152290106,
  "day_of_month": 0.00586186908185482,
  "day_of_week": 0.0004227452096529305,
  "days_in_joint_regime": 0.0009738406399264932,
  "days_in_regime": 0.004692416731268167,
  "days_in_skew_regime": 0.004998352425172925,
  "equity_vol_corr_breakdown": 0.003833147743716836,
  "equity_vol_divergence": 0.0036126749590039255,
  "fin_stress_index": 0.004682719521224499,
  "gold_ret_10d": 0.004421062208712101,
  "gold_ret_21d": 0.005644472781568766,
  "gold_ret_63d": 0.004023771127685904,
  "gold_spx_divergence": 0.0033052501734346152,
  "hy_b_spread": 0.0053319351747632025,
  "hy_b_velocity_21d": 0.004375055711716413,
  "hy_bb_spread": 0.004553842172026634,
  "hy_bb_velocity_21d": 0.004203956574201584,
  "hy_ccc_spread": 0.004165103286504745,
  "hy_ccc_velocity_21d": 0.0026275535579770803,
  "hy_spread": 0.006829435564577579,
  "hy_velocity_21d": 0.004256004793569445,
  "hy_zscore_252d": 0.005021515395492315,
  "ig_hy_spread": 0.00418445800896734,
  "initial_claims": 0.003834084700793028,
  "is_earnings_heavy": 0.0,
  "is_fomc_period": 0.0007956445217132569,
  "is_opex_week": 0.0,
  "joint_regime_change_flag": 0.0,
  "joint_regime_correlation": 0.0013076239731162787,
  "joint_regime_expected_return": 0.0014521165750920773,
  "joint_regime_frequency": 7.049505366012454e-05,
  "joint_regime_volatility": 0.0011366425082087518,
  "liquidity_regime": 0.0,
  "liquidity_stress_composite": 0.002180418837815523,
  "macd": 0.003817274537868798,
  "macd_histogram": 0.003911094414070249,
  "macd_signal": 0.005574750015512109,
  "month": 0.007306598033756018,
  "oil_term_regime": 0.0,
  "regime_change_flag": 0.0,
  "regime_distance_to_boundary": 0.0041968759149312975,
  "regime_expected_return_5d": 0.0,
  "regime_median_return_5d": 0.0,
  "regime_prob_crisis": 0.0,
  "regime_prob_elevated": 0.0,
  "regime_prob_stay": 0.0,
  "regime_prob_up_5d": 0.0,
  "regime_return_std_5d": 0.0,
  "regime_spike_prob": 0.0,
  "regime_transition_risk": 0.0035127504728734494,
  "regime_vol_of_vol": 0.0,
  "regime_within_regime_percentile": 0.0029102250933647155,
  "reversion_strength_21d": 0.003970207972452044,
  "reversion_strength_63d": 0.00569937089458108,
  "risk_premium_extreme_low_252d": 0.0,
  "risk_premium_extreme_low_63d": 9.295301861129701e-05,
  "risk_premium_ma21": 0.004375210031867027,
  "risk_premium_percentile_126d": 0.0038616770645603536,
  "risk_premium_percentile_21d": 0.0038876133039593697,
  "risk_premium_percentile_252d": 0.005255374684929847,
  "risk_premium_percentile_63d": 0.002855419833213091,
  "risk_premium_percentile_velocity": 0.0038900815648958086,
  "risk_premium_regime": 0.0,
  "risk_premium_velocity": 0.004639820335432887,
  "risk_premium_zscore": 0.005298254825174808,
  "rsi_14": 0.006675596348941326,
  "rsi_divergence": 0.0031166087836027147,
  "rsi_regime": 0.0,
  "skew_boundary_distance": 0.0035945416311733425,
  "skew_complacency_flag": 0.0,
  "skew_distance_to_boundary": 0.001655284920707345,
  "skew_expected_5d_return": 0.0,
  "skew_extreme_tail_flag": 0.0,
  "skew_percentile_252d": 0.0033995335921645164,
  "skew_percentile_63d": 0.0029233218170702457,
  "skew_regime_behavior": 0.0,
  "skew_regime_change_flag": 0.0,
  "skew_regime_displacement": 0.0035341938259080053,
  "skew_regime_numeric": 0.0,
  "skew_regime_transition_direction": 0.00045122443698346614,
  "skew_vix_ratio": 0.006899203266948461,
  "skew_vix_ratio_percentile_252d": 0.008968347776681184,
  "skew_vix_ratio_regime": 0.0016899755224585532,
  "skew_vix_ratio_velocity_10d": 0.0025172645691782236,
  "skew_within_regime_zscore": 0.003410526039078832,
  "spx_body_size": 0.0017789882607758046,
  "spx_body_to_range": 0.0019431083812378347,
  "spx_close_position": 0.002915795100852847,
  "spx_gap": 0.002191873942501843,
  "spx_gap_extreme_flag": 0.0,
  "spx_gap_magnitude": 0.002458936767652631,
  "spx_gap_magnitude_extreme_flag": 0.0018732990603893996,
  "spx_kurt_21d": 0.004037970335048158,
  "spx_lag1": 0.004503057734109461,
  "spx_lower_rejection": 0.001299567159730941,
  "spx_lower_shadow": 0.0016875794855877758,
  "spx_momentum_z_10d": 0.0024000850506126882,
  "spx_momentum_z_21d": 0.003338763886131346,
  "spx_range": 0.002341114915907383,
  "spx_range_expansion": 0.0014024207921465859,
  "spx_range_pct": 0.003373855818063021,
  "spx_realized_vol_10d": 0.004068952891975642,
  "spx_realized_vol_21d": 0.00578313646838069,
  "spx_realized_vol_21d_acceleration_5d": 0.004051686124876141,
  "spx_realized_vol_21d_log": 0.0,
  "spx_realized_vol_21d_velocity_3d": 0.0019003700930625201,
  "spx_realized_vol_63d": 0.003989848028868437,
  "spx_realized_vol_63d_x_regime_0": 0.004283266142010689,
  "spx_realized_vol_63d_x_regime_1": 0.005073783127591014,
  "spx_realized_vol_63d_x_regime_2": 0.0007144621573388577,
  "spx_realized_vol_63d_x_regime_3": 0.0010708103887736796,
  "spx_ret_10d": 0.0031285140197724105,
  "spx_ret_1d": 0.0027359523926861586,
  "spx_ret_21d": 0.0036828560754656793,
  "spx_ret_5d": 0.006286844611167908,
  "spx_ret_5d_regime_adj": 0.0024354871362447738,
  "spx_ret_63d": 0.004262468032538891,
  "spx_skew_21d": 0.0049345492850989105,
  "spx_upper_rejection": 0.001636846223846078,
  "spx_upper_shadow": 0.002185870241373777,
  "spx_vix_corr_126d": 0.0048069611191749574,