{
  "spx_lag1": 0.0012470902525819837,
  "vix_ret_1d": 0.0006553872488439083,
  "vix_ret_5d": 0.0013356257695704699,
  "vix_ret_10d": 0.001156724657630548,
  "vix_ret_21d": 0.0011662255856208503,
  "vix_vol_10d": 0.0043749046511948105,
  "vix_vol_21d": 0.0032485074130818247,
  "vix_vol_63d": 0.003992136102169752,
  "vix_velocity_5d": 0.008905694156419485,
  "vix_velocity_10d": 0.0026778455590829252,
  "vix_velocity_21d": 0.003263213858008385,
  "vix_vs_ma10": 0.0051923304796218876,
  "vix_vs_ma21": 0.003115383442491293,
  "vix_vs_ma63": 0.003996150055900216,
  "vix_vs_ma252": 0.0030590768670663237,
  "vix_zscore_21d": 0.0028234395664185285,
  "vix_zscore_63d": 0.0025835395674221216,
  "vix_zscore_252d": 0.008088003378361464,
  "vix_momentum_z_10d": 0.001607535150833428,
  "vix_momentum_z_21d": 0.002728610741905868,
  "vix_accel_5d": 0.0030037945602089168,
  "vix_stretch_ma21": 0.0013343282393179835,
  "vix_stretch_ma63": 0.0027423292165622117,
  "reversion_strength_21d": 0.0033473306451924146,
  "reversion_strength_63d": 0.003118389192968607,
  "vix_bb_position_20d": 0.0037492208648473024,
  "vix_extreme_low_21d": 0.0,
  "vix_regime": 0.0,
  "days_in_regime": 0.011594047583639622,
  "regime_distance_to_boundary": 0.005192687828093767,
  "regime_within_regime_percentile": 0.0016122580505907535,
  "regime_change_flag": 1.7425388796254994e-05,
  "time_in_regime_pct": 0.00959836971014738,
  "regime_expected_return_5d": 0.0,
  "regime_median_return_5d": 0.0,
  "regime_return_std_5d": 0.0,
  "regime_prob_up_5d": 0.0,
  "regime_vol_of_vol": 0.0,
  "regime_spike_prob": 0.0011233112774789334,
  "regime_prob_stay": 0.0,
  "regime_prob_crisis": 0.0,
  "regime_prob_elevated": 0.0,
  "vix1m_vix3m_ratio": 0.011796083999797702,
  "vix_term_slope_short": 0.015073519572615624,
  "vix_term_slope_velocity_21d": 0.0027990087401121855,
  "vix_term_ratio_zscore_63d": 0.0037407159339636563,
  "vix3m_vix6m_ratio": 0.003050538501702249,
  "vix_term_slope_long": 0.0047546553425490854,
  "vix_term_curvature": 0.0024857887998223304,
  "vix_term_curvature_zscore": 0.00251634179148823,
  "spx_ret_1d": 0.000931146476068534,
  "spx_ret_5d": 0.00678418402094394,
  "spx_ret_10d": 0.0022457574028521775,
  "spx_ret_21d": 0.004628846934065223,
  "spx_ret_63d": 0.0032455428503453732,
  "spx_vs_ma20": 0.008869083411991597,
  "spx_vs_ma50": 0.004378322325646877,
  "spx_vs_ma200": 0.0031028365716338157,
  "spx_momentum_z_10d": 0.001458452665247023,
  "spx_momentum_z_21d": 0.0036391202127560975,
  "spx_realized_vol_10d": 0.003045830107294023,
  "spx_realized_vol_21d": 0.00494851553812623,
  "spx_realized_vol_63d": 0.006119551882147789,
  "spx_vol_ratio_10_21": 0.004595532594248652,
  "spx_vol_ratio_10_63": 0.005290581192821264,
  "spx_skew_21d": 0.0035150940995663403,
  "spx_kurt_21d": 0.0030062207020819186,
  "bb_position_20d": 0.0072764532640576364,
  "bb_width_20d": 0.007014262629672885,
  "rsi_14": 0.002663518744520843,
  "rsi_regime": 0.001172152697108686,
  "rsi_divergence": 0.002215894334949553,
  "macd": 0.0035024487879127264,
  "macd_signal": 0.004606978455558419,
  "macd_histogram": 0.0035553916823118925,
  "adx_14": 0.003590479027479887,
  "trend_strength": 0.004410589160397649,
  "spx_body_size": 0.0010574800660833716,
  "spx_range": 0.0007847815752029419,
  "spx_range_pct": 0.000982433999888599,
  "spx_upper_shadow": 0.0010357730119721965,
  "spx_lower_shadow": 0.0010518545750528574,
  "spx_close_position": 0.0012232067296281458,
  "spx_body_to_range": 0.0015348126529715956,
  "spx_gap": 0.001663569372612983,
  "spx_gap_magnitude": 0.001278494147118181,
  "spx_upper_rejection": 0.0008786523714661599,
  "spx_lower_rejection": 0.001263614844356198,
  "spx_range_expansion": 0.0008664940483868122,
  "spx_vix_corr_21d": 0.0038433786015957595,
  "spx_vix_corr_63d": 0.004848091024905443,
  "spx_vix_corr_126d": 0.0034633054165169597,
  "vix_vs_rv_10d": 0.003134187497198582,
  "vix_rv_ratio_10d": 0.004352834355086088,
  "vix_vs_rv_21d": 0.005847419053316117,
  "vix_rv_ratio_21d": 0.005255540553480387,
  "SKEW": 0.0020176466554403306,
  "skew_regime": 0.0,
  "skew_vs_vix": 0.0020132413599640133,
  "skew_vix_ratio": 0.0014457209035754204,
  "skew_displacement": 0.0013985557481646538,
  "pc_equity_inst_divergence": 0.0007340459153056145,
  "pcc_accel_10d": 0.0012943627312779426,
  "COR1M": 0.003946366161108017,
  "COR1M_change_21d": 0.0012926355935633182,
  "COR1M_zscore_63d": 0.0012644213566090912,
  "COR3M": 0.0012920389883220196,
  "COR3M_change_21d": 0.00261261616833508,
  "COR3M_zscore_63d": 0.001418686262331903,
  "cor_term_structure": 0.0018234912306070328,
  "cor_term_slope_change_21d": 0.001688367873430252,
  "VXTH": 0.004517596773803234,
  "VXTH_change_21d": 0.0017345395404845475,
  "VXTH_zscore_63d": 0.0018624359276145698,
  "vxth_vix_ratio": 0.0013384747551754117,
  "VXTLT": 0.002715722960419953,
  "VXTLT_change_21d": 0.003298325603827834,
  "VXTLT_zscore_63d": 0.003791115200147033,
  "VXTLT_velocity_10d": 0.003958107950165868,
  "VXTLT_acceleration_5d": 0.0023877212777733805,
  "bond_vol_regime": 0.0,
  "vxtlt_vix_ratio": 0.0032010300317779185,
  "vxtlt_vix_spread": 0.01308236112818122,
  "VXTLT_percentile_63d": 0.0060014465358108286,
  "VXTLT_percentile_126d": 0.0031841096002608537,
  "VXTLT_percentile_252d": 0.0050594438798725605,
  "VXTLT_vs_ma21": 0.004569489974528551,
  "VXTLT_vs_ma63": 0.0024697680026292803,
  "cboe_stress_composite": 0.0010429414513055235,
  "cboe_stress_regime": 0.0,
  "vx_contango_pct": 0.0013352514477446675,
  "vx_contango_5d_change": 0.001472369604744017,
  "vx_contango_zscore": 0.001999114267528057,
  "vx1_return_5d": 0.003638273314572871,
  "vx2_return_5d": 0.0020691897720098496,
  "vx_curve_2_1_ratio": 0.002584930881857872,
  "vx_curve_3_2_ratio": 0.0021709663793444633,
  "vx_curve_4_3_ratio": 0.005926982313394546,
  "vx_curve_steepness": 0.004015728365629911,
  "vx_oi_front_concentration": 0.003892768663354218,
  "vx_oi_imbalance": 0.0002829973818734288,
  "vx_oi_5d_change": 0.003864050982519984,
  "vx_oi_zscore_63d": 0.0026531974552199246,
  "vx_oi_surge": 0.004114917712286115,
  "vx_churn_ratio": 0.0038570702075958253,
  "vx_churn_zscore_63d": 0.0014233855996280908,
  "vx_roll_yield_annualized": 0.004075051937252283,
  "vx_roll_cost_5d": 0.0023848053067922594,
  "vx_roll_yield_zscore_63d": 0.003197105694562197,
  "vx_momentum_5d": 0.0,
  "vx_momentum_zscore": 0.0016271668951958417,
  "CL1-CL2": 0.006009845808148384,
  "CL1-CL2_velocity_5d": 0.0027770613320171832,
  "CL1-CL2_zscore_63d": 0.0037524384912103414,
  "oil_term_regime": 0.0,
  "crude_oil_ret_10d": 0.0024138540960848332,
  "crude_oil_ret_21d": 0.00499929734505713,
  "crude_oil_ret_63d": 0.004486670950427651,
  "crude_oil_vol_21d": 0.003469283739104867,
  "crude_oil_zscore_63d": 0.0035781196784228086,
  "DX1-DX2": 0.003070377674885094,
  "DX1-DX2_velocity_5d": 0.003976228577084839,
  "DX1-DX2_zscore_63d": 0.003354235179722309,
  "dxy_ret_10d": 0.0028308851178735495,
  "dxy_ret_21d": 0.0027607569936662912,
  "dxy_ret_63d": 0.0036554638762027027,
  "dxy_vs_ma50": 0.0029028471559286117,
  "dxy_vs_ma200": 0.004368686117231846,
  "dxy_vol_21d": 0.003318193694576621,
  "dollar_crude_corr_21d": 0.002844594931229949,
  "spx_dollar_corr_21d": 0.0037218406330794098,
  "initial_claims": 0.004996751574799419,
  "claims_4wk_ma": 0.004564883373677731,
  "claims_velocity_4w": 0.003844462800770998,
  "claims_zscore_52w": 0.003433608636260033,
  "claims_percentile_52w": 0.005292407795786857,
  "claims_regime": 0.0,
  "claims_velocity_zscore": 0.0050329739227890965,
  "fin_stress_index": 0.004753534169867635,
  "stress_velocity_4w": 0.005579895013943315,
  "stress_zscore_52w": 0.0036276163998991253,
  "stress_extreme": 0.0,
  "stress_regime": 0.0,
  "hy_spread": 0.003929356089793145,
  "hy_velocity_21d": 0.005327328480780125,
  "hy_zscore_252d": 0.004600087346625514,
  "hy_bb_spread": 0.004027031548321247,
  "hy_bb_velocity_21d": 0.004998948844149709,
  "hy_b_spread": 0.0048370483797043565,