{
  "correlation_threshold": 0.9246,
  "n_removed_correlation": 15,
  "n_samples": 4859,
  "n_selected": 96,
  "random_state": 42,
  "target_type": "up",
  "top_10_features": [
    "vix_velocity_5d_regime_adj",
    "vix_vs_ma10",
    "skew_vix_ratio_percentile_252d",
    "month",
    "skew_vix_ratio",
    "hy_spread",
    "rsi_14",
    "vix_zscore_252d",
    "spx_ret_5d",
    "crude_oil_ret_63d"
  ],
  "top_10_importance": [
    0.010736140329390765,
    0.009003180544823408,
    0.008968347869813442,
    0.007306598452851176,
    0.006899203080683947,
    0.006829435285180807,
    0.006675596348941326,
    0.006420384347438812,
    0.006286845076829195,
    0.005952654033899307
  ],
  "top_n": 96
}