{
  "spx_lag1": 0.006382253021001816,
  "vix_ret_1d": 0.0016915439045988023,
  "vix_ret_5d": 0.005783470533788204,
  "vix_ret_10d": 0.005342848226428032,
  "vix_ret_21d": 0.005175964441150427,
  "vix_vol_10d": 0.005959643237292767,
  "vix_vol_21d": 0.004191462136805058,
  "vix_vol_63d": 0.006109091080725193,
  "vix_velocity_5d": 0.009593890979886055,
  "vix_velocity_10d": 0.006578968279063702,
  "vix_velocity_21d": 0.003852464258670807,
  "vix_vs_ma10": 0.012211944721639157,
  "vix_vs_ma21": 0.006367459613829851,
  "vix_vs_ma63": 0.007802722137421369,
  "vix_vs_ma252": 0.006302925571799278,
  "vix_zscore_21d": 0.006767772790044546,
  "vix_zscore_63d": 0.006104267854243517,
  "vix_zscore_252d": 0.01000300021842122,
  "vix_momentum_z_10d": 0.00339395250484813,
  "vix_momentum_z_21d": 0.0031997305108234287,
  "vix_accel_5d": 0.00630794670432806,
  "vix_stretch_ma21": 0.004751441068947315,
  "vix_stretch_ma63": 0.005158368754200638,
  "reversion_strength_21d": 0.0036071981769055126,
  "reversion_strength_63d": 0.007356393523514271,
  "vix_bb_position_20d": 0.006616851035505533,
  "vix_extreme_low_21d": 0.0025508150458335875,
  "vix_regime": 0.00334955882281065,
  "days_in_regime": 0.009005021769553423,
  "regime_distance_to_boundary": 0.005703332554548979,
  "regime_within_regime_percentile": 0.004585025645792484,
  "regime_change_flag": 0.0,
  "time_in_regime_pct": 0.004165854770690203,
  "regime_expected_return_5d": 0.00434293169528246,
  "regime_median_return_5d": 0.0,
  "regime_return_std_5d": 0.0,
  "regime_prob_up_5d": 0.0,
  "regime_vol_of_vol": 0.0,
  "regime_spike_prob": 0.0,
  "regime_prob_stay": 0.0,
  "regime_prob_crisis": 0.0,
  "regime_prob_elevated": 0.0,
  "spx_ret_1d": 0.004519337514648214,
  "spx_ret_5d": 0.008305623847991227,
  "spx_ret_10d": 0.004508021147921681,
  "spx_ret_21d": 0.004400179209187627,
  "spx_ret_63d": 0.006013693939894438,
  "spx_vs_ma20": 0.00605605598539114,
  "spx_vs_ma50": 0.007722621131688356,
  "spx_vs_ma200": 0.006798152765259147,
  "spx_momentum_z_10d": 0.0050183265469968315,
  "spx_momentum_z_21d": 0.005336674489080906,
  "spx_realized_vol_10d": 0.007511877920478582,
  "spx_realized_vol_21d": 0.006176757509820163,
  "spx_realized_vol_63d": 0.008176973648369312,
  "spx_vol_ratio_10_21": 0.005843780748546123,
  "spx_vol_ratio_10_63": 0.004137661959975958,
  "spx_skew_21d": 0.00588459400460124,
  "spx_kurt_21d": 0.004814254818484187,
  "bb_position_20d": 0.009731496684253216,
  "bb_width_20d": 0.005773193575441838,
  "rsi_14": 0.009834890998899937,
  "rsi_regime": 0.0,
  "rsi_divergence": 0.0029515464091673495,
  "macd": 0.005843363655731082,
  "macd_signal": 0.0065319230780005455,
  "macd_histogram": 0.0019377165706828236,
  "adx_14": 0.005792691558599472,
  "trend_strength": 0.005329051148146391,
  "spx_body_size": 0.0006535802036523819,
  "spx_range": 0.004330079164355993,
  "spx_range_pct": 0.005439174710772932,
  "spx_upper_shadow": 0.0011734394822269679,
  "spx_lower_shadow": 0.000548740744125098,
  "spx_close_position": 0.005528021138161421,
  "spx_body_to_range": 0.0016383337788283825,
  "spx_gap": 0.00044003939256072045,
  "spx_gap_magnitude": 0.0039030791260302065,
  "spx_upper_rejection": 0.0,
  "spx_lower_rejection": 0.0018095203209668397,
  "spx_range_expansion": 0.0009075822308659554,
  "spx_vix_corr_21d": 0.004221946280449629,
  "spx_vix_corr_63d": 0.004045420372858643,
  "spx_vix_corr_126d": 0.006770436465740204,
  "vix_vs_rv_10d": 0.005568783637136221,
  "vix_rv_ratio_10d": 0.0050862208940088745,
  "vix_vs_rv_21d": 0.00555143915116787,
  "vix_rv_ratio_21d": 0.006168077327311039,
  "SKEW": 0.0,
  "skew_regime": 0.0,
  "skew_vs_vix": 0.0012222030200064182,
  "skew_vix_ratio": 0.0026384190656244754,
  "skew_displacement": 0.0005225473549216985,
  "pc_equity_inst_divergence": 0.0,
  "pcc_accel_10d": 0.0,
  "COR1M": 0.0023045807145535948,
  "COR1M_change_21d": 0.0007131395395845175,
  "COR1M_zscore_63d": 0.0007322464138269424,
  "COR3M": 0.0023049334064126014,
  "COR3M_change_21d": 0.0014404687099158764,
  "COR3M_zscore_63d": 0.0,
  "cor_term_structure": 0.0010156286880373955,
  "cor_term_slope_change_21d": 0.0018269052729010583,
  "VXTH": 0.001827699365094304,
  "VXTH_change_21d": 0.0007013645488768816,
  "VXTH_zscore_63d": 0.0,
  "vxth_vix_ratio": 0.0009417964145541191,
  "VXTLT": 0.005066295899450779,
  "VXTLT_change_21d": 0.002820562245324254,
  "VXTLT_zscore_63d": 0.000572568632196635,
  "VXTLT_velocity_10d": 0.006070800684392452,
  "VXTLT_acceleration_5d": 0.0050241363700479266,
  "bond_vol_regime": 0.0,
  "vxtlt_vix_ratio": 0.0074734813533723354,
  "vxtlt_vix_spread": 0.007779550459235907,
  "VXTLT_percentile_63d": 0.0053236674517393116,
  "VXTLT_percentile_126d": 0.006140669714659453,
  "VXTLT_percentile_252d": 0.004222055012360215,
  "VXTLT_vs_ma21": 0.00275267472025007,
  "VXTLT_vs_ma63": 0.0049990563653409485,
  "cboe_stress_composite": 0.0035853313049301503,
  "cboe_stress_regime": 0.0,
  "vx_contango_pct": 0.0,
  "vx_contango_5d_change": 0.0017862374894320964,
  "vx_contango_zscore": 0.0,
  "vx1_return_5d": 0.0,
  "vx2_return_5d": 0.0008285745047032833,
  "vx_curve_2_1_ratio": 0.0,
  "vx_curve_3_2_ratio": 0.0007685292977839709,
  "vx_curve_4_3_ratio": 0.0010277210734784604,
  "vx_curve_steepness": 0.002539494074881077,
  "vx_oi_front_concentration": 0.0019941295497119425,
  "vx_oi_imbalance": 0.0022064088843762875,
  "vx_oi_5d_change": 0.0020670179277658463,
  "vx_oi_zscore_63d": 0.0016152422409504651,
  "vx_oi_surge": 0.001385207287967205,
  "vx_churn_ratio": 0.0030041296035051347,
  "vx_churn_zscore_63d": 0.0009849981404840946,
  "vx_roll_yield_annualized": 0.0012627500109374523,
  "vx_roll_cost_5d": 0.0,
  "vx_roll_yield_zscore_63d": 0.0022478898055851458,
  "vx_momentum_5d": 0.0,
  "vx_momentum_zscore": 0.0015370222739875317,
  "CL1-CL2": 0.005804589763283729,
  "CL1-CL2_velocity_5d": 0.0040143923833966255,
  "CL1-CL2_zscore_63d": 0.004039120068773628,
  "oil_term_regime": 0.0011039895936846734,
  "crude_oil_ret_10d": 0.008250026870518923,
  "crude_oil_ret_21d": 0.0039555875584483145,
  "crude_oil_ret_63d": 0.006059100665152073,
  "crude_oil_vol_21d": 0.00543079967610538,
  "crude_oil_zscore_63d": 0.006281529786065221,
  "DX1-DX2": 0.002413611486554146,
  "DX1-DX2_velocity_5d": 0.0036851166281849147,
  "DX1-DX2_zscore_63d": 0.004112681513652206,
  "dxy_ret_10d": 0.006908765155822038,
  "dxy_ret_21d": 0.005705395573750138,
  "dxy_ret_63d": 0.005593618750572205,
  "dxy_vs_ma50": 0.0041021945420652624,
  "dxy_vs_ma200": 0.004560498613864183,
  "dxy_vol_21d": 0.004178173863328994,
  "dollar_crude_corr_21d": 0.0059211735613644125,
  "spx_dollar_corr_21d": 0.004163995292037726,
  "initial_claims": 0.006298951106145978,
  "claims_4wk_ma": 0.005976759921759367,
  "claims_velocity_4w": 0.004879141272976994,
  "claims_zscore_52w": 0.0055158895440399645,
  "claims_percentile_52w": 0.005941265542060137,
  "claims_regime": 0.0,
  "claims_velocity_zscore": 0.005988470930606127,
  "fin_stress_index": 0.00453139296732843,
  "stress_velocity_4w": 0.005113195022568106,
  "stress_zscore_52w": 0.003469473961740732,
  "stress_extreme": 0.0,
  "stress_regime": 0.0,
  "hy_spread": 0.005483191274106502,
  "hy_velocity_21d": 0.002324340524501167,
  "hy_zscore_252d": 0.004748562537133694,
  "hy_bb_spread": 0.0053750832565128805,
  "hy_bb_velocity_21d": 0.00596154723316431,
  "hy_b_spread": 0.006774581409990788,
  "hy_b_velocity_21d": 0.00358846141025424,
  "hy_ccc_spread": 0.004040013812482357,
  "hy_ccc_velocity_21d": 0.002988401334732771,
  "credit_quality_spread": 0.003293562773615122,
  "credit_widening_regime": 0.003758902382105589,
  "ig_hy_spread": 0.0050254263915121555,
  "credit_stress_composite": 0.008360602147877216,
  "sofr": 0.0,
  "sofr_ff_spread": 0.0,
  "funding_stress": 0.0006594364065676927,
  "funding_stress_zscore": 0.001112425047904253,
  "funding_stress_regime": 0.0,
  "sofr_velocity_5d": 0.0,
  "yield_10y2y": 0.0,
  "yield_10y2y_zscore": 0.0,
  "yield_10y3m": 0.006564069166779518,