{
  "10y_vol_63d": 0.0011037272401154042,
  "30y_vol_63d": 0.0027248653350397944,
  "6m_vol_63d_fred": 0.0026501793414354323,
  "CL1-CL2": 0.0016812055022455753,
  "CL1-CL2_velocity_5d": 0.0012307437369599938,
  "CL1-CL2_zscore_63d": 0.002970519568771124,
  "Gold_lag1": 0.0017885603359900416,
  "Gold_zscore_63d": 0.003227826836518943,
  "SKEW": 0.0024433276150375603,
  "SKEW_extreme_low_252d": 2.7470570057630538e-05,
  "SKEW_extreme_low_63d": 0.0,
  "SKEW_jerk_5d": 0.0029684724868275225,
  "SKEW_momentum_regime": 0.0004906966190901585,
  "SKEW_percentile_126d": 0.00275305041577667,
  "SKEW_percentile_21d": 0.0009525966335786507,
  "SKEW_percentile_252d": 0.006367164244875312,
  "SKEW_percentile_63d": 0.007698352308943867,
  "SKEW_percentile_velocity": 0.003257617959752679,
  "VX1-VX2": 0.0012205302016809582,
  "VX1-VX2_change_21d": 0.0011572333984076976,
  "VX1-VX2_percentile_63d": 0.0013424529228359462,
  "VX1-VX2_zscore_63d": 0.006064912583678961,
  "VX2-VX1_RATIO": 0.0,
  "VX2-VX1_RATIO_velocity_10d": 0.0008964031003415585,
  "VXTH": 0.005705764354206622,
  "VXTH_change_21d": 0.0009890582878142595,
  "VXTH_zscore_63d": 0.0015358293894678354,
  "VXTLT": 0.0014483165927231313,
  "VXTLT_acceleration_5d": 0.0016871624160557986,
  "VXTLT_change_21d": 0.0009485958376899362,
  "VXTLT_percentile_126d": 0.000321464124135673,
  "VXTLT_percentile_252d": 0.0012857181020081044,
  "VXTLT_percentile_63d": 0.000683282595127821,
  "VXTLT_velocity_10d": 0.0007943350588902831,
  "VXTLT_vs_ma21": 0.004154548887163401,
  "VXTLT_vs_ma63": 0.0017436934635043145,
  "VXTLT_zscore_63d": 0.0017785931006073952,
  "adx_14": 0.003299246495589614,
  "bb_position_20d": 0.003242325549945235,
  "bb_width_20d": 0.007310364441946149,
  "bond_vol_regime": 0.0,
  "both_near_boundary_flag": 0.0005342566408216953,
  "both_regimes_changed_flag": 0.0,
  "cboe_stress_composite": 0.0016742619685828687,
  "cboe_stress_regime": 0.0,
  "claims_4wk_ma": 0.004412604123353958,
  "claims_percentile_52w": 0.005274600000120699,
  "claims_regime": 0.0,
  "claims_velocity_4w": 0.0047875411808490755,
  "claims_velocity_zscore": 0.0040824947413057085,
  "claims_zscore_52w": 0.004097974114120007,
  "correlation_regime": 0.0018129501491785049,
  "credit_quality_spread": 0.005811362364329398,
  "credit_stress_composite": 0.007384090311825275,
  "credit_vol_divergence": 0.0017511996673420071,
  "credit_vol_stress_composite": 0.003336445172317326,
  "credit_widening_regime": 0.0,
  "cross_asset_vol_cluster": 0.0014941945672035217,
  "crude_oil_ret_10d": 0.0014509682543575764,
  "crude_oil_ret_21d": 0.004096871567890048,
  "crude_oil_ret_63d": 0.004356719879433512,
  "crude_oil_vol_21d": 0.0026234559481963515,
  "crude_oil_vol_21d_log": 0.0,
  "crude_oil_zscore_63d": 0.004698591469787061,
  "day_of_month": 0.005637158360332251,
  "day_of_week": 0.0012040155561408028,
  "days_in_joint_regime": 0.0035013581858947874,
  "days_in_regime": 0.017368365451693533,
  "days_in_skew_regime": 0.004098975006490946,
  "equity_vol_corr_breakdown": 0.003155961399897933,
  "equity_vol_divergence": 0.004859253950417042,
  "fin_stress_index": 0.012888116482645273,
  "gold_ret_10d": 0.003984843660145998,
  "gold_ret_21d": 0.006097496557049453,
  "gold_ret_63d": 0.004038530751131475,
  "gold_spx_divergence": 0.002434077917132527,
  "hy_b_spread": 0.004423981456784532,
  "hy_b_velocity_21d": 0.0031555155059322716,
  "hy_bb_spread": 0.00404481110163033,
  "hy_bb_velocity_21d": 0.007925364095717669,
  "hy_ccc_spread": 0.0040641793515533205,
  "hy_ccc_velocity_21d": 0.008128301240503788,
  "hy_spread": 0.008874375000596046,
  "hy_velocity_21d": 0.010483297426253558,
  "hy_zscore_252d": 0.0050328553188592196,
  "ig_hy_spread": 0.0001256788265891373,
  "initial_claims": 0.003231877041980624,
  "is_earnings_heavy": 3.1361699802801014e-05,
  "is_fomc_period": 0.0016400749183958397,
  "is_opex_week": 0.000185981800314039,
  "joint_regime_change_flag": 0.0,
  "joint_regime_correlation": 0.0024408786790445446,
  "joint_regime_expected_return": 0.0025523241492919624,
  "joint_regime_frequency": 0.0005960561102256179,
  "joint_regime_volatility": 0.0003934219479560852,
  "liquidity_regime": 0.0,
  "liquidity_stress_composite": 0.0020433034980669616,
  "macd": 0.007526397635228932,
  "macd_histogram": 0.0019123619422316551,
  "macd_signal": 0.005864159460179508,
  "month": 0.004593588039278984,
  "oil_term_regime": 0.0,
  "regime_change_flag": 0.0,
  "regime_distance_to_boundary": 0.003739368519745767,
  "regime_expected_return_5d": 0.0,
  "regime_median_return_5d": 0.0,
  "regime_prob_crisis": 0.0,
  "regime_prob_elevated": 0.001707293465733528,
  "regime_prob_stay": 0.0,
  "regime_prob_up_5d": 0.0,
  "regime_return_std_5d": 0.0,
  "regime_spike_prob": 0.0,
  "regime_transition_risk": 0.002348627126775682,
  "regime_vol_of_vol": 0.0,
  "regime_within_regime_percentile": 0.0037790133617818357,
  "reversion_strength_21d": 0.0021490592625923455,
  "reversion_strength_63d": 0.003386041847988963,
  "risk_premium_extreme_low_252d": 0.0,
  "risk_premium_extreme_low_63d": 0.0,
  "risk_premium_ma21": 0.006371262017637491,
  "risk_premium_percentile_126d": 0.003912393562495708,
  "risk_premium_percentile_21d": 0.005392235796898603,
  "risk_premium_percentile_252d": 0.00454597482457757,
  "risk_premium_percentile_63d": 0.0038845288567245007,
  "risk_premium_percentile_velocity": 0.0036598308943212032,
  "risk_premium_regime": 0.0005399273242801428,
  "risk_premium_velocity": 0.004539057658985257,
  "risk_premium_zscore": 0.005144826369360089,
  "rsi_14": 0.006330247828736901,
  "rsi_divergence": 0.002308826943044551,
  "rsi_regime": 0.0,
  "skew_boundary_distance": 0.0022034639958292248,
  "skew_complacency_flag": 0.0,
  "skew_distance_to_boundary": 0.0008325169794261456,
  "skew_expected_5d_return": 0.0,
  "skew_extreme_tail_flag": 0.0,
  "skew_percentile_252d": 0.0013415508437901735,
  "skew_percentile_63d": 0.0036890778224915265,
  "skew_regime_behavior": 0.0,
  "skew_regime_change_flag": 0.0,
  "skew_regime_displacement": 0.005462053185328841,
  "skew_regime_numeric": 0.0,
  "skew_regime_transition_direction": 0.00011147561017423868,
  "skew_vix_ratio": 0.005557766300626099,
  "skew_vix_ratio_percentile_252d": 0.0026858077850192784,
  "skew_vix_ratio_regime": 0.0,
  "skew_vix_ratio_velocity_10d": 0.0017063366249203682,
  "skew_within_regime_zscore": 0.001447498076595366,
  "spx_body_size": 0.0013934250106103717,
  "spx_body_to_range": 0.001642209431156516,
  "spx_close_position": 0.0017182879499159753,
  "spx_gap": 0.002915869280695915,
  "spx_gap_extreme_flag": 5.004275590181351e-05,
  "spx_gap_magnitude": 0.001997977262362838,
  "spx_gap_magnitude_extreme_flag": 0.0,
  "spx_kurt_21d": 0.0027460531797260045,
  "spx_lag1": 0.0018221469363197684,
  "spx_lower_rejection": 0.0022619625786319377,
  "spx_lower_shadow": 0.002683194167912006,
  "spx_momentum_z_10d": 0.005211891978979111,
  "spx_momentum_z_21d": 0.004027644079178572,
  "spx_range": 0.0016248062252998351,
  "spx_range_expansion": 0.0011265096429269761,
  "spx_range_pct": 0.0017227771342732013,
  "spx_realized_vol_10d": 0.004903350211679936,
  "spx_realized_vol_21d": 0.0029400216415524484,
  "spx_realized_vol_21d_acceleration_5d": 0.002505735796876252,
  "spx_realized_vol_21d_log": 0.0,
  "spx_realized_vol_21d_velocity_3d": 0.0024740487802773713,
  "spx_realized_vol_63d": 0.004275438608601689,
  "spx_realized_vol_63d_x_regime_0": 0.0029947835486382247,
  "spx_realized_vol_63d_x_regime_1": 0.003506577340885997,
  "spx_realized_vol_63d_x_regime_2": 0.001643282314762473,
  "spx_realized_vol_63d_x_regime_3": 0.0,
  "spx_ret_10d": 0.004092493280768395,
  "spx_ret_1d": 0.001992825325578451,
  "spx_ret_21d": 0.0035311566898599267,
  "spx_ret_5d": 0.002687891642563045,
  "spx_ret_5d_regime_adj": 0.003029285091906786,
  "spx_ret_63d": 0.005867683375254273,
  "spx_skew_21d": 0.003923469665460288,
  "spx_upper_rejection": 0.0019434327259659767,
  "spx_upper_shadow": 0.002289987646508962,