{
  "10y_vol_63d": 0.0035848178435117007,
  "30y_vol_63d": 0.004525195993483067,
  "6m_vol_63d_fred": 0.005714142043143511,
  "CL1-CL2": 0.004605300398543477,
  "CL1-CL2_velocity_5d": 0.0027920835185796023,
  "CL1-CL2_zscore_63d": 0.0035475716460496185,
  "COR1M": 0.0007908718660473823,
  "COR1M_change_21d": 0.001005981070920825,
  "COR1M_zscore_63d": 0.0010287492070347071,
  "COR3M": 0.0009382206015288829,
  "COR3M_change_21d": 0.000982693932019174,
  "COR3M_zscore_63d": 0.000683975382708013,
  "DX1-DX2": 0.0031938668806105854,
  "DX1-DX2_velocity_5d": 0.00255055227316916,
  "DX1-DX2_zscore_63d": 0.0028831003233790397,
  "SKEW": 0.000704348017461598,
  "SKEW_extreme_low_252d": 0.0,
  "SKEW_extreme_low_63d": 0.0,
  "SKEW_jerk_5d": 0.0007790879346430302,
  "SKEW_momentum_regime": 0.0005046225152909756,
  "SKEW_percentile_126d": 0.0010754410410299896,
  "SKEW_percentile_21d": 0.0009946666192263364,
  "SKEW_percentile_252d": 0.0014973893761634828,
  "SKEW_percentile_63d": 0.0008924803463742137,
  "SKEW_percentile_velocity": 0.0011101678945124149,
  "VXTH": 0.002421432454138994,
  "VXTH_change_21d": 0.0025854303501546385,
  "VXTH_zscore_63d": 0.00167892137542367,
  "VXTLT": 0.001097629824653268,
  "VXTLT_acceleration_5d": 0.0011848342139273882,
  "VXTLT_change_21d": 0.002078893966972828,
  "VXTLT_percentile_126d": 0.0014172762632369996,
  "VXTLT_percentile_252d": 0.001353420875966549,
  "VXTLT_percentile_63d": 0.002200935874134302,
  "VXTLT_velocity_10d": 0.0013452136423438787,
  "VXTLT_vs_ma21": 0.001173570193350315,
  "VXTLT_vs_ma63": 0.00014652704121544957,
  "VXTLT_zscore_63d": 0.0010986118111759424,
  "adx_14": 0.003804490342736244,
  "bb_position_20d": 0.0026424210518598557,
  "bb_width_20d": 0.004059296892955899,
  "bond_vol_regime": 0.0,
  "cboe_stress_composite": 0.0013614890165627002,
  "cboe_stress_regime": 0.0,
  "claims_4wk_ma": 0.00354487425647676,
  "claims_percentile_52w": 0.0035710121039301155,
  "claims_regime": 0.0004484028089791536,
  "claims_velocity_4w": 0.002989432355388999,
  "claims_velocity_zscore": 0.003977899486199021,
  "claims_zscore_52w": 0.004991609556600452,
  "cor_term_slope_change_21d": 0.0010064450558274983,
  "cor_term_structure": 0.0010304659139364959,
  "correlation_regime": 0.0,
  "credit_quality_spread": 0.004240990523248911,
  "credit_stress_composite": 0.003594549186527729,
  "credit_vol_divergence": 0.003418154176324606,
  "credit_vol_stress_composite": 0.004591056145727634,
  "credit_widening_regime": 0.002546250424347818,
  "cross_asset_vol_cluster": 0.0,
  "crude_oil_ret_10d": 0.004981259116902947,
  "crude_oil_ret_21d": 0.0032257720828056335,
  "crude_oil_ret_63d": 0.005088160652667284,
  "crude_oil_vol_21d": 0.004378536064177751,
  "crude_oil_vol_21d_log": 0.004295322205871343,
  "crude_oil_zscore_63d": 0.004013301292434335,
  "day_of_month": 0.005095479171723127,
  "day_of_week": 0.002088759164325893,
  "days_in_regime": 0.004882607236504554,
  "dollar_crude_corr_21d": 0.0033374289516359566,
  "dxy_ret_10d": 0.005597812356427312,
  "dxy_ret_21d": 0.004106779815629125,
  "dxy_ret_63d": 0.00460734786465764,
  "dxy_vol_21d": 0.0038010642863810064,
  "dxy_vol_21d_log": 0.0057070125360041855,
  "dxy_vs_ma200": 0.004661538638174534,
  "dxy_vs_ma50": 0.00436717146076262,
  "equity_vol_corr_breakdown": 0.002924780081957579,
  "equity_vol_divergence": 0.0029913877602666616,
  "fin_stress_index": 0.003974115150049329,
  "gold_spx_divergence": 0.0030376783572137354,
  "hy_b_spread": 0.004709698539227247,
  "hy_b_velocity_21d": 0.004373353673145175,
  "hy_bb_spread": 0.003796766325831413,
  "hy_bb_velocity_21d": 0.003994718147441745,
  "hy_ccc_spread": 0.0027458306634798647,
  "hy_ccc_velocity_21d": 0.003152925497852266,
  "hy_spread": 0.004217453231103718,
  "hy_velocity_21d": 0.005135435517877341,
  "hy_zscore_252d": 0.003881706716492772,
  "ig_hy_spread": 0.0041547321481630204,
  "initial_claims": 0.0045792375225573775,
  "is_earnings_heavy": 0.00038425293751060964,
  "is_fomc_period": 0.0034438350005075334,
  "is_opex_week": 0.0025182300712913276,
  "liquidity_regime": 0.0018235421273857355,
  "liquidity_stress_composite": 0.0050800287630409,
  "macd": 0.0032913520466536284,
  "macd_histogram": 0.0037241927348077297,
  "macd_signal": 0.005360320722684264,
  "month": 0.006232360191643238,
  "oil_term_regime": 0.0008762650191783905,
  "pc_equity_inst_divergence": 0.0011577663477510213,
  "pcc_accel_10d": 0.0008747480809688568,
  "regime_change_flag": 0.0,
  "regime_distance_to_boundary": 0.0033802755642682314,
  "regime_expected_return_5d": 0.0,
  "regime_median_return_5d": 0.0,
  "regime_prob_crisis": 0.0,
  "regime_prob_elevated": 0.000654766196385026,
  "regime_prob_stay": 0.0,
  "regime_prob_up_5d": 0.0,
  "regime_return_std_5d": 0.0,
  "regime_spike_prob": 0.0002519204746931791,
  "regime_transition_risk": 0.002623379253782332,
  "regime_vol_of_vol": 0.0,
  "regime_within_regime_percentile": 0.00319580202922225,
  "reversion_strength_21d": 0.0034846719121560455,
  "reversion_strength_63d": 0.004903068812564015,
  "risk_premium_extreme_low_252d": 0.002230224711820483,
  "risk_premium_extreme_low_63d": 9.111627587117254e-05,
  "risk_premium_ma21": 0.004037707857787609,
  "risk_premium_percentile_126d": 0.004229557374492288,
  "risk_premium_percentile_21d": 0.0030819459818303583,
  "risk_premium_percentile_252d": 0.0045641431584954265,
  "risk_premium_percentile_63d": 0.0037597144022583962,
  "risk_premium_percentile_velocity": 0.0032003085128962994,
  "risk_premium_regime": 0.0006173436297103763,
  "risk_premium_velocity": 0.004469195613637567,
  "risk_premium_zscore": 0.004604176757857204,
  "rsi_14": 0.00745166065171361,
  "rsi_divergence": 0.0035597451496869326,
  "rsi_regime": 0.0007996992208063602,
  "skew_displacement": 0.0009838280733674766,
  "skew_regime": 0.0,
  "skew_vix_ratio": 0.0013349566608667374,
  "skew_vs_vix": 0.0013296909164637327,
  "spx_body_size": 0.0022265544394031167,
  "spx_body_to_range": 0.00210221407469362,
  "spx_close_position": 0.002885036380030215,
  "spx_dollar_corr_21d": 0.0032580859027802945,
  "spx_gap": 0.002698467066511512,
  "spx_gap_extreme_flag": 0.0011121247895061969,
  "spx_gap_magnitude": 0.0027938946150243282,
  "spx_gap_magnitude_extreme_flag": 0.002104191202670336,
  "spx_kurt_21d": 0.0036289552226662636,
  "spx_lag1": 0.003655743785202503,
  "spx_lower_rejection": 0.002309529948979616,
  "spx_lower_shadow": 0.0025000165216624735,
  "spx_momentum_z_10d": 0.0029597795102745293,
  "spx_momentum_z_21d": 0.003813024237751961,
  "spx_range": 0.002611826010979712,
  "spx_range_expansion": 0.002628021780401468,
  "spx_range_pct": 0.003793302597478032,
  "spx_realized_vol_10d": 0.0031378007493913173,
  "spx_realized_vol_21d": 0.00448381039313972,
  "spx_realized_vol_21d_acceleration_5d": 0.0031957993283867835,
  "spx_realized_vol_21d_log": 0.005641172220930457,
  "spx_realized_vol_21d_velocity_3d": 0.003464833926409483,
  "spx_realized_vol_63d": 0.004759324062615633,
  "spx_realized_vol_63d_x_regime_0": 0.003744956199079752,
  "spx_realized_vol_63d_x_regime_1": 0.005134194204583764,
  "spx_realized_vol_63d_x_regime_2": 0.0028381455107592047,
  "spx_realized_vol_63d_x_regime_3": 0.0017355073243379593,
  "spx_ret_10d": 0.003310679318383336,
  "spx_ret_1d": 0.003033074038103223,
  "spx_ret_21d": 0.004145968286320567,
  "spx_ret_5d": 0.004329830873757601,
  "spx_ret_5d_regime_adj": 0.003554924251511693,
  "spx_ret_63d": 0.00396522986702621,
  "spx_skew_21d": 0.0050321858376264576,
  "spx_upper_rejection": 0.0022637178655713795,
  "spx_upper_shadow": 0.002457286580465734,
  "spx_vix_corr_126d": 0.004045527381822467,
  "spx_vix_corr_21d": 0.003879442252218723,
  "spx_vix_corr_63d": 0.004297323990613222,
  "spx_vol_ratio_10_21": 0.0035044880118221045,
  "spx_vol_ratio_10_63": 0.003910461254417896,
  "spx_vs_ma20": 0.003039233130402863,
  "spx_vs_ma200": 0.005254426645115018,
  "spx_vs_ma50": 0.0037952186074107887,
  "stress_extreme": 0.0019279669038951397,