{
  "spx_lag1": 0.0043311869259923695,
  "vix_ret_1d": 0.0030994951957836747,
  "vix_ret_5d": 0.004012073087505996,
  "vix_ret_10d": 0.0038504031486809253,
  "vix_ret_21d": 0.002790048765018582,
  "vix_vol_10d": 0.004716819664463401,
  "vix_vol_21d": 0.005723205208778381,
  "vix_vol_63d": 0.0053736533038318155,
  "vix_velocity_5d": 0.005298533290624618,
  "vix_velocity_10d": 0.0022905984427779914,
  "vix_velocity_21d": 0.002851668745279312,
  "vix_vs_ma10": 0.013029346615076065,
  "vix_vs_ma21": 0.003944004047662019,
  "vix_vs_ma63": 0.005181061150506139,
  "vix_vs_ma252": 0.003792358061764389,
  "vix_zscore_21d": 0.003937597526237369,
  "vix_zscore_63d": 0.004350910475477576,
  "vix_zscore_252d": 0.00816830974072218,
  "vix_momentum_z_10d": 0.0035030443221330644,
  "vix_momentum_z_21d": 0.0029814612586051225,
  "vix_accel_5d": 0.005379352159798146,
  "vix_stretch_ma21": 0.004220374021679163,
  "vix_stretch_ma63": 0.004368029208853841,
  "reversion_strength_21d": 0.004475419002119452,
  "reversion_strength_63d": 0.0041005552746355535,
  "vix_bb_position_20d": 0.0063102280255407095,
  "vix_extreme_low_21d": 0.0,
  "vix_regime": 0.0010262335650622844,
  "days_in_regime": 0.00532456086948514,
  "regime_distance_to_boundary": 0.004833435965701937,
  "regime_within_regime_percentile": 0.0028909759130328894,
  "regime_change_flag": 0.0,
  "time_in_regime_pct": 0.00563600854948163,
  "regime_expected_return_5d": 0.0,
  "regime_median_return_5d": 0.0,
  "regime_return_std_5d": 0.0,
  "regime_prob_up_5d": 0.0,
  "regime_vol_of_vol": 0.0,
  "regime_spike_prob": 0.0,
  "regime_prob_stay": 0.0,
  "regime_prob_crisis": 0.0,
  "regime_prob_elevated": 0.0,
  "vix1m_vix3m_ratio": 0.006221420131623745,
  "vix_term_slope_short": 0.0047381937503814696,
  "vix_term_slope_velocity_21d": 0.002764744439627975,
  "vix_term_ratio_zscore_63d": 0.005645140260457993,
  "vix3m_vix6m_ratio": 0.0032640770077705383,
  "vix_term_slope_long": 0.004296832345426082,
  "vix_term_curvature": 0.0038784821052104236,
  "vix_term_curvature_zscore": 0.0020813919138163326,
  "spx_ret_1d": 0.0028685465920716526,
  "spx_ret_5d": 0.005132779711857438,
  "spx_ret_10d": 0.002946872031316161,
  "spx_ret_21d": 0.0038662455277517437,
  "spx_ret_63d": 0.004433907009661198,
  "spx_vs_ma20": 0.0032595165073871614,
  "spx_vs_ma50": 0.0052034839987754825,
  "spx_vs_ma200": 0.004423763183876872,
  "spx_momentum_z_10d": 0.003051595250144601,
  "spx_momentum_z_21d": 0.003722190484404564,
  "spx_realized_vol_10d": 0.003430494014173746,
  "spx_realized_vol_21d": 0.006379509530961514,
  "spx_realized_vol_63d": 0.004310230212286115,
  "spx_vol_ratio_10_21": 0.0036762710195034744,
  "spx_vol_ratio_10_63": 0.0036912997486069797,
  "spx_skew_21d": 0.004943619668483734,
  "spx_kurt_21d": 0.0027292504906654357,
  "bb_position_20d": 0.004204679286340251,
  "bb_width_20d": 0.004435417382046581,
  "rsi_14": 0.0073968848213553425,
  "rsi_regime": 0.0,
  "rsi_divergence": 0.0035775549709796905,
  "macd": 0.0032928607426583765,
  "macd_signal": 0.004675055854022503,
  "macd_histogram": 0.003520959010347724,
  "adx_14": 0.004633786715567112,
  "trend_strength": 0.004238938121125102,
  "spx_body_size": 0.001352842664346099,
  "spx_range": 0.003728980803862214,
  "spx_range_pct": 0.003859266033396125,
  "spx_upper_shadow": 0.0029207329032942654,
  "spx_lower_shadow": 0.0019054055912420154,
  "spx_close_position": 0.00396359246224165,
  "spx_body_to_range": 0.001757773058488965,
  "spx_gap": 0.0022382700582966207,
  "spx_gap_magnitude": 0.0026906355749815704,
  "spx_upper_rejection": 0.002325270522851497,
  "spx_lower_rejection": 0.0024985309224575757,
  "spx_range_expansion": 0.0027481236262246965,
  "spx_vix_corr_21d": 0.003558182995766401,
  "spx_vix_corr_63d": 0.004067734209820628,
  "spx_vix_corr_126d": 0.0031682814471423624,
  "vix_vs_rv_10d": 0.003374292654916644,
  "vix_rv_ratio_10d": 0.004260454280301929,
  "vix_vs_rv_21d": 0.004806680185720324,
  "vix_rv_ratio_21d": 0.003964015282690525,
  "SKEW": 0.0003131512785330415,
  "skew_regime": 0.0,
  "skew_vs_vix": 0.001336031360551715,
  "skew_vix_ratio": 0.0011218599509447813,
  "skew_displacement": 0.0007336551789194345,
  "pc_equity_inst_divergence": 0.00043847337365150453,
  "pcc_accel_10d": 3.6831479519605637e-05,
  "COR1M": 0.001103826519101858,
  "COR1M_change_21d": 0.0010952163022011519,
  "COR1M_zscore_63d": 0.001150155859068036,
  "COR3M": 0.0013511937577277422,
  "COR3M_change_21d": 0.0017781473696231842,
  "COR3M_zscore_63d": 0.0015026224777102471,
  "cor_term_structure": 0.001520724082365632,
  "cor_term_slope_change_21d": 0.0009081282652914525,
  "VXTH": 0.0018249035812914372,
  "VXTH_change_21d": 0.001142446231096983,
  "VXTH_zscore_63d": 0.0010235111694782972,
  "vxth_vix_ratio": 0.002394987363368273,
  "VXTLT": 0.0043153184931725265,
  "VXTLT_change_21d": 0.0033333459403365852,
  "VXTLT_zscore_63d": 0.0028876141645014287,
  "VXTLT_velocity_10d": 0.00393119347281754,
  "VXTLT_acceleration_5d": 0.0031912071164697407,
  "bond_vol_regime": 0.0,
  "vxtlt_vix_ratio": 0.005829855427145958,
  "vxtlt_vix_spread": 0.004265056131407619,
  "VXTLT_percentile_63d": 0.004499125247821212,
  "VXTLT_percentile_126d": 0.004204857675358653,
  "VXTLT_percentile_252d": 0.00133094135671854,
  "VXTLT_vs_ma21": 0.003488943027332425,
  "VXTLT_vs_ma63": 0.002930966787971556,
  "cboe_stress_composite": 0.004567458527162671,
  "cboe_stress_regime": 0.0,
  "vx_contango_pct": 0.0006638221442699432,
  "vx_contango_5d_change": 0.0016535600181668997,
  "vx_contango_zscore": 0.00045122797600924967,
  "vx1_return_5d": 0.0004842952825129032,
  "vx2_return_5d": 0.00165131778921932,
  "vx_curve_2_1_ratio": 0.0009395341156050562,
  "vx_curve_3_2_ratio": 0.0020698205567896365,
  "vx_curve_4_3_ratio": 0.0021790815982967613,
  "vx_curve_steepness": 0.002037513582035899,
  "vx_oi_front_concentration": 0.0011473098304122687,
  "vx_oi_imbalance": 0.0,
  "vx_oi_5d_change": 0.002093749074265361,
  "vx_oi_zscore_63d": 0.002686737012118101,
  "vx_oi_surge": 0.002346351882442832,
  "vx_churn_ratio": 0.003744052955880761,
  "vx_churn_zscore_63d": 0.002623188961297274,
  "vx_roll_yield_annualized": 0.0031117110047489405,
  "vx_roll_cost_5d": 0.0,
  "vx_roll_yield_zscore_63d": 0.0008569738827645778,
  "vx_momentum_5d": 0.0008339524269104004,
  "vx_momentum_zscore": 0.0,
  "CL1-CL2": 0.0036211817990988494,
  "CL1-CL2_velocity_5d": 0.002935129078105092,
  "CL1-CL2_zscore_63d": 0.003938629617914557,
  "oil_term_regime": 0.0,
  "crude_oil_ret_10d": 0.005930841481313109,
  "crude_oil_ret_21d": 0.0030738144647330045,
  "crude_oil_ret_63d": 0.005770922964438796,
  "crude_oil_vol_21d": 0.004087709169834852,
  "crude_oil_zscore_63d": 0.004880583425983786,
  "DX1-DX2": 0.0029696746729314326,
  "DX1-DX2_velocity_5d": 0.002190577134024352,
  "DX1-DX2_zscore_63d": 0.0031218133866786958,
  "dxy_ret_10d": 0.005649127904325724,
  "dxy_ret_21d": 0.004197660041972995,
  "dxy_ret_63d": 0.0043071511201560496,
  "dxy_vs_ma50": 0.004893465060740709,
  "dxy_vs_ma200": 0.0035998874809592962,
  "dxy_vol_21d": 0.0026256103068590165,
  "dollar_crude_corr_21d": 0.003650894481688738,
  "spx_dollar_corr_21d": 0.0037593298591673376,
  "initial_claims": 0.003024762263521552,
  "claims_4wk_ma": 0.006570568401366472,
  "claims_velocity_4w": 0.004312883364036679,
  "claims_zscore_52w": 0.0031002867966890336,
  "claims_percentile_52w": 0.003933779569342733,
  "claims_regime": 0.0,
  "claims_velocity_zscore": 0.004276097426190973,
  "fin_stress_index": 0.003653019946068525,
  "stress_velocity_4w": 0.0035712539684027433,
  "stress_zscore_52w": 0.0032050700858235357,
  "stress_extreme": 0.0006825108081102371,
  "stress_regime": 0.0,
  "hy_spread": 0.007082791812717914,
  "hy_velocity_21d": 0.003199974773451686,
  "hy_zscore_252d": 0.004985440522432327,
  "hy_bb_spread": 0.003819930460304022,
  "hy_bb_velocity_21d": 0.0043156202882528305,
  "hy_b_spread": 0.005932776490226388,
  "hy_b_velocity_21d": 0.004064986156299711,