{
  "spx_lag1": 0.0006330950534902513,
  "vix_ret_1d": 0.0005995585466735065,
  "vix_ret_5d": 0.0005482035572640598,
  "vix_ret_10d": 0.0008971940842457116,
  "vix_ret_21d": 0.0011218772502616047,
  "vix_vol_10d": 0.0036209124606102704,
  "vix_vol_21d": 0.0020031606080010535,
  "vix_vol_63d": 0.003878545935731381,
  "vix_velocity_5d": 0.0019152509106788785,
  "vix_velocity_10d": 0.0010204505175352096,
  "vix_velocity_21d": 0.0025144023820757866,
  "vix_vs_ma10": 0.002295740367844701,
  "vix_vs_ma21": 0.0011685439676512033,
  "vix_vs_ma63": 0.0015659683849662542,
  "vix_vs_ma252": 0.0019764526863582433,
  "vix_zscore_21d": 0.0011232082615606487,
  "vix_zscore_63d": 0.0008462227866402827,
  "vix_zscore_252d": 0.002888047008309513,
  "vix_momentum_z_10d": 0.001473372313193977,
  "vix_momentum_z_21d": 0.0016187345026992261,
  "vix_accel_5d": 0.0018762104562483727,
  "vix_stretch_ma21": 0.0015117650851607322,
  "vix_stretch_ma63": 0.002260136231780052,
  "reversion_strength_21d": 0.003105575777590275,
  "reversion_strength_63d": 0.0017326705972664058,
  "vix_bb_position_20d": 0.0011158311448525638,
  "vix_extreme_low_21d": 0.0,
  "vix_regime": 0.0,
  "days_in_regime": 0.016877807676792145,
  "regime_distance_to_boundary": 0.0023979756282642485,
  "regime_within_regime_percentile": 0.0024457489373162387,
  "regime_change_flag": 0.0007151073543354869,
  "time_in_regime_pct": 0.012778769433498382,
  "regime_expected_return_5d": 0.0,
  "regime_median_return_5d": 0.0,
  "regime_return_std_5d": 0.0,
  "regime_prob_up_5d": 0.0,
  "regime_vol_of_vol": 0.0,
  "regime_spike_prob": 0.002210810846008826,
  "regime_prob_stay": 0.0,
  "regime_prob_crisis": 0.0,
  "regime_prob_elevated": 0.0,
  "vix1m_vix3m_ratio": 0.005389657057821751,
  "vix_term_slope_short": 0.0012594930944032968,
  "vix_term_slope_velocity_21d": 0.0021817304543219505,
  "vix_term_ratio_zscore_63d": 0.0022300630575045944,
  "vix3m_vix6m_ratio": 0.001468761987052858,
  "vix_term_slope_long": 0.002347419271245599,
  "vix_term_curvature": 0.0029289427446201445,
  "vix_term_curvature_zscore": 0.002233713259920478,
  "spx_ret_1d": 0.0018570771673694253,
  "spx_ret_5d": 0.0024702095775865018,
  "spx_ret_10d": 0.0011692945146933198,
  "spx_ret_21d": 0.00243244890589267,
  "spx_ret_63d": 0.00559254908002913,
  "spx_vs_ma20": 0.0034228870877996086,
  "spx_vs_ma50": 0.003646533121354878,
  "spx_vs_ma200": 0.004053651134017855,
  "spx_momentum_z_10d": 0.002730672131292522,
  "spx_momentum_z_21d": 0.0023464726516976954,
  "spx_realized_vol_10d": 0.0021057382225990297,
  "spx_realized_vol_21d": 0.004415094526484609,
  "spx_realized_vol_63d": 0.004256869107484818,
  "spx_vol_ratio_10_21": 0.004313540691509843,
  "spx_vol_ratio_10_63": 0.00644962303340435,
  "spx_skew_21d": 0.003892969200387597,
  "spx_kurt_21d": 0.0023153046960942445,
  "bb_position_20d": 0.002640404412522912,
  "bb_width_20d": 0.0033509025524836034,
  "rsi_14": 0.0036663368809968233,
  "rsi_regime": 0.0006418957142159343,
  "rsi_divergence": 0.0021437856601551177,
  "macd": 0.004092998296255246,
  "macd_signal": 0.007372667454183102,
  "macd_histogram": 0.00211964970221743,
  "adx_14": 0.0035079931607469917,
  "trend_strength": 0.0024781029904261233,
  "spx_body_size": 0.0017714439425617456,
  "spx_range": 0.0014413002878427505,
  "spx_range_pct": 0.0019392300862818956,
  "spx_upper_shadow": 0.001412095210980624,
  "spx_lower_shadow": 0.001849357131868601,
  "spx_close_position": 0.001954996888525784,
  "spx_body_to_range": 0.001416491949930787,
  "spx_gap": 0.0021681570913642647,
  "spx_gap_magnitude": 0.0020130662014707923,
  "spx_upper_rejection": 0.0015659725875593721,
  "spx_lower_rejection": 0.001639147405512631,
  "spx_range_expansion": 0.0014808562584221364,
  "spx_vix_corr_21d": 0.002490857080556452,
  "spx_vix_corr_63d": 0.003456457797437906,
  "spx_vix_corr_126d": 0.0031078370520845056,
  "vix_vs_rv_10d": 0.0024577492848038675,
  "vix_rv_ratio_10d": 0.002668700204230845,
  "vix_vs_rv_21d": 0.00377113230060786,
  "vix_rv_ratio_21d": 0.003439048468135297,
  "SKEW": 0.001740860310383141,
  "skew_regime": 0.0,
  "skew_vs_vix": 0.0019459063187241554,
  "skew_vix_ratio": 0.0013008126989006996,
  "skew_displacement": 0.0008348696632310748,
  "pc_equity_inst_divergence": 0.0009137695189565421,
  "pcc_accel_10d": 0.0011504143010824918,
  "COR1M": 0.00264599125366658,
  "COR1M_change_21d": 0.0011687599588185548,
  "COR1M_zscore_63d": 0.0015206442214548588,
  "COR3M": 0.005525293434038759,
  "COR3M_change_21d": 0.0012146634602686391,
  "COR3M_zscore_63d": 0.002842263551428914,
  "cor_term_structure": 0.0015805764589458704,
  "cor_term_slope_change_21d": 0.0015861340332776308,
  "VXTH": 0.00858010706724599,
  "VXTH_change_21d": 0.0028277826495468616,
  "VXTH_zscore_63d": 0.0021289716474711894,
  "vxth_vix_ratio": 0.00043821814469993117,
  "VXTLT": 0.003821729449555278,
  "VXTLT_change_21d": 0.003702556435018778,
  "VXTLT_zscore_63d": 0.005893730092793703,
  "VXTLT_velocity_10d": 0.0057954513002187015,
  "VXTLT_acceleration_5d": 0.0019848043331876395,
  "bond_vol_regime": 0.0,
  "vxtlt_vix_ratio": 0.002249474357813597,
  "vxtlt_vix_spread": 0.0030711940838955344,
  "VXTLT_percentile_63d": 0.002506615174934268,
  "VXTLT_percentile_126d": 0.0032960874261334537,
  "VXTLT_percentile_252d": 0.003318375977687538,
  "VXTLT_vs_ma21": 0.003310817026067525,
  "VXTLT_vs_ma63": 0.0014513664762489497,
  "cboe_stress_composite": 0.009429072472266853,
  "cboe_stress_regime": 0.0,
  "vx_contango_pct": 0.0014672656776383518,
  "vx_contango_5d_change": 0.0017446573823690415,
  "vx_contango_zscore": 0.005542793311178684,
  "vx1_return_5d": 0.0019315243000164628,
  "vx2_return_5d": 0.0008771474007517099,
  "vx_curve_2_1_ratio": 0.0009354221052490175,
  "vx_curve_3_2_ratio": 0.0010560732567682861,
  "vx_curve_4_3_ratio": 0.001432195329107344,
  "vx_curve_steepness": 0.0026748464442789555,
  "vx_oi_front_concentration": 0.001216352917253971,
  "vx_oi_imbalance": 0.00020031228195875882,
  "vx_oi_5d_change": 0.006738799711456522,
  "vx_oi_zscore_63d": 0.0027683364693075418,
  "vx_oi_surge": 0.013405027240514756,
  "vx_churn_ratio": 0.0014039570465683936,
  "vx_churn_zscore_63d": 0.0013951952569186687,
  "vx_roll_yield_annualized": 0.0026452735532075168,
  "vx_roll_cost_5d": 0.001369595859432593,
  "vx_roll_yield_zscore_63d": 0.0058795316203031685,
  "vx_momentum_5d": 0.0005352438427507877,
  "vx_momentum_zscore": 0.010844547487795352,
  "CL1-CL2": 0.0023727219784632327,
  "CL1-CL2_velocity_5d": 0.0014160323305986821,
  "CL1-CL2_zscore_63d": 0.0025778200244531034,
  "oil_term_regime": 0.002736356668174267,
  "crude_oil_ret_10d": 0.0012593062012456358,
  "crude_oil_ret_21d": 0.003136251587420702,
  "crude_oil_ret_63d": 0.0032003142638131975,
  "crude_oil_vol_21d": 0.0034950340632349253,
  "crude_oil_zscore_63d": 0.003127798903733492,
  "DX1-DX2": 0.002383392257615924,
  "DX1-DX2_velocity_5d": 0.001414393645245582,
  "DX1-DX2_zscore_63d": 0.0017388494336046279,
  "dxy_ret_10d": 0.0026765467831864954,
  "dxy_ret_21d": 0.005103773111477495,
  "dxy_ret_63d": 0.006903711427003145,
  "dxy_vs_ma50": 0.003439331869594753,
  "dxy_vs_ma200": 0.009377861814573406,
  "dxy_vol_21d": 0.004034157819114625,
  "dollar_crude_corr_21d": 0.0026764986105263233,
  "spx_dollar_corr_21d": 0.0026347762905061245,
  "initial_claims": 0.007968006422743201,
  "claims_4wk_ma": 0.003607081971131265,
  "claims_velocity_4w": 0.00487342644482851,
  "claims_zscore_52w": 0.0037712205667048693,
  "claims_percentile_52w": 0.00284722198266536,
  "claims_regime": 0.0,
  "claims_velocity_zscore": 0.0025845296797342597,
  "fin_stress_index": 0.02071092277765274,
  "stress_velocity_4w": 0.002926783263683319,
  "stress_zscore_52w": 0.0037796659395098685,
  "stress_extreme": 0.0025062702596187593,
  "stress_regime": 0.0,
  "hy_spread": 0.009703691070899367,
  "hy_velocity_21d": 0.01228062780573964,
  "hy_zscore_252d": 0.003872640640474856,
  "hy_bb_spread": 0.00793845314765349,