{
  "target_type": "down",
  "top_n": 120,
  "correlation_threshold": 0.9269,
  "n_selected": 120,
  "n_removed_correlation": 19,
  "n_samples": 4859,
  "top_10_features": [
    "vix_vs_ma10",
    "vix_velocity_5d_regime_adj",
    "vix_zscore_252d",
    "month",
    "vix_zscore_252d_x_regime_0",
    "vix_percentile_126d",
    "rsi_14",
    "hy_spread",
    "vix_percentile_252d",
    "claims_4wk_ma"
  ],
  "top_10_importance": [
    0.013029346615076065,
    0.011402120813727379,
    0.00816830974072218,
    0.008087541908025742,
    0.007619129400700331,
    0.007594460155814886,
    0.0073968848213553425,
    0.007082791812717914,
    0.007062782114371657,
    0.006570568401366472
  ]
}