{
  "correlation_threshold": 0.9,
  "n_removed_correlation": 4,
  "n_samples": 2556,
  "n_selected": 42,
  "random_state": 42,
  "target_type": "compression",
  "top_10_features": [
    "vix_vs_ma63",
    "vix_vs_ma21",
    "vix_zscore_252d",
    "vix_percentile_126d",
    "reversion_strength_63d",
    "vix_velocity_5d_regime_adj",
    "vix_vel_spx_rv_ratio",
    "gold_zscore_252d",
    "skew_vix_ratio_percentile_252d",
    "spx_realized_vol_63d"
  ],
  "top_10_importance": [
    0.049050227552652356,
    0.032223859801888466,
    0.016767134051769973,
    0.015385881159454584,
    0.013464368786662817,
    0.012088294699788093,
    0.00941790158394724,
    0.00802022465504706,
    0.007873314060270786,
    0.007637770986184478
  ],
  "top_n": 42
}