{
  "spx_lag1": 0.00031450048554688693,
  "vix_ret_1d": 0.0005426777934189886,
  "vix_ret_5d": 0.0008681089151650667,
  "vix_ret_10d": 0.0005810163624119013,
  "vix_ret_21d": 0.000937095656991005,
  "vix_vol_10d": 0.0010338425752706825,
  "vix_vol_21d": 0.002503869216889143,
  "vix_vol_63d": 0.0019144219113513827,
  "vix_velocity_5d": 0.004525548149831593,
  "vix_velocity_10d": 0.0012432646821253003,
  "vix_velocity_21d": 0.0021639979211613538,
  "vix_vs_ma10": 0.0020303194178268313,
  "vix_vs_ma21": 0.011398828960955143,
  "vix_vs_ma63": 0.0528120543807745,
  "vix_vs_ma252": 0.0031987015856429933,
  "vix_zscore_21d": 0.0028768169693648817,
  "vix_zscore_63d": 0.00474878391250968,
  "vix_zscore_252d": 0.005039277300238609,
  "vix_momentum_z_10d": 0.0024172212462872265,
  "vix_momentum_z_21d": 0.0015975320246070623,
  "vix_accel_5d": 0.0016746535431593657,
  "vix_stretch_ma21": 0.002237655420321971,
  "vix_stretch_ma63": 0.005659843189641833,
  "reversion_strength_21d": 0.0014057452557608486,
  "reversion_strength_63d": 0.007637831405736506,
  "vix_bb_position_20d": 0.004425875772722065,
  "vix_extreme_low_21d": 0.0,
  "vix_regime": 0.010182395117590204,
  "days_in_regime": 0.002528089308179915,
  "regime_distance_to_boundary": 0.0017684277147054673,
  "regime_within_regime_percentile": 0.0029072292847558854,
  "regime_change_flag": 0.00040384227031609043,
  "time_in_regime_pct": 0.001308238779893145,
  "regime_expected_return_5d": 0.0,
  "regime_median_return_5d": 0.020952648227103056,
  "regime_return_std_5d": 0.0,
  "regime_prob_up_5d": 0.0,
  "regime_vol_of_vol": 0.0,
  "regime_spike_prob": 0.00037610821309499445,
  "regime_prob_stay": 0.0,
  "regime_prob_crisis": 0.0,
  "regime_prob_elevated": 0.0001587405742611736,
  "vix1m_vix3m_ratio": 0.004052802314981818,
  "vix_term_slope_short": 0.002411509514786303,
  "vix_term_slope_velocity_21d": 0.0017388470005244017,
  "vix_term_ratio_zscore_63d": 0.002090656047221273,
  "vix3m_vix6m_ratio": 0.0017871967633254827,
  "vix_term_slope_long": 0.0017943532788194717,
  "vix_term_curvature": 0.0046039037872105835,
  "vix_term_curvature_zscore": 0.003893082216382027,
  "spx_ret_1d": 0.0021808182820677756,
  "spx_ret_5d": 0.004410495748743415,
  "spx_ret_10d": 0.002486183145083487,
  "spx_ret_21d": 0.0014925193972885609,
  "spx_ret_63d": 0.0030083625111728906,
  "spx_vs_ma20": 0.002729480457492173,
  "spx_vs_ma50": 0.0023198209702968596,
  "spx_vs_ma200": 0.0026332609239034356,
  "spx_momentum_z_10d": 0.0022406068863347174,
  "spx_momentum_z_21d": 0.0021950612543150784,
  "spx_realized_vol_10d": 0.0029518629889935255,
  "spx_realized_vol_21d": 0.0029180733719840644,
  "spx_realized_vol_63d": 0.0029616628657095135,
  "spx_vol_ratio_10_21": 0.0021954301046207547,
  "spx_vol_ratio_10_63": 0.0022854529554024337,
  "spx_skew_21d": 0.002746828692033887,
  "spx_kurt_21d": 0.00198059375397861,
  "bb_position_20d": 0.015058594569563866,
  "bb_width_20d": 0.0023493660148233174,
  "rsi_14": 0.0021876794751733543,
  "rsi_regime": 9.32341383304447e-05,
  "rsi_divergence": 0.0015901899547316133,
  "macd": 0.0024128412478603423,
  "macd_signal": 0.0027455309173092246,
  "macd_histogram": 0.002757156640291214,
  "adx_14": 0.003977674199268222,
  "trend_strength": 0.00411310363560915,
  "spx_body_size": 0.0019534546183422206,
  "spx_range": 0.0021219366462901235,
  "spx_range_pct": 0.00295020891353488,
  "spx_upper_shadow": 0.0019002667861059308,
  "spx_lower_shadow": 0.002081030560657382,
  "spx_close_position": 0.0022744722198694946,
  "spx_body_to_range": 0.0017157957423478364,
  "spx_gap": 0.0022129778051748874,
  "spx_gap_magnitude": 0.0013057626551017166,
  "spx_upper_rejection": 0.0018037379486486316,
  "spx_lower_rejection": 0.0019055221229791642,
  "spx_range_expansion": 0.0020582328783348204,
  "spx_vix_corr_21d": 0.0019780139497015624,
  "spx_vix_corr_63d": 0.003546685166656971,
  "spx_vix_corr_126d": 0.003899602824822068,
  "vix_vs_rv_10d": 0.007394674746319651,
  "vix_rv_ratio_10d": 0.0037291001062840223,
  "vix_vs_rv_21d": 0.007328527234494686,
  "vix_rv_ratio_21d": 0.005859340680763126,
  "SKEW": 0.001053847186267376,
  "skew_regime": 0.0019812222570180895,
  "skew_vs_vix": 0.0020494600757956505,
  "skew_vix_ratio": 0.0011792882112786173,
  "skew_displacement": 0.0008755004499107599,
  "pc_equity_inst_divergence": 0.0005160342552699149,
  "pcc_accel_10d": 0.0006668007699772716,
  "COR1M": 0.000844290480017662,
  "COR1M_change_21d": 0.0013378319330513478,
  "COR1M_zscore_63d": 0.0010010153986513616,
  "COR3M": 0.002046143542975187,
  "COR3M_change_21d": 0.0030014302115887403,
  "COR3M_zscore_63d": 0.0006021754699759186,
  "cor_term_structure": 0.0017966177081689238,
  "cor_term_slope_change_21d": 0.0015908343717455863,
  "VXTH": 0.0008316129911690951,
  "VXTH_change_21d": 0.001210778090171516,
  "VXTH_zscore_63d": 0.0033890364691615106,
  "vxth_vix_ratio": 0.0022570399567484857,
  "VXTLT": 0.0022311553591862323,
  "VXTLT_change_21d": 0.0025758087169378994,
  "VXTLT_zscore_63d": 0.002415399975143373,
  "VXTLT_velocity_10d": 0.005691367294639349,
  "VXTLT_acceleration_5d": 0.0019792556995525956,
  "bond_vol_regime": 0.0,
  "vxtlt_vix_ratio": 0.002658532164059579,
  "vxtlt_vix_spread": 0.0027688729809597135,
  "VXTLT_percentile_63d": 0.0038634852739050985,
  "VXTLT_percentile_126d": 0.0040341627318412066,
  "VXTLT_percentile_252d": 0.004581058723852038,
  "VXTLT_vs_ma21": 0.0027061202563345432,
  "VXTLT_vs_ma63": 0.0054154515266418455,
  "cboe_stress_composite": 0.002892166143283248,
  "cboe_stress_regime": 0.0,
  "vx_contango_pct": 0.0016771176451584324,
  "vx_contango_5d_change": 0.0016368710435926913,
  "vx_contango_zscore": 0.002307766256853938,
  "vx1_return_5d": 0.0026604519225656986,
  "vx2_return_5d": 0.0014124027919024229,
  "vx_curve_2_1_ratio": 0.0034949765540659428,
  "vx_curve_3_2_ratio": 0.0019213117426261305,
  "vx_curve_4_3_ratio": 0.001985922164749354,
  "vx_curve_steepness": 0.000998140498995781,
  "vx_oi_front_concentration": 0.004274487448856235,
  "vx_oi_imbalance": 0.00015168677709880284,
  "vx_oi_5d_change": 0.0009202797431498766,
  "vx_oi_zscore_63d": 0.0014950113196391611,
  "vx_oi_surge": 0.0019505148753523826,
  "vx_churn_ratio": 0.00197615388315171,
  "vx_churn_zscore_63d": 0.0018518783617764711,
  "vx_roll_yield_annualized": 0.0025160335702821613,
  "vx_roll_cost_5d": 0.0015800362918525935,
  "vx_roll_yield_zscore_63d": 0.0004097315715625882,
  "vx_momentum_5d": 0.0012983200140297413,
  "vx_momentum_zscore": 0.0019374395022168755,
  "CL1-CL2": 0.0039578082505613565,
  "CL1-CL2_velocity_5d": 0.001967624109238386,
  "CL1-CL2_zscore_63d": 0.0020455488236621024,
  "oil_term_regime": 0.006069505377672613,
  "crude_oil_ret_10d": 0.002373887412250042,
  "crude_oil_ret_21d": 0.0025541715091094374,
  "crude_oil_ret_63d": 0.0029937737388536336,
  "crude_oil_vol_21d": 0.0029881815426051617,
  "crude_oil_zscore_63d": 0.0032231116900220515,
  "DX1-DX2": 0.002524880599230528,
  "DX1-DX2_velocity_5d": 0.0019709899090230463,
  "DX1-DX2_zscore_63d": 0.002236031857319176,
  "dxy_ret_10d": 0.003283431730233133,
  "dxy_ret_21d": 0.002915555238723755,
  "dxy_ret_63d": 0.0031115042977035044,
  "dxy_vs_ma50": 0.003358577052131295,
  "dxy_vs_ma200": 0.0035765007138252257,
  "dxy_vol_21d": 0.003110730741173029,
  "dollar_crude_corr_21d": 0.0032624426996335385,
  "spx_dollar_corr_21d": 0.003553963825106621,
  "initial_claims": 0.0033863261342048645,
  "claims_4wk_ma": 0.003625667467713356,
  "claims_velocity_4w": 0.002216782746836543,
  "claims_zscore_52w": 0.003154584299772978,
  "claims_percentile_52w": 0.009074809588491916,
  "claims_regime": 0.0001075516571290791,
  "claims_velocity_zscore": 0.0022703076479956507,
  "fin_stress_index": 0.0013374112924793736,
  "stress_velocity_4w": 0.002946087019518018,
  "stress_zscore_52w": 0.0026262869301717728,
  "stress_extreme": 8.981114951893688e-05,
  "stress_regime": 0.0,
  "hy_spread": 0.004234276816714555,
  "hy_velocity_21d": 0.00236570299603045,