{
  "spx_lag1": 0.003343830583617091,
  "vix_ret_1d": 0.003241789061576128,
  "vix_ret_5d": 0.004156324733048678,
  "vix_ret_10d": 0.005275850696489215,
  "vix_ret_21d": 0.005118351988494396,
  "vix_vol_10d": 0.0058976272121071815,
  "vix_vol_21d": 0.004926524544134736,
  "vix_vol_63d": 0.004625793825834989,
  "vix_velocity_5d": 0.004227934894151986,
  "vix_velocity_10d": 0.0024842225247994065,
  "vix_velocity_21d": 0.004942727647721768,
  "vix_vs_ma10": 0.0041794244199991224,
  "vix_vs_ma21": 0.0045500366482883695,
  "vix_vs_ma63": 0.005614910554140806,
  "vix_vs_ma252": 0.006035040691494941,
  "vix_zscore_21d": 0.0057173572480678555,
  "vix_zscore_63d": 0.003945083729922772,
  "vix_zscore_252d": 0.006374295707792044,
  "vix_momentum_z_10d": 0.002436629496514797,
  "vix_momentum_z_21d": 0.0036910036578774452,
  "vix_accel_5d": 0.00427105026319623,
  "vix_stretch_ma21": 0.005305888783186674,
  "vix_stretch_ma63": 0.005151964537799358,
  "reversion_strength_21d": 0.003354708489496261,
  "reversion_strength_63d": 0.0038257496897131206,
  "vix_bb_position_20d": 0.010132191050797702,
  "vix_extreme_low_21d": 0.0015673627145588397,
  "vix_regime": 0.0,
  "days_in_regime": 0.007403584849089384,
  "regime_distance_to_boundary": 0.004851799830794335,
  "regime_within_regime_percentile": 0.003276560874655843,
  "regime_change_flag": 0.0,
  "time_in_regime_pct": 0.004706855723634362,
  "regime_expected_return_5d": 0.0,
  "regime_median_return_5d": 0.0,
  "regime_return_std_5d": 0.0,
  "regime_prob_up_5d": 0.0,
  "regime_vol_of_vol": 0.0,
  "regime_spike_prob": 0.0,
  "regime_prob_stay": 0.0,
  "regime_prob_crisis": 0.0,
  "regime_prob_elevated": 0.0,
  "vix1m_vix3m_ratio": 0.009370442479848862,
  "vix_term_slope_short": 0.0024687614175491037,
  "vix_term_slope_velocity_21d": 0.0027773415204137564,
  "vix_term_ratio_zscore_63d": 0.006961262132972479,
  "vix3m_vix6m_ratio": 0.004811899363994598,
  "vix_term_slope_long": 0.004175900807604193,
  "vix_term_curvature": 0.003517675865441561,
  "vix_term_curvature_zscore": 0.004350236849859357,
  "spx_ret_1d": 0.002579442341811955,
  "spx_ret_5d": 0.004240606259554624,
  "spx_ret_10d": 0.0027902932139113545,
  "spx_ret_21d": 0.006173969805240631,
  "spx_ret_63d": 0.0044622030574828385,
  "spx_vs_ma20": 0.0054852448403835295,
  "spx_vs_ma50": 0.005472960788756609,
  "spx_vs_ma200": 0.005059605464339256,
  "spx_momentum_z_10d": 0.0033912209328264,
  "spx_momentum_z_21d": 0.00377767919562757,
  "spx_realized_vol_10d": 0.00441933455877006,
  "spx_realized_vol_21d": 0.0061054767575114965,
  "spx_realized_vol_63d": 0.005156331788748502,
  "spx_vol_ratio_10_21": 0.004204583168029785,
  "spx_vol_ratio_10_63": 0.00377560427878052,
  "spx_skew_21d": 0.003999057644978166,
  "spx_kurt_21d": 0.00399218644015491,
  "bb_position_20d": 0.002808037120848894,
  "bb_width_20d": 0.0040722438134253025,
  "rsi_14": 0.005317813623696566,
  "rsi_regime": 0.0,
  "rsi_divergence": 0.003585135517641902,
  "macd": 0.0036335259675979613,
  "macd_signal": 0.005682478472590446,
  "macd_histogram": 0.004019365226849913,
  "adx_14": 0.004191116848960519,
  "trend_strength": 0.0038797661196440457,
  "spx_body_size": 0.002257352229207754,
  "spx_range": 0.0024318034993484616,
  "spx_range_pct": 0.002972695603966713,
  "spx_upper_shadow": 0.0026883909944444896,
  "spx_lower_shadow": 0.0023721273988485335,
  "spx_close_position": 0.0030262684915214775,
  "spx_body_to_range": 0.0017585553461685777,
  "spx_gap": 0.0028031711000949143,
  "spx_gap_magnitude": 0.0025558157125487924,
  "spx_upper_rejection": 0.0023802104871720074,
  "spx_lower_rejection": 0.002349707391113043,
  "spx_range_expansion": 0.0024761344771832227,
  "spx_vix_corr_21d": 0.004188944911584258,
  "spx_vix_corr_63d": 0.004251832189038396,
  "spx_vix_corr_126d": 0.004619594756513834,
  "vix_vs_rv_10d": 0.00562176313251257,
  "vix_rv_ratio_10d": 0.003214201983064413,
  "vix_vs_rv_21d": 0.00527829653583467,
  "vix_rv_ratio_21d": 0.00664913970977068,
  "SKEW": 0.0015786863397806883,
  "skew_regime": 0.0,
  "skew_vs_vix": 0.001417146809399128,
  "skew_vix_ratio": 0.002487759431824088,
  "skew_displacement": 0.002522868663072586,
  "pc_equity_inst_divergence": 0.0019969134125858547,
  "pcc_accel_10d": 0.0007512359879910946,
  "COR1M": 0.0019563227891922,
  "COR1M_change_21d": 0.001550631644204259,
  "COR1M_zscore_63d": 0.0021574002224951983,
  "COR3M": 0.0026491507422178985,
  "COR3M_change_21d": 0.0010987038258463144,
  "COR3M_zscore_63d": 0.0013000922743231058,
  "cor_term_structure": 0.002009835932403803,
  "cor_term_slope_change_21d": 0.0027215244714170693,
  "VXTH": 0.0023206687532365323,
  "VXTH_change_21d": 0.0018952087499201297,
  "VXTH_zscore_63d": 0.0017481743358075618,
  "vxth_vix_ratio": 0.0023172407411038874,
  "VXTLT": 0.005421220883727073,
  "VXTLT_change_21d": 0.004056959878653288,
  "VXTLT_zscore_63d": 0.0036740990821272136,
  "VXTLT_velocity_10d": 0.0033937342464923858,
  "VXTLT_acceleration_5d": 0.0035396466497331857,
  "bond_vol_regime": 0.0,
  "vxtlt_vix_ratio": 0.004320207005366683,
  "vxtlt_vix_spread": 0.004978455789387226,
  "VXTLT_percentile_63d": 0.0036089102970436214,
  "VXTLT_percentile_126d": 0.003427116619423032,
  "VXTLT_percentile_252d": 0.0023718928685411813,
  "VXTLT_vs_ma21": 0.0030032367911189796,
  "VXTLT_vs_ma63": 0.00495713516138494,
  "cboe_stress_composite": 0.004890965949743986,
  "cboe_stress_regime": 0.0,
  "vx_contango_pct": 0.0014434439595788716,
  "vx_contango_5d_change": 0.002734692255035043,
  "vx_contango_zscore": 0.00216587339527905,
  "vx1_return_5d": 0.0012058486958267168,
  "vx2_return_5d": 0.002157596009783447,
  "vx_curve_2_1_ratio": 0.0,
  "vx_curve_3_2_ratio": 0.0019106202060356736,
  "vx_curve_4_3_ratio": 0.003948506526648998,
  "vx_curve_steepness": 0.003831123514100909,
  "vx_oi_front_concentration": 0.0032262058462947606,
  "vx_oi_imbalance": 0.0,
  "vx_oi_5d_change": 0.0037685847841203214,
  "vx_oi_zscore_63d": 0.004423256078734994,
  "vx_oi_surge": 0.0036039779894053935,
  "vx_churn_ratio": 0.005439367052167654,
  "vx_churn_zscore_63d": 0.0035434779478237034,
  "vx_roll_yield_annualized": 0.0018210659502074123,
  "vx_roll_cost_5d": 0.0008226711302995682,
  "vx_roll_yield_zscore_63d": 0.0029466020874679088,
  "vx_momentum_5d": 0.0,
  "vx_momentum_zscore": 0.0028176160994917154,
  "CL1-CL2": 0.004245672235265374,
  "CL1-CL2_velocity_5d": 0.0036215858068317174,
  "CL1-CL2_zscore_63d": 0.00450643477961421,
  "oil_term_regime": 0.0,
  "crude_oil_ret_10d": 0.004065720085054636,
  "crude_oil_ret_21d": 0.004123966116458178,
  "crude_oil_ret_63d": 0.0032851768657565115,
  "crude_oil_vol_21d": 0.00424690586514771,
  "crude_oil_zscore_63d": 0.005013452563434839,
  "DX1-DX2": 0.002326282439753413,
  "DX1-DX2_velocity_5d": 0.003199156979098916,
  "DX1-DX2_zscore_63d": 0.0037487237714231014,
  "dxy_ret_10d": 0.0037668597884476184,
  "dxy_ret_21d": 0.0037146077491343023,
  "dxy_ret_63d": 0.004358340427279473,
  "dxy_vs_ma50": 0.004603878362104297,
  "dxy_vs_ma200": 0.004605929227545857,
  "dxy_vol_21d": 0.0036608326714485883,
  "dollar_crude_corr_21d": 0.004073012247681617,
  "spx_dollar_corr_21d": 0.005190288089215756,
  "initial_claims": 0.0043484712019562725,
  "claims_4wk_ma": 0.004614399373531341,
  "claims_velocity_4w": 0.004381490172818303,
  "claims_zscore_52w": 0.004802951449528336,
  "claims_percentile_52w": 0.004377530887722969,
  "claims_regime": 0.0,
  "claims_velocity_zscore": 0.005413452908396721,
  "fin_stress_index": 0.0050496227573603395,
  "stress_velocity_4w": 0.0037048582918941973,
  "stress_zscore_52w": 0.00402784338220954,
  "stress_extreme": 0.0,
  "stress_regime": 0.0,
  "hy_spread": 0.002906346973031759,
  "hy_velocity_21d": 0.003174237674102187,
  "hy_zscore_252d": 0.003960566548630595,
  "hy_bb_spread": 0.00418785335496068,
  "hy_bb_velocity_21d": 0.004172766162082553,
  "hy_b_spread": 0.0037292285822331907,
  "hy_b_velocity_21d": 0.005469134217128158,
  "hy_ccc_spread": 0.0037808404769748448,