{
  "spx_lag1": 0.0031010087889929614,
  "vix_ret_1d": 0.0009578269867536923,
  "vix_ret_5d": 0.0017973007246231039,
  "vix_ret_10d": 0.0020982977002859116,
  "vix_ret_21d": 0.0025935794304435453,
  "vix_vol_10d": 0.005636244546622038,
  "vix_vol_21d": 0.005318623191366593,
  "vix_vol_63d": 0.00630372972227633,
  "vix_velocity_5d": 0.015610078815370798,
  "vix_velocity_10d": 0.00891141981507341,
  "vix_velocity_21d": 0.006764609987537066,
  "vix_vs_ma10": 0.013659882669647535,
  "vix_vs_ma21": 0.01167439560716351,
  "vix_vs_ma63": 0.010178436990827322,
  "vix_vs_ma252": 0.005844045042370756,
  "vix_zscore_21d": 0.0038420134223997593,
  "vix_zscore_63d": 0.011352073401212692,
  "vix_zscore_252d": 0.007764966692775488,
  "vix_momentum_z_10d": 0.0048052518007655936,
  "vix_momentum_z_21d": 0.005081121188898881,
  "vix_accel_5d": 0.0036229792361458144,
  "vix_stretch_ma21": 0.004918158675233523,
  "vix_stretch_ma63": 0.006871542738129695,
  "reversion_strength_21d": 0.005573080386966467,
  "reversion_strength_63d": 0.008998841512948275,
  "vix_bb_position_20d": 0.014545371755957603,
  "vix_extreme_low_21d": 0.002129154046997428,
  "vix_regime": 0.003076145968710383,
  "days_in_regime": 0.010466956223050753,
  "spx_ret_1d": 0.0034801120248933635,
  "spx_ret_5d": 0.01116545187930266,
  "spx_ret_10d": 0.005049086719130476,
  "spx_ret_21d": 0.0061311388077835245,
  "spx_ret_63d": 0.00991983711719513,
  "spx_vs_ma20": 0.003727118174235026,
  "spx_vs_ma50": 0.005141624094297488,
  "spx_vs_ma200": 0.007194404335071643,
  "spx_momentum_z_10d": 0.00544657123585542,
  "spx_momentum_z_21d": 0.00515987320492665,
  "spx_realized_vol_10d": 0.007197085612763961,
  "spx_realized_vol_21d": 0.00935644997904698,
  "spx_realized_vol_63d": 0.011015649264057478,
  "spx_vol_ratio_10_21": 0.005062770253668229,
  "spx_vol_ratio_10_63": 0.016811933058003586,
  "spx_skew_21d": 0.010201897161702314,
  "spx_kurt_21d": 0.0054346964073677855,
  "bb_position_20d": 0.006277674188216527,
  "bb_width_20d": 0.008779461495578289,
  "rsi_14": 0.005504255493481954,
  "rsi_regime": 0.004177564367031057,
  "rsi_divergence": 0.005172932365288337,
  "macd": 0.006552264094352722,
  "macd_signal": 0.00619222999860843,
  "macd_histogram": 0.005717972293496132,
  "adx_14": 0.006870476606612404,
  "trend_strength": 0.006853960144023101,
  "spx_body_size": 0.002903319662436843,
  "spx_range": 0.0038697236062337956,
  "spx_range_pct": 0.0047875075445820885,
  "spx_upper_shadow": 0.0034474433244516454,
  "spx_lower_shadow": 0.0026570070379724107,
  "spx_close_position": 0.004974274352813761,
  "spx_body_to_range": 0.003395255422219634,
  "spx_gap": 0.003145428141579032,
  "spx_gap_magnitude": 0.0026649441181992493,
  "spx_upper_rejection": 0.002352146664634347,
  "spx_lower_rejection": 0.00297540247750779,
  "spx_range_expansion": 0.0032415654665480056,
  "spx_vix_corr_21d": 0.0070898498718937235,
  "spx_vix_corr_63d": 0.010538397667308649,
  "spx_vix_corr_126d": 0.00798044182981054,
  "vix_vs_rv_10d": 0.00787348517527183,
  "vix_rv_ratio_10d": 0.009243429483224949,
  "vix_vs_rv_21d": 0.013238382991403341,
  "vix_rv_ratio_21d": 0.009831849640856186,
  "crude_oil_ret_10d": 0.005186247639358044,
  "crude_oil_ret_21d": 0.006293054670095444,
  "crude_oil_ret_63d": 0.014633621089160442,
  "crude_oil_vol_21d": 0.008231136482208967,
  "crude_oil_zscore_63d": 0.007237699969361226,
  "dxy_ret_10d": 0.006771054429312547,
  "dxy_ret_21d": 0.005762510932981968,
  "dxy_ret_63d": 0.012294116274764141,
  "dxy_vs_ma50": 0.010848584584891796,
  "dxy_vs_ma200": 0.008512604826440414,
  "dxy_vol_21d": 0.006458818446844816,
  "dollar_crude_corr_21d": 0.006731259636580944,
  "spx_dollar_corr_21d": 0.008432102079192797,
  "yield_10y2y": 0.0,
  "yield_10y2y_zscore": 0.0,
  "yield_10y3m": 0.008076652108381191,
  "yield_2y3m": 0.0,
  "yield_5y2y": 0.0,
  "yield_30y10y": 0.01015672879293561,
  "yield_10y2y_velocity_10d": 0.0,
  "yield_10y2y_velocity_21d": 0.0,
  "yield_10y2y_velocity_63d": 0.0,
  "yield_10y2y_acceleration": 0.0,
  "yield_10y2y_vs_ma63": 0.0,
  "yield_10y2y_percentile_252d": 0.0,
  "yield_10y3m_velocity_10d": 0.005859670539697011,
  "yield_10y3m_velocity_21d": 0.005363461251060168,
  "yield_10y3m_velocity_63d": 0.005918317474424839,
  "yield_10y3m_acceleration": 0.006506949042280515,
  "yield_10y3m_vs_ma63": 0.006757183000445366,
  "yield_10y3m_percentile_252d": 0.007687794975936413,
  "yield_2y3m_velocity_10d": 0.0,
  "yield_2y3m_velocity_21d": 0.0,
  "yield_2y3m_velocity_63d": 0.0,
  "yield_2y3m_acceleration": 0.0,
  "yield_2y3m_vs_ma63": 0.0,
  "yield_2y3m_percentile_252d": 0.0,
  "yield_10y2y_inversion_depth": 0.0,
  "yield_10y3m_inversion_depth": 0.013522794916449735,
  "yield_curve_level": 0.0125136806940039,
  "yield_curve_level_zscore": 0.009581807224700848,
  "yield_curve_curvature": 0.0,
  "yield_curve_curvature_zscore": 0.0,
  "10y_vol_63d": 0.005496583956604202,
  "30y_vol_63d": 0.007635766950746377,
  "yield_curve_vol_avg": 0.009311918634921312,
  "yield_curve_vol_dispersion": 0.009157864687343439,
  "vix_regime_micro": 0.011835955393811068,
  "regime_transition_risk": 0.004154054991280039,
  "vol_regime": 0.0,
  "risk_premium_regime": 0.0008302453012826542,
  "vol_term_regime": 0.0,
  "trend_regime": 0.004940743247667949,
  "liquidity_stress_composite": 0.015710378997027874,
  "liquidity_regime": 0.0019047982059419155,
  "correlation_regime": 0.0,
  "equity_vol_divergence": 0.005768775939941406,
  "equity_vol_corr_breakdown": 0.008283446077257395,
  "risk_premium_ma21": 0.009031715802848339,
  "risk_premium_velocity": 0.006112749533106883,
  "risk_premium_zscore": 0.011274738237261772,
  "gold_spx_divergence": 0.004426824627444148,
  "vix_velocity_3d_pct": 0.010257328550020853,
  "vix_jerk_5d": 0.005056513473391533,
  "vix_momentum_regime": 0.0,
  "spx_realized_vol_21d_velocity_3d": 0.0055883091408759356,
  "spx_realized_vol_21d_acceleration_5d": 0.0050806097375849886,
  "vix_percentile_21d": 0.010831312742084265,
  "vix_percentile_63d": 0.014095830731093884,
  "vix_percentile_126d": 0.009750296051303545,
  "vix_percentile_252d": 0.022957654980321724,
  "vix_percentile_velocity": 0.00668309962687393,
  "vix_extreme_low_63d": 0.025000708798567455,
  "vix_extreme_low_252d": 0.022478364408016205,
  "risk_premium_percentile_21d": 0.005779121769592166,
  "risk_premium_percentile_63d": 0.011070119372258583,
  "risk_premium_percentile_126d": 0.005595675203949213,
  "risk_premium_percentile_252d": 0.011350115373109778,
  "risk_premium_percentile_velocity": 0.003977262337381641,
  "risk_premium_extreme_low_63d": 0.0004372460146745046,
  "risk_premium_extreme_low_252d": 0.002185644737134377,
  "month": 0.008317795194064578,
  "day_of_week": 0.0022280691967656216,
  "day_of_month": 0.006763008267929156
}