{
  "correlation_threshold": 0.8925,
  "n_removed_correlation": 31,
  "n_samples": 2613,
  "n_selected": 116,
  "random_state": 42,
  "target_type": "compression",
  "top_10_features": [
    "vix_vs_ma63",
    "regime_median_return_5d",
    "vix_vs_ma21",
    "vix_percentile_126d",
    "vix_velocity_5d_regime_adj",
    "vvix_zscore_21d",
    "vvix",
    "vix_vel_spx_rv_ratio",
    "vix_zscore_63d",
    "liquidity_stress_composite"
  ],
  "top_10_importance": [
    0.07710868790745735,
    0.040933448437135665,
    0.023802036326378583,
    0.022612069547176362,
    0.016191066429018974,
    0.011693388782441616,
    0.010418176162056625,
    0.010206246259622275,
    0.009298825729638338,
    0.009289384353905916
  ],
  "top_n": 116
}