{
  "spx_lag1": 0.0018108218908309936,
  "vix_ret_1d": 0.0007553446455858647,
  "vix_ret_5d": 0.003439347361563705,
  "vix_ret_10d": 0.0015249568270519376,
  "vix_ret_21d": 0.001850733021274209,
  "vix_vol_10d": 0.004061744175851345,
  "vix_vol_21d": 0.0034703519660979508,
  "vix_vol_63d": 0.0041013231966644526,
  "vix_velocity_5d": 0.005821616551838815,
  "vix_velocity_10d": 0.00271074534393847,
  "vix_velocity_21d": 0.0029654605015821288,
  "vix_vs_ma10": 0.011322678253054618,
  "vix_vs_ma21": 0.0036402000579982994,
  "vix_vs_ma63": 0.004300058679655194,
  "vix_vs_ma252": 0.003589688264764845,
  "vix_zscore_21d": 0.0022262813057750464,
  "vix_zscore_63d": 0.0028806113172322513,
  "vix_zscore_252d": 0.005426764627918601,
  "vix_momentum_z_10d": 0.0022180967731401323,
  "vix_momentum_z_21d": 0.0035900911199860273,
  "vix_accel_5d": 0.0037043608259409665,
  "vix_stretch_ma21": 0.0029614118160679937,
  "vix_stretch_ma63": 0.003027836885303259,
  "reversion_strength_21d": 0.002929536474402994,
  "reversion_strength_63d": 0.004593126336112618,
  "vix_bb_position_20d": 0.002888223505578935,
  "vix_extreme_low_21d": 0.0,
  "vix_regime": 0.007541215047240257,
  "days_in_regime": 0.012638331484049558,
  "regime_distance_to_boundary": 0.003137398650869727,
  "regime_within_regime_percentile": 0.003217511554248631,
  "regime_change_flag": 0.0,
  "time_in_regime_pct": 0.009625562932342291,
  "regime_expected_return_5d": 0.0,
  "regime_median_return_5d": 0.0,
  "regime_return_std_5d": 0.0,
  "regime_prob_up_5d": 0.0,
  "regime_vol_of_vol": 0.0,
  "regime_spike_prob": 0.0,
  "regime_prob_stay": 0.0,
  "regime_prob_crisis": 0.0,
  "regime_prob_elevated": 0.0,
  "vix1m_vix3m_ratio": 0.007314506731927395,
  "vix_term_slope_short": 0.0049530450196471065,
  "vix_term_slope_velocity_21d": 0.0025849505560472607,
  "vix_term_ratio_zscore_63d": 0.004973221104592085,
  "vix3m_vix6m_ratio": 0.00324128079082584,
  "vix_term_slope_long": 0.003255431307479739,
  "vix_term_curvature": 0.0020022567827254535,
  "vix_term_curvature_zscore": 0.003426315961405635,
  "spx_ret_1d": 0.001376177865313366,
  "spx_ret_5d": 0.004943876923061907,
  "spx_ret_10d": 0.002087734709493816,
  "spx_ret_21d": 0.0025721412035636603,
  "spx_ret_63d": 0.003969120001420379,
  "spx_vs_ma20": 0.004126290488056838,
  "spx_vs_ma50": 0.0037367626558989287,
  "spx_vs_ma200": 0.004427404934540391,
  "spx_momentum_z_10d": 0.0045714092440903185,
  "spx_momentum_z_21d": 0.0036564444191753863,
  "spx_realized_vol_10d": 0.002309201913885772,
  "spx_realized_vol_21d": 0.004025976592674852,
  "spx_realized_vol_63d": 0.005252021178603172,
  "spx_vol_ratio_10_21": 0.003931784862652421,
  "spx_vol_ratio_10_63": 0.007253760239109397,
  "spx_skew_21d": 0.003425775235518813,
  "spx_kurt_21d": 0.0027241924311965705,
  "bb_position_20d": 0.004386242222972214,
  "bb_width_20d": 0.006376366922631859,
  "rsi_14": 0.0035354132764041425,
  "rsi_regime": 0.0,
  "rsi_divergence": 0.002457798598334193,
  "macd": 0.0049307837150990965,
  "macd_signal": 0.005299801612272859,
  "macd_histogram": 0.002915194071829319,
  "adx_14": 0.004635813040658831,
  "trend_strength": 0.004591368464753031,
  "spx_body_size": 0.0009835524251684546,
  "spx_range": 0.0018613066291436552,
  "spx_range_pct": 0.002911023097112775,
  "spx_upper_shadow": 0.0015506837051361799,
  "spx_lower_shadow": 0.001496521377703175,
  "spx_close_position": 0.002773481165058911,
  "spx_body_to_range": 0.0015504851937294007,
  "spx_gap": 0.001400874473620206,
  "spx_gap_magnitude": 0.0016408206545747816,
  "spx_upper_rejection": 0.0015053361654281615,
  "spx_lower_rejection": 0.0011090722458902747,
  "spx_range_expansion": 0.0018106209288816899,
  "spx_vix_corr_21d": 0.004129545809701085,
  "spx_vix_corr_63d": 0.004466946702450514,
  "spx_vix_corr_126d": 0.00349182357895188,
  "vix_vs_rv_10d": 0.006364398589357734,
  "vix_rv_ratio_10d": 0.005847211182117462,
  "vix_vs_rv_21d": 0.006234296876937151,
  "vix_rv_ratio_21d": 0.004627225734293461,
  "SKEW": 0.0009519067534711212,
  "skew_regime": 0.0,
  "skew_vs_vix": 0.0016176466830074786,
  "skew_vix_ratio": 0.0017551109660416842,
  "skew_displacement": 0.0008522336371243,
  "pc_equity_inst_divergence": 0.0013302550185471773,
  "pcc_accel_10d": 0.0006911416072398424,
  "COR1M": 0.002978727873414755,
  "COR1M_change_21d": 0.0007688236190006136,
  "COR1M_zscore_63d": 0.0005810511531308294,
  "COR3M": 0.0012116776779294014,
  "COR3M_change_21d": 0.0020518085919320585,
  "COR3M_zscore_63d": 0.0010122223757207394,
  "cor_term_structure": 0.0013452250510454177,
  "cor_term_slope_change_21d": 0.0016969584859907628,
  "VXTH": 0.002685198956169188,
  "VXTH_change_21d": 0.002880710456520319,
  "VXTH_zscore_63d": 0.0010230670683085918,
  "vxth_vix_ratio": 0.0012099775951355696,
  "VXTLT": 0.006226012390106917,
  "VXTLT_change_21d": 0.004000544222071767,
  "VXTLT_zscore_63d": 0.00412291819229722,
  "VXTLT_velocity_10d": 0.0032617666758596895,
  "VXTLT_acceleration_5d": 0.002625424275174737,
  "bond_vol_regime": 0.0,
  "vxtlt_vix_ratio": 0.0038788926787674425,
  "vxtlt_vix_spread": 0.006728339823894203,
  "VXTLT_percentile_63d": 0.004004983929917216,
  "VXTLT_percentile_126d": 0.0031889586243778467,
  "VXTLT_percentile_252d": 0.002421478810720146,
  "VXTLT_vs_ma21": 0.0034187653101980684,
  "VXTLT_vs_ma63": 0.004686844116076827,
  "cboe_stress_composite": 0.004603967862203717,
  "cboe_stress_regime": 0.0,
  "vx_contango_pct": 0.0024426857009530066,
  "vx_contango_5d_change": 0.0010189902037382125,
  "vx_contango_zscore": 0.001143471524119377,
  "vx1_return_5d": 0.000557689368724823,
  "vx2_return_5d": 0.0012495679315179587,
  "vx_curve_2_1_ratio": 0.0,
  "vx_curve_3_2_ratio": 0.0014020439237356185,
  "vx_curve_4_3_ratio": 0.00257200188934803,
  "vx_curve_steepness": 0.0,
  "vx_oi_front_concentration": 0.0028411034494638444,
  "vx_oi_imbalance": 0.0016950422897934914,
  "vx_oi_5d_change": 0.0028082805685698984,
  "vx_oi_zscore_63d": 0.0006740624783560633,
  "vx_oi_surge": 0.0009968955069780349,
  "vx_churn_ratio": 0.003480481542646885,
  "vx_churn_zscore_63d": 0.0008956226753070951,
  "vx_roll_yield_annualized": 0.00815251674503088,
  "vx_roll_cost_5d": 0.00033762932289391754,
  "vx_roll_yield_zscore_63d": 0.0038993941619992257,
  "vx_momentum_5d": 0.0,
  "vx_momentum_zscore": 0.000506213866174221,
  "CL1-CL2": 0.004649402294307947,
  "CL1-CL2_velocity_5d": 0.0019364210427738726,
  "CL1-CL2_zscore_63d": 0.004180315276607871,
  "oil_term_regime": 0.0,
  "crude_oil_ret_10d": 0.005700628319755196,
  "crude_oil_ret_21d": 0.0032667322782799603,
  "crude_oil_ret_63d": 0.008876170217990875,
  "crude_oil_vol_21d": 0.003748730942606926,
  "crude_oil_zscore_63d": 0.004024200467392802,
  "DX1-DX2": 0.00170940263196826,
  "DX1-DX2_velocity_5d": 0.0028267576824873688,
  "DX1-DX2_zscore_63d": 0.002793708979152143,
  "dxy_ret_10d": 0.005990578792989254,
  "dxy_ret_21d": 0.003227468114346266,
  "dxy_ret_63d": 0.0037030855426564814,
  "dxy_vs_ma50": 0.004045066051185131,
  "dxy_vs_ma200": 0.006870376737788319,
  "dxy_vol_21d": 0.003889149124734104,
  "dollar_crude_corr_21d": 0.0028810329269617794,
  "spx_dollar_corr_21d": 0.0056179247330874205,
  "initial_claims": 0.004724489711225033,
  "claims_4wk_ma": 0.005252010887488723,
  "claims_velocity_4w": 0.00553617631085217,
  "claims_zscore_52w": 0.0028481006156653166,
  "claims_percentile_52w": 0.004428985016420484,
  "claims_regime": 0.0,
  "claims_velocity_zscore": 0.004391552414745092,
  "fin_stress_index": 0.0068885730113834144,
  "stress_velocity_4w": 0.003344240551814437,
  "stress_zscore_52w": 0.0028100555762648584,
  "stress_extreme": 0.003943231701850891,
  "stress_regime": 0.0,
  "hy_spread": 0.0053213422652333975,
  "hy_velocity_21d": 0.0038249610224738717,
  "hy_zscore_252d": 0.005620883661322296,
  "hy_bb_spread": 0.003687520744279027,
  "hy_bb_velocity_21d": 0.006766587099991739,
  "hy_b_spread": 0.003936754679307342,
  "hy_b_velocity_21d": 0.004273165529593825,