{
  "10y_vol_63d": 0.0028378801885992288,
  "30y_vol_63d": 0.0035231640096753834,
  "6m_vol_63d_fred": 0.002556141628883779,
  "CL1-CL2": 0.004669438651762903,
  "CL1-CL2_velocity_5d": 0.002045837766490877,
  "CL1-CL2_zscore_63d": 0.0025068264920264484,
  "COR1M": 0.003083189344033599,
  "COR1M_change_21d": 0.0012562143616378306,
  "COR1M_zscore_63d": 0.0025857393629848957,
  "COR3M": 0.0018781805410981178,
  "COR3M_change_21d": 0.0013843995984643698,
  "COR3M_zscore_63d": 0.0010886946693062782,
  "DX1-DX2": 0.0018191803712397814,
  "DX1-DX2_velocity_5d": 0.0028063491219654678,
  "DX1-DX2_zscore_63d": 0.002536665298976004,
  "SKEW": 0.0012059835251420736,
  "SKEW_extreme_low_252d": 0.0,
  "SKEW_extreme_low_63d": 0.0,
  "SKEW_jerk_5d": 0.0019356449134647845,
  "SKEW_momentum_regime": 0.0,
  "SKEW_percentile_126d": 0.0003550201188772917,
  "SKEW_percentile_21d": 0.0009452328551560641,
  "SKEW_percentile_252d": 0.00019600384403020143,
  "SKEW_percentile_63d": 0.0017104874365031718,
  "SKEW_percentile_velocity": 0.0006394409574568272,
  "VXTH": 0.0012012341059744358,
  "VXTH_change_21d": 0.0009541992098093033,
  "VXTH_zscore_63d": 0.0012609812431037426,
  "VXTLT": 0.004111029114574194,
  "VXTLT_acceleration_5d": 0.0022324296878650784,
  "VXTLT_change_21d": 0.00233579333871603,
  "VXTLT_percentile_126d": 0.00496363416314125,
  "VXTLT_percentile_252d": 0.006881938315927982,
  "VXTLT_percentile_63d": 0.004276766977272928,
  "VXTLT_velocity_10d": 0.004158983426168561,
  "VXTLT_vs_ma21": 0.0026231811149045824,
  "VXTLT_vs_ma63": 0.0056645645759999756,
  "VXTLT_zscore_63d": 0.0020555202616378667,
  "adx_14": 0.003936125105246902,
  "bb_position_20d": 0.011784002743661403,
  "bb_width_20d": 0.0016516058589331807,
  "bond_vol_regime": 0.00025780636351555584,
  "cboe_stress_composite": 0.0023529835278168322,
  "cboe_stress_regime": 0.0,
  "claims_4wk_ma": 0.0033360304310917853,
  "claims_percentile_52w": 0.005439149728044867,
  "claims_regime": 0.0010429728776216508,
  "claims_velocity_4w": 0.0023298980202525856,
  "claims_velocity_zscore": 0.0017688102787360549,
  "claims_zscore_52w": 0.0033139189064968376,
  "cor_term_slope_change_21d": 0.0009376965928822756,
  "cor_term_structure": 0.0021639809478074313,
  "correlation_regime": 0.0002096639946103096,
  "credit_quality_spread": 0.003510334575548768,
  "credit_stress_composite": 0.0039061795454472304,
  "credit_vol_divergence": 0.0038024462759494782,
  "credit_vol_stress_composite": 0.0037531503941863774,
  "credit_widening_regime": 0.0004555664025247097,
  "cross_asset_vol_cluster": 0.0011417709290981292,
  "crude_oil_ret_10d": 0.0023378574755042792,
  "crude_oil_ret_21d": 0.002471762779168785,
  "crude_oil_ret_63d": 0.0035448458977043627,
  "crude_oil_vol_21d": 0.002442478947341442,
  "crude_oil_vol_21d_log": 0.0015434417757205666,
  "crude_oil_zscore_63d": 0.0020627749850973486,
  "day_of_month": 0.002360363397747278,
  "day_of_week": 0.0013464853574987501,
  "days_in_regime": 0.0017684377031400799,
  "dollar_crude_corr_21d": 0.002551033184863627,
  "dxy_ret_10d": 0.0032246305607259275,
  "dxy_ret_21d": 0.003297982644289732,
  "dxy_ret_63d": 0.0033288604579865934,
  "dxy_vol_21d": 0.0033908480079844596,
  "dxy_vol_21d_log": 0.004341350612230599,
  "dxy_vs_ma200": 0.004299095598980784,
  "dxy_vs_ma50": 0.003524516010656953,
  "equity_vol_corr_breakdown": 0.0022055130335502326,
  "equity_vol_divergence": 0.0024523285450413824,
  "fin_stress_index": 0.0024127104319632054,
  "gold_spx_divergence": 0.005352718196809292,
  "hy_b_spread": 0.0035120702465064823,
  "hy_b_velocity_21d": 0.0030183432158082724,
  "hy_bb_spread": 0.0025340062100440265,
  "hy_bb_velocity_21d": 0.0025980902602896093,
  "hy_ccc_spread": 0.0018729796400293707,
  "hy_ccc_velocity_21d": 0.00417441192548722,
  "hy_spread": 0.002456800756044686,
  "hy_velocity_21d": 0.0030862793093547223,
  "hy_zscore_252d": 0.0031717895530164243,
  "ig_hy_spread": 0.0036547611001878978,
  "initial_claims": 0.003474918333813548,
  "is_earnings_heavy": 0.00025781724834814666,
  "is_fomc_period": 0.0024009561515413226,
  "is_opex_week": 0.002282718103379011,
  "liquidity_regime": 0.0,
  "liquidity_stress_composite": 0.010344381304457783,
  "macd": 0.001628001406788826,
  "macd_histogram": 0.0036764959571883083,
  "macd_signal": 0.00342602712335065,
  "month": 0.0033621280221268536,
  "oil_term_regime": 0.00015907130436971785,
  "pc_equity_inst_divergence": 0.0004938862286508084,
  "pcc_accel_10d": 0.0012154784053564072,
  "regime_change_flag": 0.00012918590800836682,
  "regime_distance_to_boundary": 0.0025513815227895973,
  "regime_expected_return_5d": 0.048906925693154336,
  "regime_median_return_5d": 0.0,
  "regime_prob_crisis": 0.0,
  "regime_prob_elevated": 0.0,
  "regime_prob_stay": 0.0,
  "regime_prob_up_5d": 0.0,
  "regime_return_std_5d": 0.0,
  "regime_spike_prob": 0.0011319846555124969,
  "regime_transition_risk": 0.002210315695265308,
  "regime_vol_of_vol": 0.0,
  "regime_within_regime_percentile": 0.0023783502401784062,
  "reversion_strength_21d": 0.002098675281740725,
  "reversion_strength_63d": 0.004778236174024642,
  "risk_premium_extreme_low_252d": 0.0,
  "risk_premium_extreme_low_63d": 0.0,
  "risk_premium_ma21": 0.005075727868825197,
  "risk_premium_percentile_126d": 0.0026166337775066495,
  "risk_premium_percentile_21d": 0.0038658635690808295,
  "risk_premium_percentile_252d": 0.005546460067853332,
  "risk_premium_percentile_63d": 0.0034879216691479087,
  "risk_premium_percentile_velocity": 0.0035129108699038626,
  "risk_premium_regime": 0.0006524227996123954,
  "risk_premium_velocity": 0.003269839892163873,
  "risk_premium_zscore": 0.0032917650882154704,
  "rsi_14": 0.002674226835370064,
  "rsi_divergence": 0.0021286172093823554,
  "rsi_regime": 0.0,
  "skew_displacement": 0.0009777985047549008,
  "skew_regime": 0.0,
  "skew_vix_ratio": 0.0021872053388506175,
  "skew_vs_vix": 0.001221609115600586,
  "spx_body_size": 0.0020670353434979914,
  "spx_body_to_range": 0.0017816513078287243,
  "spx_close_position": 0.001631528465077281,
  "spx_dollar_corr_21d": 0.0035512850154191256,
  "spx_gap": 0.0019889671821147203,
  "spx_gap_extreme_flag": 0.0005384910269640386,
  "spx_gap_magnitude": 0.0019510508049279452,
  "spx_gap_magnitude_extreme_flag": 0.0006493787514045835,
  "spx_kurt_21d": 0.0019757618429139256,
  "spx_lag1": 0.0003021185693796724,
  "spx_lower_rejection": 0.0019657575292512776,
  "spx_lower_shadow": 0.0015387474093586206,
  "spx_momentum_z_10d": 0.0028065581806004047,
  "spx_momentum_z_21d": 0.002617802401073277,
  "spx_range": 0.001982254022732377,
  "spx_range_expansion": 0.0019173975917510689,
  "spx_range_pct": 0.0013983870623633266,
  "spx_realized_vol_10d": 0.0024389934726059435,
  "spx_realized_vol_21d": 0.0036698763957247137,
  "spx_realized_vol_21d_acceleration_5d": 0.003004773799329996,
  "spx_realized_vol_21d_log": 0.0014429641305468976,
  "spx_realized_vol_21d_velocity_3d": 0.00373669215478003,
  "spx_realized_vol_63d": 0.002856657770462334,
  "spx_realized_vol_63d_x_regime_0": 0.006390755831671413,
  "spx_realized_vol_63d_x_regime_1": 0.005634611565619707,
  "spx_realized_vol_63d_x_regime_2": 0.003912662295624614,
  "spx_realized_vol_63d_x_regime_3": 0.0,
  "spx_ret_10d": 0.002122817700728774,
  "spx_ret_1d": 0.0015746134566143155,
  "spx_ret_21d": 0.0019604337285272777,
  "spx_ret_5d": 0.0025470315013080835,
  "spx_ret_5d_regime_adj": 0.0020642916555516423,
  "spx_ret_63d": 0.0021865578019060194,
  "spx_skew_21d": 0.0024313482223078608,
  "spx_upper_rejection": 0.0015202373615466058,
  "spx_upper_shadow": 0.001328576693776995,
  "spx_vix_corr_126d": 0.003383064898662269,
  "spx_vix_corr_21d": 0.002330673602409661,
  "spx_vix_corr_63d": 0.0027903554495424033,
  "spx_vol_ratio_10_21": 0.003249153634533286,
  "spx_vol_ratio_10_63": 0.0030241566710174084,
  "spx_vs_ma20": 0.004650994669646025,
  "spx_vs_ma200": 0.003545485995709896,
  "spx_vs_ma50": 0.0027388363727368415,
  "stress_extreme": 0.00012329494347795844,