{
  "spx_lag1": 0.0049939009360969065,
  "vix_ret_1d": 0.0019606993882916868,
  "vix_ret_5d": 0.0034777488093823195,
  "vix_ret_10d": 0.0016606698365649209,
  "vix_ret_21d": 0.00302174212411046,
  "vix_vol_10d": 0.0052912507206201555,
  "vix_vol_21d": 0.0052583212032914165,
  "vix_vol_63d": 0.0039186094421893355,
  "vix_velocity_5d": 0.0036307406844571233,
  "vix_velocity_10d": 0.006431244919076562,
  "vix_velocity_21d": 0.0033425702480599285,
  "vix_vs_ma10": 0.0036421331577003004,
  "vix_vs_ma21": 0.004473330173641443,
  "vix_vs_ma63": 0.004360942495986819,
  "vix_vs_ma252": 0.006540986616164446,
  "vix_zscore_21d": 0.0072770919650793076,
  "vix_zscore_63d": 0.0039356749970465895,
  "vix_zscore_252d": 0.009089000849053263,
  "vix_momentum_z_10d": 0.0019999489886686206,
  "vix_momentum_z_21d": 0.002579238102771342,
  "vix_accel_5d": 0.004939089389517903,
  "vix_stretch_ma21": 0.0033259418327361346,
  "vix_stretch_ma63": 0.004535390064120293,
  "reversion_strength_21d": 0.004299584310501814,
  "reversion_strength_63d": 0.005812181765213609,
  "vix_bb_position_20d": 0.008126171678304673,
  "vix_extreme_low_21d": 0.0,
  "vix_regime": 0.0,
  "days_in_regime": 0.007592514436691999,
  "regime_distance_to_boundary": 0.0051287584472447635,
  "regime_within_regime_percentile": 0.003977086627855897,
  "regime_change_flag": 0.0,
  "time_in_regime_pct": 0.005054535530507565,
  "regime_expected_return_5d": 0.0,
  "regime_median_return_5d": 0.0,
  "regime_return_std_5d": 0.0,
  "regime_prob_up_5d": 0.0,
  "regime_vol_of_vol": 0.0,
  "regime_spike_prob": 0.0,
  "regime_prob_stay": 0.0,
  "regime_prob_crisis": 0.0,
  "regime_prob_elevated": 0.0,
  "vix1m_vix3m_ratio": 0.0070916977419983596,
  "vix_term_slope_short": 0.0019947972847148775,
  "vix_term_slope_velocity_21d": 0.0030888295732438564,
  "vix_term_ratio_zscore_63d": 0.006276341853663325,
  "vix3m_vix6m_ratio": 0.005178085155785083,
  "vix_term_slope_long": 0.004650980746373534,
  "vix_term_curvature": 0.003754498343914747,
  "vix_term_curvature_zscore": 0.004889514809474349,
  "spx_ret_1d": 0.001993271696846932,
  "spx_ret_5d": 0.0033216751646250485,
  "spx_ret_10d": 0.0021482077427208424,
  "spx_ret_21d": 0.006133860629051924,
  "spx_ret_63d": 0.0038799054455012083,
  "spx_vs_ma20": 0.0055286070797592405,
  "spx_vs_ma50": 0.004439209355041385,
  "spx_vs_ma200": 0.0038801964838057756,
  "spx_momentum_z_10d": 0.002203669270966202,
  "spx_momentum_z_21d": 0.004879303835332393,
  "spx_realized_vol_10d": 0.004814801877364517,
  "spx_realized_vol_21d": 0.005621665669605136,
  "spx_realized_vol_63d": 0.005002675205469131,
  "spx_vol_ratio_10_21": 0.0036973382346332075,
  "spx_vol_ratio_10_63": 0.003802586905658245,
  "spx_skew_21d": 0.004498361330479384,
  "spx_kurt_21d": 0.003481006994843483,
  "bb_position_20d": 0.0029356818879023193,
  "bb_width_20d": 0.0030676071532070638,
  "rsi_14": 0.00627448121085763,
  "rsi_regime": 0.0,
  "rsi_divergence": 0.002768477704375982,
  "macd": 0.004485156154260039,
  "macd_signal": 0.005515062995254993,
  "macd_histogram": 0.00379528789781034,
  "adx_14": 0.004257279122248292,
  "trend_strength": 0.004805478546768427,
  "spx_body_size": 0.0019242861075326801,
  "spx_range": 0.002355837635695934,
  "spx_range_pct": 0.003349366853944957,
  "spx_upper_shadow": 0.0023845544317737223,
  "spx_lower_shadow": 0.0017376033822074533,
  "spx_close_position": 0.0024079046212136745,
  "spx_body_to_range": 0.0020428185118362306,
  "spx_gap": 0.003001767070963979,
  "spx_gap_magnitude": 0.0024138395208865406,
  "spx_upper_rejection": 0.0018503167666494846,
  "spx_lower_rejection": 0.001744781737215817,
  "spx_range_expansion": 0.00260110842064023,
  "spx_vix_corr_21d": 0.004019036050885915,
  "spx_vix_corr_63d": 0.0036520302295684815,
  "spx_vix_corr_126d": 0.003453484852798283,
  "vix_vs_rv_10d": 0.004906738735735416,
  "vix_rv_ratio_10d": 0.004311252990737558,
  "vix_vs_rv_21d": 0.004461070755496621,
  "vix_rv_ratio_21d": 0.005834793299436569,
  "SKEW": 0.0020892286906018854,
  "skew_regime": 0.0,
  "skew_vs_vix": 0.0017334804404526948,
  "skew_vix_ratio": 0.0019478466361761092,
  "skew_displacement": 0.0015620529185980559,
  "pc_equity_inst_divergence": 0.001812776830047369,
  "pcc_accel_10d": 0.0013753564096987247,
  "COR1M": 0.002130906330421567,
  "COR1M_change_21d": 0.0014451807364821434,
  "COR1M_zscore_63d": 0.0011695403605699538,
  "COR3M": 0.0027838494628667832,
  "COR3M_change_21d": 0.0015949804801493883,
  "COR3M_zscore_63d": 0.0016311581712216139,
  "cor_term_structure": 0.0022946995217353106,
  "cor_term_slope_change_21d": 0.0021122305188328028,
  "VXTH": 0.0019812806509435176,
  "VXTH_change_21d": 0.0006292975042015315,
  "VXTH_zscore_63d": 0.0013914350420236588,
  "vxth_vix_ratio": 0.001290627080015838,
  "VXTLT": 0.004718543402850628,
  "VXTLT_change_21d": 0.003260269155725837,
  "VXTLT_zscore_63d": 0.0038657189114019276,
  "VXTLT_velocity_10d": 0.003285193955525756,
  "VXTLT_acceleration_5d": 0.003126714611425996,
  "bond_vol_regime": 0.0,
  "vxtlt_vix_ratio": 0.004201788827776909,
  "vxtlt_vix_spread": 0.006386196147650481,
  "VXTLT_percentile_63d": 0.0026933111948892474,
  "VXTLT_percentile_126d": 0.0035584196913987396,
  "VXTLT_percentile_252d": 0.003375213872641325,
  "VXTLT_vs_ma21": 0.003335346630774438,
  "VXTLT_vs_ma63": 0.003619393426924944,
  "cboe_stress_composite": 0.0031231846660375595,
  "cboe_stress_regime": 0.0,
  "vx_contango_pct": 0.0011447256430983544,
  "vx_contango_5d_change": 0.0022558742435649036,
  "vx_contango_zscore": 0.00275907046161592,
  "vx1_return_5d": 0.0008535009692423046,
  "vx2_return_5d": 0.0035605404525995256,
  "vx_curve_2_1_ratio": 0.0,
  "vx_curve_3_2_ratio": 0.0016639345325529576,
  "vx_curve_4_3_ratio": 0.003694054018706083,
  "vx_curve_steepness": 0.0030412691179662944,
  "vx_oi_front_concentration": 0.00316767948679626,
  "vx_oi_imbalance": 0.0017534282058477401,
  "vx_oi_5d_change": 0.0033699133433401584,
  "vx_oi_zscore_63d": 0.0030851013492792846,
  "vx_oi_surge": 0.003492969460785389,
  "vx_churn_ratio": 0.005239335959777236,
  "vx_churn_zscore_63d": 0.0032121038530021906,
  "vx_roll_yield_annualized": 0.0023364317370578648,
  "vx_roll_cost_5d": 0.0,
  "vx_roll_yield_zscore_63d": 0.0036400143057107926,
  "vx_momentum_5d": 0.0,
  "vx_momentum_zscore": 0.0022427696734666825,
  "CL1-CL2": 0.003568283235654235,
  "CL1-CL2_velocity_5d": 0.003269916819408536,
  "CL1-CL2_zscore_63d": 0.003657038090750575,
  "oil_term_regime": 0.0,
  "crude_oil_ret_10d": 0.003967428021132946,
  "crude_oil_ret_21d": 0.003944145422428847,
  "crude_oil_ret_63d": 0.004185272892937064,
  "crude_oil_vol_21d": 0.003913124999962747,
  "crude_oil_zscore_63d": 0.0044586616568267345,
  "DX1-DX2": 0.002209942112676799,
  "DX1-DX2_velocity_5d": 0.002930395700968802,
  "DX1-DX2_zscore_63d": 0.0032218045089393854,
  "dxy_ret_10d": 0.0032639948185533285,
  "dxy_ret_21d": 0.003482584748417139,
  "dxy_ret_63d": 0.003682303288951516,
  "dxy_vs_ma50": 0.003722922783344984,
  "dxy_vs_ma200": 0.0034072717651724817,
  "dxy_vol_21d": 0.0035785411950200797,
  "dollar_crude_corr_21d": 0.003840407356619835,
  "spx_dollar_corr_21d": 0.003912524087354541,
  "initial_claims": 0.004490673961117864,
  "claims_4wk_ma": 0.005253862636163831,
  "claims_velocity_4w": 0.0040060252416878935,
  "claims_zscore_52w": 0.004121437249705195,
  "claims_percentile_52w": 0.004020787449553609,
  "claims_regime": 0.0,
  "claims_velocity_zscore": 0.005124956369400024,
  "fin_stress_index": 0.005393598228693008,
  "stress_velocity_4w": 0.0031188667519018052,
  "stress_zscore_52w": 0.003382792742922902,
  "stress_extreme": 0.0,
  "stress_regime": 0.0,
  "hy_spread": 0.003502093767747283,
  "hy_velocity_21d": 0.003629343956708908,
  "hy_zscore_252d": 0.0028632302768528462,
  "hy_bb_spread": 0.004138423193944618,
  "hy_bb_velocity_21d": 0.0033927652519196274,
  "hy_b_spread": 0.0034603544510900973,
  "hy_b_velocity_21d": 0.005294432258233428,
  "hy_ccc_spread": 0.0045124910771846775,