{
  "spx_lag1": 0.004855431383475661,
  "vix_ret_1d": 0.003535797897105416,
  "vix_ret_5d": 0.004651425716777642,
  "vix_ret_10d": 0.003274259545529882,
  "vix_ret_21d": 0.0035203834219525256,
  "vix_vol_10d": 0.004835551527018349,
  "vix_vol_21d": 0.0041645243763923645,
  "vix_vol_63d": 0.005475224461406469,
  "vix_velocity_5d": 0.006781448144465685,
  "vix_velocity_10d": 0.004643600744505723,
  "vix_velocity_21d": 0.0031063008743027845,
  "vix_vs_ma10": 0.00913027860224247,
  "vix_vs_ma21": 0.005001570874204238,
  "vix_vs_ma63": 0.007367456176628669,
  "vix_vs_ma252": 0.004886409888664882,
  "vix_zscore_21d": 0.0037940313729147115,
  "vix_zscore_63d": 0.003878507763147354,
  "vix_zscore_252d": 0.011362404252092043,
  "vix_momentum_z_10d": 0.003723067929968238,
  "vix_momentum_z_21d": 0.003432551942144831,
  "vix_accel_5d": 0.004581766047825416,
  "vix_stretch_ma21": 0.004864497886349757,
  "vix_stretch_ma63": 0.004630939414103826,
  "reversion_strength_21d": 0.003756848086292545,
  "reversion_strength_63d": 0.007080689615880449,
  "vix_bb_position_20d": 0.006659386989971002,
  "vix_extreme_low_21d": 0.0025065626638631025,
  "vix_regime": 0.0019191231889029343,
  "days_in_regime": 0.007061285587648551,
  "regime_distance_to_boundary": 0.00426621176302433,
  "regime_within_regime_percentile": 0.0036703620571643114,
  "regime_change_flag": 0.0,
  "time_in_regime_pct": 0.003314308434103926,
  "regime_expected_return_5d": 0.009689067179958025,
  "regime_median_return_5d": 0.0,
  "regime_return_std_5d": 0.0,
  "regime_prob_up_5d": 0.0,
  "regime_vol_of_vol": 0.0,
  "regime_spike_prob": 0.005473442375659943,
  "regime_prob_stay": 0.0,
  "regime_prob_crisis": 0.0,
  "regime_prob_elevated": 0.0,
  "spx_ret_1d": 0.00402006945417573,
  "spx_ret_5d": 0.006110081371540825,
  "spx_ret_10d": 0.003926655199999611,
  "spx_ret_21d": 0.0032426801432544985,
  "spx_ret_63d": 0.0043784999288618565,
  "spx_vs_ma20": 0.003331481207472583,
  "spx_vs_ma50": 0.004420404865716894,
  "spx_vs_ma200": 0.004743484624971946,
  "spx_momentum_z_10d": 0.003764179845650991,
  "spx_momentum_z_21d": 0.004055858977759878,
  "spx_realized_vol_10d": 0.004616481562455495,
  "spx_realized_vol_21d": 0.006343238366146882,
  "spx_realized_vol_63d": 0.00925105701511105,
  "spx_vol_ratio_10_21": 0.0050454050457725925,
  "spx_vol_ratio_10_63": 0.003885982402910789,
  "spx_skew_21d": 0.005692850022266309,
  "spx_kurt_21d": 0.003329222478593389,
  "bb_position_20d": 0.007144540548324585,
  "bb_width_20d": 0.004903953056782484,
  "rsi_14": 0.00649379442135493,
  "rsi_regime": 0.0,
  "rsi_divergence": 0.003814980465297898,
  "macd": 0.003986443780983488,
  "macd_signal": 0.00476217355268697,
  "macd_histogram": 0.0039697330600271625,
  "adx_14": 0.004608741340537866,
  "trend_strength": 0.004026811957980196,
  "spx_body_size": 0.0030280505307018757,
  "spx_range": 0.003595388183991114,
  "spx_range_pct": 0.0035949182929471135,
  "spx_upper_shadow": 0.0027794644702225924,
  "spx_lower_shadow": 0.0028878801579897604,
  "spx_close_position": 0.003958392965917786,
  "spx_body_to_range": 0.0029167766527583203,
  "spx_gap": 0.0030832085758447647,
  "spx_gap_magnitude": 0.0030305713104705014,
  "spx_upper_rejection": 0.003230640276645621,
  "spx_lower_rejection": 0.00305502419359982,
  "spx_range_expansion": 0.0028677526861429214,
  "spx_vix_corr_21d": 0.004137874270478885,
  "spx_vix_corr_63d": 0.003926384961232543,
  "spx_vix_corr_126d": 0.004388959535087149,
  "vix_vs_rv_10d": 0.004358168536176284,
  "vix_rv_ratio_10d": 0.004027912626042962,
  "vix_vs_rv_21d": 0.004096242676799496,
  "vix_rv_ratio_21d": 0.004014891106635332,
  "SKEW": 0.0014193545406063397,
  "skew_regime": 0.0,
  "skew_vs_vix": 0.003642727310458819,
  "skew_vix_ratio": 0.0033386824652552605,
  "skew_displacement": 0.0016379255490998428,
  "pc_equity_inst_divergence": 0.0005479666093985239,
  "pcc_accel_10d": 0.001295327131326,
  "COR1M": 0.003095154029627641,
  "COR1M_change_21d": 0.0014194996717075508,
  "COR1M_zscore_63d": 0.0004971632345890006,
  "COR3M": 0.0010085363561908405,
  "COR3M_change_21d": 0.0017205068531135719,
  "COR3M_zscore_63d": 0.0014700316824018955,
  "cor_term_structure": 0.0034895380958914757,
  "cor_term_slope_change_21d": 0.0010871631869425376,
  "VXTH": 0.0019372323683152597,
  "VXTH_change_21d": 0.0018452918156981468,
  "VXTH_zscore_63d": 0.0007314284642537435,
  "vxth_vix_ratio": 0.0020189865802725158,
  "VXTLT": 0.006198876226941745,
  "VXTLT_change_21d": 0.004368619294837117,
  "VXTLT_zscore_63d": 0.0037449168351789317,
  "VXTLT_velocity_10d": 0.003867493631939093,
  "VXTLT_acceleration_5d": 0.004571305743108193,
  "bond_vol_regime": 0.0,
  "vxtlt_vix_ratio": 0.0038530676004787288,
  "vxtlt_vix_spread": 0.004101697045067946,
  "VXTLT_percentile_63d": 0.005182911952336629,
  "VXTLT_percentile_126d": 0.0032695718109607697,
  "VXTLT_percentile_252d": 0.004412431890765826,
  "VXTLT_vs_ma21": 0.004061581489319603,
  "VXTLT_vs_ma63": 0.006446427044769128,
  "cboe_stress_composite": 0.004398765120034416,
  "cboe_stress_regime": 0.0,
  "VX1-VX2": 0.004348513126994173,
  "VX1-VX2_change_21d": 0.0042319458443671465,
  "VX1-VX2_zscore_63d": 0.003972296913464864,
  "VX1-VX2_percentile_63d": 0.003075067341948549,
  "VX2-VX1_RATIO": 0.004365175807227691,
  "VX2-VX1_RATIO_velocity_10d": 0.0037674663277963796,
  "vx_term_structure_regime": 0.0005166613264009356,
  "vx_curve_acceleration": 0.006312604993581772,
  "vx_term_structure_divergence": 0.003137011624251803,
  "CL1-CL2": 0.005480697068075339,
  "CL1-CL2_velocity_5d": 0.003577479316542546,
  "CL1-CL2_zscore_63d": 0.004009659091631572,
  "oil_term_regime": 0.0,
  "crude_oil_ret_10d": 0.0060036090823511285,
  "crude_oil_ret_21d": 0.00338263421629866,
  "crude_oil_ret_63d": 0.005548522186776002,
  "crude_oil_vol_21d": 0.0047041514577964945,
  "crude_oil_zscore_63d": 0.005383209325373173,
  "DX1-DX2": 0.002963961955780784,
  "DX1-DX2_velocity_5d": 0.0030197760400672755,
  "DX1-DX2_zscore_63d": 0.0039431383678068714,
  "dxy_ret_10d": 0.005691259478529294,
  "dxy_ret_21d": 0.005082144712408383,
  "dxy_ret_63d": 0.0050021860127647715,
  "dxy_vs_ma50": 0.004284291140114267,
  "dxy_vs_ma200": 0.004274210815007488,
  "dxy_vol_21d": 0.005347681542237599,
  "vx_crude_corr_21d": 0.004657678616543611,
  "vx_crude_divergence": 0.0030418612683812776,
  "vx_dollar_corr_21d": 0.004088224299872915,
  "dollar_crude_corr_21d": 0.003907853194201986,
  "spx_vx_spread_corr_21d": 0.004977132814625899,
  "spx_dollar_corr_21d": 0.004295732205112775,
  "initial_claims": 0.005389983377729853,
  "claims_4wk_ma": 0.004846882075071335,
  "claims_velocity_4w": 0.004042655850450198,
  "claims_zscore_52w": 0.005304036506762107,
  "claims_percentile_52w": 0.004973228399952252,
  "claims_regime": 0.0,
  "claims_velocity_zscore": 0.004942986027648051,
  "fin_stress_index": 0.004925457915912072,
  "stress_velocity_4w": 0.004234482068568468,
  "stress_zscore_52w": 0.004073818136627476,
  "stress_extreme": 0.00200836764027675,
  "stress_regime": 0.0010961870818088453,
  "hy_spread": 0.0046776290982961655,
  "hy_velocity_21d": 0.0038503837616493306,
  "hy_zscore_252d": 0.005589727622767289,
  "hy_bb_spread": 0.005038010577360789,
  "hy_bb_velocity_21d": 0.0051317048879961176,
  "hy_b_spread": 0.006372133890787761,
  "hy_b_velocity_21d": 0.004737092647701502,
  "hy_ccc_spread": 0.005546775336066882,
  "hy_ccc_velocity_21d": 0.004793610579023759,
  "credit_quality_spread": 0.005825811376174291,
  "credit_widening_regime": 0.0016102811011175315,
  "ig_hy_spread": 0.005493663561840852,
  "credit_stress_composite": 0.008305984394003948,
  "sofr": 0.0010294845172514517,
  "sofr_ff_spread": 0.00042740403053661186,
  "funding_stress": 0.0,
  "funding_stress_zscore": 0.0012388121491918962,
  "funding_stress_regime": 0.0,
  "sofr_velocity_5d": 0.0009324806742370129,
  "yield_10y2y": 0.0,
  "yield_10y2y_zscore": 0.0,
  "yield_10y3m": 0.00460311599696676,
  "yield_2y3m": 0.0,
  "yield_5y2y": 0.0,