{
  "spx_lag1": 0.006393080111593008,
  "vix_ret_1d": 0.003677534172311425,
  "vix_ret_5d": 0.005798633365581433,
  "vix_ret_10d": 0.005779156538968285,
  "vix_ret_21d": 0.0038036604722340903,
  "vix_vol_10d": 0.004143774897481005,
  "vix_vol_21d": 0.005437337638189395,
  "vix_vol_63d": 0.005625416990369558,
  "vix_velocity_5d": 0.0073112899747987585,
  "vix_velocity_10d": 0.0041438723759104805,
  "vix_velocity_21d": 0.0034429775550961494,
  "vix_vs_ma10": 0.006846390198916197,
  "vix_vs_ma21": 0.006928296914945046,
  "vix_vs_ma63": 0.007968611549586058,
  "vix_vs_ma252": 0.006207951810210943,
  "vix_zscore_21d": 0.006958956674983104,
  "vix_zscore_63d": 0.0048453415123124914,
  "vix_zscore_252d": 0.010745700603971878,
  "vix_momentum_z_10d": 0.0039470823636899395,
  "vix_momentum_z_21d": 0.004211229815458258,
  "vix_accel_5d": 0.004315430608888467,
  "vix_stretch_ma21": 0.0045524284554024535,
  "vix_stretch_ma63": 0.0051971108963092165,
  "reversion_strength_21d": 0.00408165614741544,
  "reversion_strength_63d": 0.007754977482060592,
  "vix_bb_position_20d": 0.007432573785384496,
  "vix_extreme_low_21d": 0.0009643246109286944,
  "vix_regime": 0.0,
  "days_in_regime": 0.007831457691888014,
  "regime_distance_to_boundary": 0.005768467516948779,
  "regime_within_regime_percentile": 0.004382994336386521,
  "regime_change_flag": 0.0,
  "time_in_regime_pct": 0.004850057574609916,
  "regime_expected_return_5d": 0.0,
  "regime_median_return_5d": 0.0,
  "regime_return_std_5d": 0.010815015683571497,
  "regime_prob_up_5d": 0.0,
  "regime_vol_of_vol": 0.0,
  "regime_spike_prob": 0.00520289340056479,
  "regime_prob_stay": 0.0,
  "regime_prob_crisis": 0.0,
  "regime_prob_elevated": 0.0,
  "spx_ret_1d": 0.004802673046166698,
  "spx_ret_5d": 0.006299969274550676,
  "spx_ret_10d": 0.0051468055074413615,
  "spx_ret_21d": 0.004308701337625583,
  "spx_ret_63d": 0.0058551702337960405,
  "spx_vs_ma20": 0.003725937334820628,
  "spx_vs_ma50": 0.005287321905295054,
  "spx_vs_ma200": 0.007106386280308167,
  "spx_momentum_z_10d": 0.004268833436071873,
  "spx_momentum_z_21d": 0.004051995075618227,
  "spx_realized_vol_10d": 0.006715766464670499,
  "spx_realized_vol_21d": 0.008036173103998104,
  "spx_realized_vol_63d": 0.008404908701777458,
  "spx_vol_ratio_10_21": 0.00510287843644619,
  "spx_vol_ratio_10_63": 0.005139997539420922,
  "spx_skew_21d": 0.006398285739123821,
  "spx_kurt_21d": 0.0044722047944863634,
  "bb_position_20d": 0.0051703297067433596,
  "bb_width_20d": 0.005826394849767287,
  "rsi_14": 0.006254228763282299,
  "rsi_regime": 0.002888950208822886,
  "rsi_divergence": 0.0046294014900922775,
  "macd": 0.006172946188598871,
  "macd_signal": 0.006861157560100158,
  "macd_histogram": 0.004802517592906952,
  "adx_14": 0.005132364109158516,
  "trend_strength": 0.005179399934907754,
  "spx_body_size": 0.0029974547990908227,
  "spx_range": 0.0034435067791491747,
  "spx_range_pct": 0.004642224482571085,
  "spx_upper_shadow": 0.003780868990967671,
  "spx_lower_shadow": 0.0032515314718087516,
  "spx_close_position": 0.0038145643193274736,
  "spx_body_to_range": 0.0025989376784612737,
  "spx_gap": 0.004370575382684668,
  "spx_gap_magnitude": 0.0041208463565756874,
  "spx_upper_rejection": 0.003093460419525703,
  "spx_lower_rejection": 0.003132931888103485,
  "spx_range_expansion": 0.0031172826420515776,
  "spx_vix_corr_21d": 0.004821838578209281,
  "spx_vix_corr_63d": 0.004634045685331027,
  "spx_vix_corr_126d": 0.006598933444668849,
  "vix_vs_rv_10d": 0.004764970391988754,
  "vix_rv_ratio_10d": 0.006293622000763814,
  "vix_vs_rv_21d": 0.005391702676812808,
  "vix_rv_ratio_21d": 0.0050596824536720915,
  "SKEW": 0.008018003776669502,
  "skew_regime": 0.0,
  "skew_vs_vix": 0.004198856962223847,
  "skew_vix_ratio": 0.0016263055925567944,
  "skew_displacement": 0.001455415195475022,
  "pc_equity_inst_divergence": 0.0010738001049806674,
  "pcc_accel_10d": 0.0009422531196226677,
  "COR1M": 0.003951331755767266,
  "COR1M_change_21d": 0.0013625772359470527,
  "COR1M_zscore_63d": 0.0009420488495379686,
  "COR3M": 0.0030570585125436387,
  "COR3M_change_21d": 0.0014817006886005402,
  "COR3M_zscore_63d": 0.0012517539629091818,
  "cor_term_structure": 0.0020696688443422318,
  "cor_term_slope_change_21d": 0.0015367117399970691,
  "VXTH": 0.0017574462108314037,
  "VXTH_change_21d": 0.0015156588827570279,
  "VXTH_zscore_63d": 0.0012288623644659917,
  "vxth_vix_ratio": 0.002285095707823833,
  "VXTLT": 0.006743329266707103,
  "VXTLT_change_21d": 0.004520824179053307,
  "VXTLT_zscore_63d": 0.0036620895843952894,
  "VXTLT_velocity_10d": 0.004805433175837,
  "VXTLT_acceleration_5d": 0.004913334424297015,
  "bond_vol_regime": 0.0,
  "vxtlt_vix_ratio": 0.007084638345986605,
  "vxtlt_vix_spread": 0.007368142871807019,
  "VXTLT_percentile_63d": 0.00443489655541877,
  "VXTLT_percentile_126d": 0.004569823232789834,
  "VXTLT_percentile_252d": 0.003741923331593474,
  "VXTLT_vs_ma21": 0.004353831211725871,
  "VXTLT_vs_ma63": 0.006182380796720584,
  "cboe_stress_composite": 0.00897105767702063,
  "cboe_stress_regime": 0.0,
  "VX1-VX2": 0.003769412481536468,
  "VX1-VX2_change_21d": 0.004229008142525951,
  "VX1-VX2_zscore_63d": 0.004202772863209248,
  "VX1-VX2_percentile_63d": 0.004036498566468556,
  "VX2-VX1_RATIO": 0.004092678427696228,
  "VX2-VX1_RATIO_velocity_10d": 0.005621224952240785,
  "vx_term_structure_regime": 0.0015696316647032897,
  "vx_curve_acceleration": 0.006680651723096768,
  "vx_term_structure_divergence": 0.004518824707095821,
  "CL1-CL2": 0.005895744698743026,
  "CL1-CL2_velocity_5d": 0.003581527310113112,
  "CL1-CL2_zscore_63d": 0.0056767806721230345,
  "oil_term_regime": 0.0,
  "crude_oil_ret_10d": 0.007935661046455303,
  "crude_oil_ret_21d": 0.0044678083310524625,
  "crude_oil_ret_63d": 0.00515534325192372,
  "crude_oil_vol_21d": 0.005888352325807015,
  "crude_oil_zscore_63d": 0.006966396855811278,
  "DX1-DX2": 0.004511599817002813,
  "DX1-DX2_velocity_5d": 0.004246306528026859,
  "DX1-DX2_zscore_63d": 0.004516607305655877,
  "dxy_ret_10d": 0.006986707138518493,
  "dxy_ret_21d": 0.0052498881705105305,
  "dxy_ret_63d": 0.004935788456350565,
  "dxy_vs_ma50": 0.0054687207254270715,
  "dxy_vs_ma200": 0.005041840796669324,
  "dxy_vol_21d": 0.0054165516048669815,
  "vx_crude_corr_21d": 0.004491119645535946,
  "vx_crude_divergence": 0.004271174082532525,
  "vx_dollar_corr_21d": 0.004488096262017886,
  "dollar_crude_corr_21d": 0.0053681305920084315,
  "spx_vx_spread_corr_21d": 0.004794048145413399,
  "spx_dollar_corr_21d": 0.0047026206739246845,
  "yield_10y2y": 0.0,
  "yield_10y2y_zscore": 0.0,
  "yield_10y3m": 0.004991055311014255,
  "yield_2y3m": 0.0,
  "yield_5y2y": 0.0,
  "yield_30y10y": 0.006606265436857939,
  "yield_10y2y_velocity_10d": 0.0,
  "yield_10y2y_velocity_21d": 0.0,
  "yield_10y2y_velocity_63d": 0.0,
  "yield_10y2y_acceleration": 0.0,
  "yield_10y2y_vs_ma63": 0.0,
  "yield_10y2y_percentile_252d": 0.0,
  "yield_10y3m_velocity_10d": 0.004379467728237311,
  "yield_10y3m_velocity_21d": 0.0047400337643921375,
  "yield_10y3m_velocity_63d": 0.005071775366862615,
  "yield_10y3m_acceleration": 0.004570305813103914,
  "yield_10y3m_vs_ma63": 0.006032681868722041,
  "yield_10y3m_percentile_252d": 0.0060446662828326225,
  "yield_2y3m_velocity_10d": 0.0,
  "yield_2y3m_velocity_21d": 0.0,
  "yield_2y3m_velocity_63d": 0.0,
  "yield_2y3m_acceleration": 0.0,
  "yield_2y3m_vs_ma63": 0.0,
  "yield_2y3m_percentile_252d": 0.0,
  "yield_10y2y_inversion_depth": 0.0,
  "yield_10y3m_inversion_depth": 0.00495167332701385,
  "yield_curve_level": 0.005254097282886505,
  "yield_curve_level_zscore": 0.00676061383758982,
  "yield_curve_curvature": 0.0,
  "yield_curve_curvature_zscore": 0.0,
  "10y_vol_63d": 0.005638190545141697,
  "30y_vol_63d": 0.006566130245725314,
  "yield_curve_vol_avg": 0.007438625441864133,
  "yield_curve_vol_dispersion": 0.006515506189316511,
  "vvix": 0.004683212998012702,
  "vvix_ret_5d": 0.005376890456924836,
  "vvix_ret_10d": 0.0036492894093195596,