{
  "spx_lag1": 0.0013513630450082321,
  "vix_ret_1d": 0.000843538281818231,
  "vix_ret_5d": 0.0011670073533120255,
  "vix_ret_10d": 0.0024282793359210095,
  "vix_ret_21d": 0.0022402743343263865,
  "vix_vol_10d": 0.0035002204046274223,
  "vix_vol_21d": 0.0049973575708766775,
  "vix_vol_63d": 0.004631201659018795,
  "vix_velocity_5d": 0.00902722286991775,
  "vix_velocity_10d": 0.004938006245841582,
  "vix_velocity_21d": 0.0038838249553615847,
  "vix_vs_ma10": 0.011950800816218058,
  "vix_vs_ma21": 0.004152844504763682,
  "vix_vs_ma63": 0.0100305265126129,
  "vix_vs_ma252": 0.0051162890158593655,
  "vix_zscore_21d": 0.0026067321499188742,
  "vix_zscore_63d": 0.009323205177982649,
  "vix_zscore_252d": 0.005449272692203522,
  "vix_momentum_z_10d": 0.0057524646787593765,
  "vix_momentum_z_21d": 0.0051038778231789666,
  "vix_accel_5d": 0.0022103580801437297,
  "vix_stretch_ma21": 0.003405556664802134,
  "vix_stretch_ma63": 0.003585120701851944,
  "reversion_strength_21d": 0.0038669115165248513,
  "reversion_strength_63d": 0.004165378864854574,
  "vix_bb_position_20d": 0.015042620711028576,
  "vix_extreme_low_21d": 1.716966626948609e-05,
  "vix_regime": 0.0006983923885854892,
  "days_in_regime": 0.008388517269243797,
  "spx_ret_1d": 0.0013836328871548176,
  "spx_ret_5d": 0.008062797443320354,
  "spx_ret_10d": 0.0033291527846207223,
  "spx_ret_21d": 0.004427010115856926,
  "spx_ret_63d": 0.008133882967134317,
  "spx_vs_ma20": 0.007831412367522717,
  "spx_vs_ma50": 0.0061978349306931095,
  "spx_vs_ma200": 0.0050743914519747095,
  "spx_momentum_z_10d": 0.003022974395814041,
  "spx_momentum_z_21d": 0.00508636476782461,
  "spx_realized_vol_10d": 0.003005588815237085,
  "spx_realized_vol_21d": 0.005102567762757341,
  "spx_realized_vol_63d": 0.010809242104490599,
  "spx_vol_ratio_10_21": 0.004018153141563137,
  "spx_vol_ratio_10_63": 0.00979519821703434,
  "spx_skew_21d": 0.006810209791486462,
  "spx_kurt_21d": 0.004665241731951634,
  "bb_position_20d": 0.0036873933083067336,
  "bb_width_20d": 0.005329005342597763,
  "rsi_14": 0.0038166552161177,
  "rsi_regime": 0.0013751660007983446,
  "rsi_divergence": 0.0030430637610455356,
  "macd": 0.00541217493203779,
  "macd_signal": 0.006100586770723264,
  "macd_histogram": 0.004906045660997431,
  "adx_14": 0.004914085070292155,
  "trend_strength": 0.006244512119640906,
  "spx_body_size": 0.001484388407940666,
  "spx_range": 0.002140152578552564,
  "spx_range_pct": 0.002017428632825613,
  "spx_upper_shadow": 0.0024557662351677814,
  "spx_lower_shadow": 0.002123261607872943,
  "spx_close_position": 0.0034455073376496634,
  "spx_body_to_range": 0.002428226095313827,
  "spx_gap": 0.0020162398577667773,
  "spx_gap_magnitude": 0.002090971179616948,
  "spx_upper_rejection": 0.0015858606978630025,
  "spx_lower_rejection": 0.0017280288351078827,
  "spx_range_expansion": 0.002901179405550162,
  "spx_vix_corr_21d": 0.005148305868109067,
  "spx_vix_corr_63d": 0.010757457464933395,
  "spx_vix_corr_126d": 0.006008657782028119,
  "vix_vs_rv_10d": 0.005378852443148692,
  "vix_rv_ratio_10d": 0.00834215929110845,
  "vix_vs_rv_21d": 0.008263812400400639,
  "vix_rv_ratio_21d": 0.013267519262929758,
  "SKEW": 0.002143953461199999,
  "skew_regime": 0.0,
  "skew_vs_vix": 0.0014514711995919545,
  "skew_vix_ratio": 0.004989331898589929,
  "skew_displacement": 0.0014351272645095985,
  "pc_equity_inst_divergence": 0.0004669891204684973,
  "pcc_accel_10d": 0.002073670427004496,
  "COR1M": 0.004717115933696429,
  "COR1M_change_21d": 0.003972577552000682,
  "COR1M_zscore_63d": 0.002236287264774243,
  "COR3M": 0.002884285214046637,
  "COR3M_change_21d": 0.0014535477384924889,
  "COR3M_zscore_63d": 0.0005359615121657649,
  "cor_term_structure": 0.0021425417313973107,
  "cor_term_slope_change_21d": 0.0022543144101897874,
  "VXTH": 0.0014934206070999305,
  "VXTH_change_21d": 0.002073823008686304,
  "VXTH_zscore_63d": 0.0031674103811383247,
  "vxth_vix_ratio": 0.0,
  "VXTLT": 0.010308919164041678,
  "VXTLT_change_21d": 0.004857034267236789,
  "VXTLT_zscore_63d": 0.006456297434245546,
  "VXTLT_velocity_10d": 0.006476051717375715,
  "VXTLT_acceleration_5d": 0.0033780267306913934,
  "bond_vol_regime": 0.0,
  "vxtlt_vix_ratio": 0.005457008567949136,
  "vxtlt_vix_spread": 0.004052695430194338,
  "VXTLT_percentile_63d": 0.007667705494289597,
  "VXTLT_percentile_126d": 0.006616210254530112,
  "VXTLT_percentile_252d": 0.007461914326995611,
  "VXTLT_vs_ma21": 0.006275479837010304,
  "VXTLT_vs_ma63": 0.009915553110962113,
  "cboe_stress_composite": 0.012548258838554224,
  "cboe_stress_regime": 0.0,
  "VX1-VX2": 0.00773850657666723,
  "VX1-VX2_change_21d": 0.0032680268244196973,
  "VX1-VX2_zscore_63d": 0.003088373962479333,
  "VX1-VX2_percentile_63d": 0.004048182163387537,
  "VX2-VX1_RATIO": 0.003972169011831284,
  "VX2-VX1_RATIO_velocity_10d": 0.003783572387571136,
  "vx_term_structure_regime": 0.0,
  "vx_curve_acceleration": 0.0037039543191591897,
  "vx_term_structure_divergence": 0.003127175538490216,
  "CL1-CL2": 0.005067150651787718,
  "CL1-CL2_velocity_5d": 0.0023329317724953094,
  "CL1-CL2_zscore_63d": 0.003593814947331945,
  "oil_term_regime": 0.004417778458446264,
  "crude_oil_ret_10d": 0.0038741924799978733,
  "crude_oil_ret_21d": 0.0036927726274977126,
  "crude_oil_ret_63d": 0.011877085392673811,
  "crude_oil_vol_21d": 0.007623691111803055,
  "crude_oil_zscore_63d": 0.0070360794973870116,
  "DX1-DX2": 0.001367158528106908,
  "DX1-DX2_velocity_5d": 0.002830274092654387,
  "DX1-DX2_zscore_63d": 0.0027136486023664474,
  "dxy_ret_10d": 0.004878703194359939,
  "dxy_ret_21d": 0.005245438466469447,
  "dxy_ret_63d": 0.00999804399907589,
  "dxy_vs_ma50": 0.006422290112823248,
  "dxy_vs_ma200": 0.006313783737520377,
  "dxy_vol_21d": 0.004658664343878627,
  "vx_crude_corr_21d": 0.004024578103174766,
  "vx_crude_divergence": 0.003889001440256834,
  "vx_dollar_corr_21d": 0.007077846831331651,
  "dollar_crude_corr_21d": 0.005340188276022673,
  "spx_vx_spread_corr_21d": 0.00704725847269098,
  "spx_dollar_corr_21d": 0.006215852374831836,
  "yield_10y2y": 0.0,
  "yield_10y2y_zscore": 0.0,
  "yield_10y3m": 0.007551234060277541,
  "yield_2y3m": 0.0,
  "yield_5y2y": 0.0,
  "yield_30y10y": 0.007706726590792338,
  "yield_10y2y_velocity_10d": 0.0,
  "yield_10y2y_velocity_21d": 0.0,
  "yield_10y2y_velocity_63d": 0.0,
  "yield_10y2y_acceleration": 0.0,
  "yield_10y2y_vs_ma63": 0.0,
  "yield_10y2y_percentile_252d": 0.0,
  "yield_10y3m_velocity_10d": 0.004463470618550976,
  "yield_10y3m_velocity_21d": 0.0038779109405974546,
  "yield_10y3m_velocity_63d": 0.00646425240362684,
  "yield_10y3m_acceleration": 0.0031226083325843015,
  "yield_10y3m_vs_ma63": 0.003324530553072691,
  "yield_10y3m_percentile_252d": 0.00501931132748723,
  "yield_2y3m_velocity_10d": 0.0,
  "yield_2y3m_velocity_21d": 0.0,
  "yield_2y3m_velocity_63d": 0.0,
  "yield_2y3m_acceleration": 0.0,
  "yield_2y3m_vs_ma63": 0.0,
  "yield_2y3m_percentile_252d": 0.0,
  "yield_10y2y_inversion_depth": 0.0,
  "yield_10y3m_inversion_depth": 0.004059209022670984,
  "yield_curve_level": 0.008262856242557367,
  "yield_curve_level_zscore": 0.006633532699197531,
  "yield_curve_curvature": 0.0,
  "yield_curve_curvature_zscore": 0.0,
  "10y_vol_63d": 0.003488635721926888,
  "30y_vol_63d": 0.00470007851254195,
  "yield_curve_vol_avg": 0.007443586286778252,
  "yield_curve_vol_dispersion": 0.006341437653948863,
  "vvix": 0.006928891874849796,
  "vvix_ret_5d": 0.0030838074162602425,
  "vvix_ret_10d": 0.002185939345508814,
  "vvix_ret_21d": 0.007873221300542355,
  "vvix_velocity_10d": 0.010804522161682447,
  "vvix_velocity_21d": 0.0039563546888530254,
  "vvix_vs_ma21": 0.0030608309898525476,
  "vvix_vs_ma63": 0.0027322707076867423,
  "vvix_zscore_21d": 0.0036884060439964137,
  "vvix_zscore_63d": 0.003560492613663276,
  "vvix_vix_ratio": 0.0033592041581869125,
  "vvix_vix_spread": 0.008043013668308655,
  "vvix_percentile_21d": 0.0009094808871547381,
  "vvix_percentile_63d": 0.0018682857820143302,
  "vol_of_vol_regime": 0.0018858818026880424,