{
  "spx_lag1": 0.004420972755178809,
  "vix_ret_1d": 0.0027385248336941003,
  "vix_ret_5d": 0.003875803668051958,
  "vix_ret_10d": 0.004506834922358394,
  "vix_ret_21d": 0.004323231382295489,
  "vix_vol_10d": 0.005353865772485733,
  "vix_vol_21d": 0.004398019006475806,
  "vix_vol_63d": 0.0059678320772945884,
  "vix_velocity_5d": 0.010310378670692445,
  "vix_velocity_10d": 0.0046502512879669665,
  "vix_velocity_21d": 0.0033233412075787784,
  "vix_vs_ma10": 0.010292122606188059,
  "vix_vs_ma21": 0.005240124836564064,
  "vix_vs_ma63": 0.007230024971067906,
  "vix_vs_ma252": 0.004923392739146948,
  "vix_zscore_21d": 0.0039457061095163224,
  "vix_zscore_63d": 0.004428121028468013,
  "vix_zscore_252d": 0.007233789376914501,
  "vix_momentum_z_10d": 0.003426023432984948,
  "vix_momentum_z_21d": 0.003667122684419155,
  "vix_accel_5d": 0.004893141612410545,
  "vix_stretch_ma21": 0.004551099892705679,
  "vix_stretch_ma63": 0.004365282272920013,
  "reversion_strength_21d": 0.0050583573058247564,
  "reversion_strength_63d": 0.005994410347193479,
  "vix_bb_position_20d": 0.00639537051320076,
  "vix_extreme_low_21d": 0.0021193587221205235,
  "vix_regime": 0.0025931378098903225,
  "days_in_regime": 0.006828981544822454,
  "regime_distance_to_boundary": 0.004260164452716708,
  "regime_within_regime_percentile": 0.0042050568852573635,
  "regime_change_flag": 0.0,
  "time_in_regime_pct": 0.004087609192356467,
  "regime_expected_return_5d": 0.0021295638754963873,
  "regime_median_return_5d": 0.0,
  "regime_return_std_5d": 0.0,
  "regime_prob_up_5d": 0.0,
  "regime_vol_of_vol": 0.0,
  "regime_spike_prob": 0.0034604537766426803,
  "regime_prob_stay": 0.0,
  "regime_prob_crisis": 0.0,
  "regime_prob_elevated": 0.0,
  "spx_ret_1d": 0.0034149809274822474,
  "spx_ret_5d": 0.004674130748026073,
  "spx_ret_10d": 0.004847166268154979,
  "spx_ret_21d": 0.003072976227849722,
  "spx_ret_63d": 0.004352760501205921,
  "spx_vs_ma20": 0.004542938061058521,
  "spx_vs_ma50": 0.005013833194971085,
  "spx_vs_ma200": 0.0072931131348013874,
  "spx_momentum_z_10d": 0.00338547183200717,
  "spx_momentum_z_21d": 0.003971121786162257,
  "spx_realized_vol_10d": 0.004495099186897278,
  "spx_realized_vol_21d": 0.00580370407551527,
  "spx_realized_vol_63d": 0.006621960178017616,
  "spx_vol_ratio_10_21": 0.0043577120639383795,
  "spx_vol_ratio_10_63": 0.005163683835417032,
  "spx_skew_21d": 0.005760812759399414,
  "spx_kurt_21d": 0.003770734090358019,
  "bb_position_20d": 0.005557917337864637,
  "bb_width_20d": 0.004638453666120768,
  "rsi_14": 0.008340480457991361,
  "rsi_regime": 0.0006858615204691886,
  "rsi_divergence": 0.003545586625114083,
  "macd": 0.0038542608264833687,
  "macd_signal": 0.006850954610854387,
  "macd_histogram": 0.0047985092271119354,
  "adx_14": 0.004616229655221104,
  "trend_strength": 0.004890165198594332,
  "spx_body_size": 0.002544688549824059,
  "spx_range": 0.0033450813964009283,
  "spx_range_pct": 0.004575636330991983,
  "spx_upper_shadow": 0.003008417971432209,
  "spx_lower_shadow": 0.0031138503458350898,
  "spx_close_position": 0.0030803946312516926,
  "spx_body_to_range": 0.0026695224223658442,
  "spx_gap": 0.0026915455237030983,
  "spx_gap_magnitude": 0.003861142182722688,
  "spx_upper_rejection": 0.00255196038633585,
  "spx_lower_rejection": 0.0027777873910963535,
  "spx_range_expansion": 0.0032093670684844255,
  "spx_vix_corr_21d": 0.004131368361413479,
  "spx_vix_corr_63d": 0.004728153953328729,
  "spx_vix_corr_126d": 0.0048743803054094315,
  "vix_vs_rv_10d": 0.0045777009800076485,
  "vix_rv_ratio_10d": 0.0041752012912184,
  "vix_vs_rv_21d": 0.004860022431239485,
  "vix_rv_ratio_21d": 0.005558424210175872,
  "SKEW": 0.0006173962261527777,
  "skew_regime": 0.0,
  "skew_vs_vix": 0.0024151801597326996,
  "skew_vix_ratio": 0.0034110032953321933,
  "skew_displacement": 0.0020757004618644713,
  "pc_equity_inst_divergence": 0.002253343118354678,
  "pcc_accel_10d": 0.00256804428063333,
  "COR1M": 0.0025430774316191674,
  "COR1M_change_21d": 0.002551204804331064,
  "COR1M_zscore_63d": 0.001024282956495881,
  "COR3M": 0.003495124215260148,
  "COR3M_change_21d": 0.0013382396195083857,
  "COR3M_zscore_63d": 0.0020526031032204626,
  "cor_term_structure": 0.001670175651088357,
  "cor_term_slope_change_21d": 0.0014563933480530977,
  "VXTH": 0.0013442151714116335,
  "VXTH_change_21d": 0.0011999696303973905,
  "VXTH_zscore_63d": 0.0024950394406914713,
  "vxth_vix_ratio": 0.003427417320199311,
  "VXTLT": 0.005682671628892422,
  "VXTLT_change_21d": 0.00387899917550385,
  "VXTLT_zscore_63d": 0.0030893687624484302,
  "VXTLT_velocity_10d": 0.004414105694741011,
  "VXTLT_acceleration_5d": 0.0038045848719775676,
  "bond_vol_regime": 0.0,
  "vxtlt_vix_ratio": 0.005812530778348446,
  "vxtlt_vix_spread": 0.005957826506346464,
  "VXTLT_percentile_63d": 0.004401915706694126,
  "VXTLT_percentile_126d": 0.003455647674854845,
  "VXTLT_percentile_252d": 0.005146764777600765,
  "VXTLT_vs_ma21": 0.004108991706743836,
  "VXTLT_vs_ma63": 0.004179167794063687,
  "cboe_stress_composite": 0.004370657075196504,
  "cboe_stress_regime": 0.0,
  "VX1-VX2": 0.003959759185090661,
  "VX1-VX2_change_21d": 0.004988282592967153,
  "VX1-VX2_zscore_63d": 0.003974562138319015,
  "VX1-VX2_percentile_63d": 0.0030190924182534216,
  "VX2-VX1_RATIO": 0.0034420868381857873,
  "VX2-VX1_RATIO_velocity_10d": 0.004329429380595684,
  "vx_term_structure_regime": 0.0005716327577829361,
  "vx_curve_acceleration": 0.0061134080402553085,
  "vx_term_structure_divergence": 0.0038578460458666085,
  "CL1-CL2": 0.00497360983863473,
  "CL1-CL2_velocity_5d": 0.003772175684571266,
  "CL1-CL2_zscore_63d": 0.00453270529396832,
  "oil_term_regime": 0.0023516288958489893,
  "crude_oil_ret_10d": 0.0058659625239670275,
  "crude_oil_ret_21d": 0.0036623614374548196,
  "crude_oil_ret_63d": 0.006182917393743992,
  "crude_oil_vol_21d": 0.004531974019482732,
  "crude_oil_zscore_63d": 0.004658084129914641,
  "DX1-DX2": 0.0030171834398061035,
  "DX1-DX2_velocity_5d": 0.002939533442258835,
  "DX1-DX2_zscore_63d": 0.0035713011398911475,
  "dxy_ret_10d": 0.006438258569687605,
  "dxy_ret_21d": 0.005058255605399608,
  "dxy_ret_63d": 0.005019720271229744,
  "dxy_vs_ma50": 0.004994201147928834,
  "dxy_vs_ma200": 0.004651437187567354,
  "dxy_vol_21d": 0.0042967844754457475,
  "vx_crude_corr_21d": 0.004297810699790716,
  "vx_crude_divergence": 0.0035378816537559032,
  "vx_dollar_corr_21d": 0.004628144204616547,
  "dollar_crude_corr_21d": 0.0043128444347530605,
  "spx_vx_spread_corr_21d": 0.00455612950026989,
  "spx_dollar_corr_21d": 0.004341215733438731,
  "initial_claims": 0.00455277394503355,
  "claims_4wk_ma": 0.005346372071653604,
  "claims_velocity_4w": 0.004165846388787031,
  "claims_zscore_52w": 0.004934903141111136,
  "claims_percentile_52w": 0.005274784658104182,
  "claims_regime": 0.0,
  "claims_velocity_zscore": 0.004132574191316962,
  "fin_stress_index": 0.004949676664546132,
  "stress_velocity_4w": 0.0041927366983145475,
  "stress_zscore_52w": 0.004693115269765258,
  "stress_extreme": 0.003670390322804451,
  "stress_regime": 0.0006225888151675463,
  "hy_spread": 0.005633183009922505,
  "hy_velocity_21d": 0.004334730934351683,
  "hy_zscore_252d": 0.004455228056758642,
  "hy_bb_spread": 0.004132525017485023,
  "hy_bb_velocity_21d": 0.005294184572994709,
  "hy_b_spread": 0.005506444210186601,
  "hy_b_velocity_21d": 0.004539251094684005,
  "hy_ccc_spread": 0.004931965656578541,
  "hy_ccc_velocity_21d": 0.004332463908940554,
  "credit_quality_spread": 0.0034615233540534972,
  "credit_widening_regime": 0.001666893344372511,
  "ig_hy_spread": 0.005520969582721591,
  "credit_stress_composite": 0.005714003089815378,
  "sofr": 0.0,
  "sofr_ff_spread": 0.0014263445977121592,
  "funding_stress": 0.0,
  "funding_stress_zscore": 0.0012387340422719717,
  "funding_stress_regime": 0.0,
  "sofr_velocity_5d": 0.00015962485922500492,
  "yield_10y2y": 0.0,
  "yield_10y2y_zscore": 0.0,
  "yield_10y3m": 0.006145230773836374,
  "yield_2y3m": 0.0,
  "yield_5y2y": 0.0,