{
  "correlation_threshold": 0.8925,
  "n_removed_correlation": 29,
  "n_samples": 2246,
  "n_selected": 115,
  "random_state": 42,
  "target_type": "expansion",
  "top_10_features": [
    "vix_percentile_126d",
    "6m_vol_63d_fred",
    "time_in_regime_pct",
    "fin_stress_index",
    "vvix_percentile_63d",
    "cross_asset_vol_cluster",
    "hy_bb_velocity_21d",
    "hy_ccc_spread",
    "dxy_ret_63d",
    "vx_oi_surge"
  ],
  "top_10_importance": [
    0.020863983873277904,
    0.01886498068924993,
    0.01769248335622251,
    0.01717009097337723,
    0.016734044486656784,
    0.015217202878557146,
    0.012128405319526792,
    0.009628063905984164,
    0.009502412751317024,
    0.008442298881709576
  ],
  "top_n": 115
}