{
  "correlation_threshold": 0.9,
  "n_removed_correlation": 5,
  "n_samples": 4859,
  "n_selected": 31,
  "random_state": 42,
  "target_type": "down",
  "top_10_features": [
    "vix_velocity_5d_regime_adj",
    "vix_velocity_5d",
    "vix_vs_ma10",
    "hy_spread",
    "skew_vix_ratio_percentile_252d",
    "dxy_bb_position_20d",
    "rsi_14",
    "skew_vix_ratio",
    "vix_percentile_126d",
    "dxy_vs_ma21"
  ],
  "top_10_importance": [
    0.008837489504367113,
    0.006780717987567186,
    0.00648765335790813,
    0.006119644409045577,
    0.00553500591777265,
    0.0049656818620860575,
    0.0049097560811787845,
    0.004898990644142032,
    0.00479619309771806,
    0.004688453301787377
  ],
  "top_n": 31
}