{
  "spx_lag1": 0.0037444069283083083,
  "vix_ret_1d": 0.0022782160493079575,
  "vix_ret_5d": 0.0076051614945754405,
  "vix_ret_10d": 0.0017905113869346677,
  "vix_ret_21d": 0.0019435059686657042,
  "vix_vol_10d": 0.005584643268957734,
  "vix_vol_21d": 0.005720087606459856,
  "vix_vol_63d": 0.004687252873554826,
  "vix_velocity_5d": 0.012400790583342314,
  "vix_velocity_10d": 0.0031894637271761895,
  "vix_velocity_21d": 0.005173182301223278,
  "vix_vs_ma10": 0.013951903209090233,
  "vix_vs_ma21": 0.004518355010077357,
  "vix_vs_ma63": 0.006112700514495373,
  "vix_vs_ma252": 0.005651215743273497,
  "vix_zscore_21d": 0.003924910770729184,
  "vix_zscore_63d": 0.0048179640900343655,
  "vix_zscore_252d": 0.0077822313643991945,
  "vix_momentum_z_10d": 0.005077278381213546,
  "vix_momentum_z_21d": 0.0058254369534552096,
  "vix_accel_5d": 0.007222795113921166,
  "vix_stretch_ma21": 0.004591204784810543,
  "vix_stretch_ma63": 0.002814895752817392,
  "reversion_strength_21d": 0.004801497329026461,
  "reversion_strength_63d": 0.0047955624759197235,
  "vix_bb_position_20d": 0.004987549921497703,
  "vix_extreme_low_21d": 0.0,
  "vix_regime": 0.008295624516904354,
  "days_in_regime": 0.01056554652750492,
  "regime_distance_to_boundary": 0.00393171351752244,
  "regime_within_regime_percentile": 0.003839799715206027,
  "regime_change_flag": 0.0,
  "time_in_regime_pct": 0.006136149819940329,
  "regime_expected_return_5d": 0.0,
  "regime_median_return_5d": 0.0010819185525178909,
  "regime_return_std_5d": 0.0,
  "regime_prob_up_5d": 0.0,
  "regime_vol_of_vol": 0.0,
  "regime_spike_prob": 0.0020452504977583885,
  "regime_prob_stay": 0.0,
  "regime_prob_crisis": 0.0,
  "regime_prob_elevated": 0.0,
  "spx_ret_1d": 0.0025970329297706485,
  "spx_ret_5d": 0.0097810672596097,
  "spx_ret_10d": 0.0024015065777348355,
  "spx_ret_21d": 0.002370940800756216,
  "spx_ret_63d": 0.006074913125485182,
  "spx_vs_ma20": 0.008117756420688238,
  "spx_vs_ma50": 0.003383775847032666,
  "spx_vs_ma200": 0.003589060576632619,
  "spx_momentum_z_10d": 0.0005622134543955326,
  "spx_momentum_z_21d": 0.002181206806562841,
  "spx_realized_vol_10d": 0.0031353025464341045,
  "spx_realized_vol_21d": 0.006056201830506325,
  "spx_realized_vol_63d": 0.005231300229206681,
  "spx_vol_ratio_10_21": 0.002808531420305371,
  "spx_vol_ratio_10_63": 0.007431954517960549,
  "spx_skew_21d": 0.004101819451898336,
  "spx_kurt_21d": 0.003792071808129549,
  "bb_position_20d": 0.005420666746795177,
  "bb_width_20d": 0.006285609118640423,
  "rsi_14": 0.004882221389561891,
  "rsi_regime": 0.0,
  "rsi_divergence": 0.004893858323339373,
  "macd": 0.0038402278907597063,
  "macd_signal": 0.004878085060045123,
  "macd_histogram": 0.0035791909787803887,
  "adx_14": 0.004579303250648081,
  "trend_strength": 0.004322128463536501,
  "spx_body_size": 0.0011938724666833878,
  "spx_range": 0.0006878071930259466,
  "spx_range_pct": 0.0012080894550308586,
  "spx_upper_shadow": 0.0023186102916952223,
  "spx_lower_shadow": 0.0014073750004172324,
  "spx_close_position": 0.00430108280852437,
  "spx_body_to_range": 0.00035410025157034397,
  "spx_gap": 0.00023228342179208993,
  "spx_gap_magnitude": 0.0010819741291925311,
  "spx_upper_rejection": 0.00027567645884118974,
  "spx_lower_rejection": 0.0014229559164959937,
  "spx_range_expansion": 0.0012290511513128877,
  "spx_vix_corr_21d": 0.004732668318320065,
  "spx_vix_corr_63d": 0.004309029923751951,
  "spx_vix_corr_126d": 0.005686182808130979,
  "vix_vs_rv_10d": 0.006602807808667422,
  "vix_rv_ratio_10d": 0.008640510495752096,
  "vix_vs_rv_21d": 0.007476635836064815,
  "vix_rv_ratio_21d": 0.0056043289136141535,
  "SKEW": 0.0012197916395962239,
  "skew_regime": 0.0,
  "skew_vs_vix": 0.001630852185189724,
  "skew_vix_ratio": 0.003429517149925232,
  "skew_displacement": 0.0010394109413027763,
  "pc_equity_inst_divergence": 0.00043908976949751376,
  "pcc_accel_10d": 0.0,
  "COR1M": 0.0024026324041187762,
  "COR1M_change_21d": 0.0,
  "COR1M_zscore_63d": 0.0,
  "COR3M": 0.0011623970232903958,
  "COR3M_change_21d": 0.0012155184522271156,
  "COR3M_zscore_63d": 0.0008519550086930394,
  "cor_term_structure": 0.00025879619643092154,
  "cor_term_slope_change_21d": 0.0021252329926937817,
  "VXTH": 0.002093636430799961,
  "VXTH_change_21d": 0.0019912170711904762,
  "VXTH_zscore_63d": 0.00021332078613340856,
  "vxth_vix_ratio": 0.0027100928127765656,
  "VXTLT": 0.006948786973953247,
  "VXTLT_change_21d": 0.006477794982492924,
  "VXTLT_zscore_63d": 0.0021763676311820747,
  "VXTLT_velocity_10d": 0.0047141600400209425,
  "VXTLT_acceleration_5d": 0.0029115174431353806,
  "bond_vol_regime": 0.0,
  "vxtlt_vix_ratio": 0.004465431114658714,
  "vxtlt_vix_spread": 0.014345882646739482,
  "VXTLT_percentile_63d": 0.002112368540838361,
  "VXTLT_percentile_126d": 0.0071002024575136605,
  "VXTLT_percentile_252d": 0.0040690949186682705,
  "VXTLT_vs_ma21": 0.004965229332447052,
  "VXTLT_vs_ma63": 0.004079702589660883,
  "cboe_stress_composite": 0.007589537184685469,
  "cboe_stress_regime": 0.0,
  "vx1_vx2_spread": 0.0013126193545758725,
  "vx1_vx3_spread": 0.0,
  "vx1_vx4_spread": 0.0,
  "vx1_vx6_spread": 0.0,
  "vx2_vx3_spread": 0.001822911249473691,
  "vx2_vx4_spread": 0.0,
  "vx3_vx6_spread": 0.001669033244252205,
  "vx_curve_slope": 0.0,
  "vx_curve_curvature": 0.0,
  "vx_curve_skew": 0.0,
  "vx_curve_convexity_ratio": 0.0006833748426288367,
  "vx_near_term_curvature": 0.0,
  "vx_far_term_curvature": 0.001531570963561535,
  "vx_front_vs_back_ratio": 0.000827057845890522,
  "vx_curve_acceleration_5d": 0.0,
  "vx_spread_zscore_63d": 0.0020186228677630423,
  "vx_curve_volatility_21d": 0.0017694918438792228,
  "vx_spread_percentile_21d": 0.0,
  "vx_spread_percentile_63d": 0.00032855602912604807,
  "vx_spread_percentile_126d": 0.0,
  "vx_spread_velocity_3d": 0.0,
  "vx_spread_velocity_5d": 0.0,
  "vx_spread_velocity_10d": 0.0025891529396176336,
  "vx_contango_flag": 0.0,
  "vx_backwardation_flag": 0.0,
  "vx_steep_contango": 0.0,
  "vx_extreme_backwardation": 0.0,
  "vx_123_slope": 0.0007987234741449357,
  "vx_456_slope": 0.0032660303637385367,
  "vx_front_back_divergence": 0.0,
  "vx_roll_yield_daily": 0.0,
  "vx_annualized_roll": 0.0,
  "vx_roll_cost_pct": 0.0,
  "vx_roll_benefit_pct": 0.0,
  "vx_contango_intensity": 0.0,
  "vx_backwardation_intensity": 0.0,
  "vx_carry_zscore_63d": 0.0,
  "vx_carry_percentile_252d": 0.0,
  "vx_theoretical_pnl_5d": 0.0,
  "vx1_open_interest": 0.0016948339063674212,
  "vx2_open_interest": 0.002735413331538439,
  "vx3_open_interest": 0.0008297503925859928,
  "vx4_open_interest": 0.0,
  "vx5_open_interest": 0.0021983128041028976,
  "vx6_open_interest": 0.002373369410634041,
  "vx_total_oi": 0.0007653198204934597,
  "vx_front_oi_pct": 0.00018209803383797407,
  "vx1_oi_change_1d": 0.0009430867619812488,
  "vx1_oi_change_5d": 0.002792121935635805,
  "vx1_oi_change_10d": 0.0,
  "vx1_oi_zscore_63d": 0.000991186872124672,
  "vx1_oi_percentile_252d": 0.002421557065099478,
  "vx1_oi_velocity_21d": 0.002821948518976569,
  "vx_oi_ratio_1_2": 0.0,
  "vx_oi_imbalance": 0.0004142322111874819,
  "vx_oi_ratio_2_3": 0.0020955742336809637,
  "vx_oi_concentration_front3": 0.0021979011595249175,
  "vx_oi_spread_divergence": 0.0029905411414802075,
  "vx_oi_expansion_rate": 0.0015077197924256325,
  "vx_oi_surge_flag": 0.0,
  "vx1_volume": 0.0010733500123023987,
  "vx1_volume_ma21": 0.002454828843474388,
  "vx1_volume_surge": 0.0,
  "vx_volume_ratio_1_2": 0.0019560689106583595,
  "vx_total_volume": 0.002616678620688617,
  "vx_volume_concentration": 0.0,
  "vx1_volume_oi_ratio": 0.0018693766556680202,
  "vx1_churn_zscore": 0.0,
  "vx_volume_price_correlation_21d": 0.0019234669394791125,
  "vx1_daily_range": 0.001649353839457035,
  "vx1_daily_range_pct": 0.0,
  "vx1_atr_14": 0.005488332733511925,
  "vx1_range_expansion": 0.0,
  "vx1_range_zscore_63d": 0.0019306746311485768,
  "vx1_body_pct": 0.0005736025050282478,
  "vx1_upper_shadow": 0.0007393090520054102,
  "vx1_lower_shadow": 0.0,
  "vx1_doji_flag": 0.0,