{
  "spx_lag1": 0.004331187251955271,
  "vix_ret_1d": 0.003099495219066739,
  "vix_ret_5d": 0.004012073227204383,
  "vix_ret_10d": 0.0038504031021147967,
  "vix_ret_21d": 0.002790048811584711,
  "vix_vol_10d": 0.004716819850727916,
  "vix_vol_21d": 0.0057232056744396685,
  "vix_vol_63d": 0.0053736533969640735,
  "vix_velocity_5d": 0.005298533593304455,
  "vix_velocity_10d": 0.002290598559193313,
  "vix_velocity_21d": 0.002851668978109956,
  "vix_vs_ma10": 0.013029346615076065,
  "vix_vs_ma21": 0.003944004280492663,
  "vix_vs_ma63": 0.005181061243638397,
  "vix_vs_ma252": 0.003792357922066003,
  "vix_zscore_21d": 0.003937597759068013,
  "vix_zscore_63d": 0.004350910382345319,
  "vix_zscore_252d": 0.008168310485780239,
  "vix_momentum_z_10d": 0.003503044508397579,
  "vix_momentum_z_21d": 0.002981461165472865,
  "vix_accel_5d": 0.005379352066665888,
  "vix_stretch_ma21": 0.0042203746270388365,
  "vix_stretch_ma63": 0.004368029069155455,
  "reversion_strength_21d": 0.004475419281516224,
  "reversion_strength_63d": 0.004100555554032326,
  "vix_bb_position_20d": 0.006310227653011679,
  "vix_extreme_low_21d": 0.0,
  "vix_regime": 0.0010262335650622844,
  "days_in_regime": 0.005324561055749655,
  "regime_distance_to_boundary": 0.004833435779437423,
  "regime_within_regime_percentile": 0.002890975866466761,
  "regime_change_flag": 0.0,
  "time_in_regime_pct": 0.005636008828878403,
  "regime_expected_return_5d": 0.0,
  "regime_median_return_5d": 0.0,
  "regime_return_std_5d": 0.0,
  "regime_prob_up_5d": 0.0,
  "regime_vol_of_vol": 0.0,
  "regime_spike_prob": 0.0,
  "regime_prob_stay": 0.0,
  "regime_prob_crisis": 0.0,
  "regime_prob_elevated": 0.0,
  "vix1m_vix3m_ratio": 0.006221420131623745,
  "vix_term_slope_short": 0.0047381936572492124,
  "vix_term_slope_velocity_21d": 0.0027647444629110398,
  "vix_term_ratio_zscore_63d": 0.005645140260457993,
  "vix3m_vix6m_ratio": 0.0032640774734318256,
  "vix_term_slope_long": 0.0042968329042196276,
  "vix_term_curvature": 0.0038784822914749383,
  "vix_term_curvature_zscore": 0.00208139200694859,
  "spx_ret_1d": 0.002868546498939395,
  "spx_ret_5d": 0.005132779525592923,
  "spx_ret_10d": 0.0029468721244484187,
  "spx_ret_21d": 0.0038662450620904564,
  "spx_ret_63d": 0.004433907009661198,
  "spx_vs_ma20": 0.003259516693651676,
  "spx_vs_ma50": 0.0052034839987754825,
  "spx_vs_ma200": 0.0044237634167075155,
  "spx_momentum_z_10d": 0.0030515952967107296,
  "spx_momentum_z_21d": 0.0037221907172352076,
  "spx_realized_vol_10d": 0.0034304941073060036,
  "spx_realized_vol_21d": 0.006379509437829256,
  "spx_realized_vol_63d": 0.004310230212286115,
  "spx_vol_ratio_10_21": 0.0036762711592018605,
  "spx_vol_ratio_10_63": 0.003691299702040851,
  "spx_skew_21d": 0.004943619761615991,
  "spx_kurt_21d": 0.002729250630363822,
  "bb_position_20d": 0.004204679126269184,
  "bb_width_20d": 0.004435417242348194,
  "rsi_14": 0.007396885193884373,
  "rsi_regime": 0.0,
  "rsi_divergence": 0.003577555203810334,
  "macd": 0.0032928607892245055,
  "macd_signal": 0.004675056133419275,
  "macd_histogram": 0.003520958963781595,
  "adx_14": 0.004633787088096142,
  "trend_strength": 0.0042389382142573595,
  "spx_body_size": 0.0013528428506106138,
  "spx_range": 0.003728980803862214,
  "spx_range_pct": 0.0038592661265283825,
  "spx_upper_shadow": 0.002920733252540231,
  "spx_lower_shadow": 0.0019054054748266936,
  "spx_close_position": 0.00396359246224165,
  "spx_body_to_range": 0.0017577731981873513,
  "spx_gap": 0.0022382700815796854,
  "spx_gap_magnitude": 0.002690635435283184,
  "spx_upper_rejection": 0.002325270650908351,
  "spx_lower_rejection": 0.0024985308991745114,
  "spx_range_expansion": 0.0027481236262246965,
  "spx_vix_corr_21d": 0.0035581829492002726,
  "spx_vix_corr_63d": 0.004067734349519014,
  "spx_vix_corr_126d": 0.0031682816334068775,
  "vix_vs_rv_10d": 0.00337429279461503,
  "vix_rv_ratio_10d": 0.004260454326868057,
  "vix_vs_rv_21d": 0.004806680139154196,
  "vix_rv_ratio_21d": 0.0039640152361243965,
  "SKEW": 0.00031315130181610586,
  "skew_regime": 0.0,
  "skew_vs_vix": 0.0013360314536839724,
  "skew_vix_ratio": 0.0011218601372092961,
  "skew_displacement": 0.0007336551789194345,
  "pc_equity_inst_divergence": 0.00043847337365150453,
  "pcc_accel_10d": 3.6831479519605637e-05,
  "COR1M": 0.0011038264259696008,
  "COR1M_change_21d": 0.0010952163487672807,
  "COR1M_zscore_63d": 0.0011501557659357787,
  "COR3M": 0.0013511937577277422,
  "COR3M_change_21d": 0.0017781471833586693,
  "COR3M_zscore_63d": 0.0015026225242763757,
  "cor_term_structure": 0.0015207241289317609,
  "cor_term_slope_change_21d": 0.0009081282652914525,
  "VXTH": 0.0018249035347253084,
  "VXTH_change_21d": 0.001142446231096983,
  "VXTH_zscore_63d": 0.0010235109832137824,
  "vxth_vix_ratio": 0.0023949872702360153,
  "VXTLT": 0.004315318586304784,
  "VXTLT_change_21d": 0.0033333459869027138,
  "VXTLT_zscore_63d": 0.0028876142110675572,
  "VXTLT_velocity_10d": 0.0039311937987804415,
  "VXTLT_acceleration_5d": 0.0031912072561681272,
  "bond_vol_regime": 0.0,
  "vxtlt_vix_ratio": 0.005829855427145958,
  "vxtlt_vix_spread": 0.0042650563642382625,
  "VXTLT_percentile_63d": 0.004499125201255083,
  "VXTLT_percentile_126d": 0.004204857861623168,
  "VXTLT_percentile_252d": 0.0013309413101524115,
  "VXTLT_vs_ma21": 0.0034889432601630686,
  "VXTLT_vs_ma63": 0.002930967044085264,
  "cboe_stress_composite": 0.004567458759993315,
  "cboe_stress_regime": 0.0,
  "vx_contango_pct": 0.0006638222839683294,
  "vx_contango_5d_change": 0.0016535598319023848,
  "vx_contango_zscore": 0.00045122797600924967,
  "vx1_return_5d": 0.00048429532907903197,
  "vx2_return_5d": 0.0016513181617483497,
  "vx_curve_2_1_ratio": 0.0009395342320203781,
  "vx_curve_3_2_ratio": 0.002069820649921894,
  "vx_curve_4_3_ratio": 0.0021790815051645042,
  "vx_curve_steepness": 0.002037513582035899,
  "vx_oi_front_concentration": 0.001147309923544526,
  "vx_oi_imbalance": 0.0,
  "vx_oi_5d_change": 0.002093749213963747,
  "vx_oi_zscore_63d": 0.0026867368258535864,
  "vx_oi_surge": 0.002346352022141218,
  "vx_churn_ratio": 0.0037440529093146326,
  "vx_churn_zscore_63d": 0.002623189054429531,
  "vx_roll_yield_annualized": 0.0031117110047489405,
  "vx_roll_cost_5d": 0.0,
  "vx_roll_yield_zscore_63d": 0.0008569738827645778,
  "vx_momentum_5d": 0.0008339525200426578,
  "vx_momentum_zscore": 0.0,
  "CL1-CL2": 0.003621181985363364,
  "CL1-CL2_velocity_5d": 0.002935129147954285,
  "CL1-CL2_zscore_63d": 0.003938629711046815,
  "oil_term_regime": 0.0,
  "crude_oil_ret_10d": 0.005930841527879238,
  "crude_oil_ret_21d": 0.0030738146509975196,
  "crude_oil_ret_63d": 0.005770923243835569,
  "crude_oil_vol_21d": 0.004087709449231624,
  "crude_oil_zscore_63d": 0.0048805836122483015,
  "DX1-DX2": 0.0029696747194975616,
  "DX1-DX2_velocity_5d": 0.0021905772271566095,
  "DX1-DX2_zscore_63d": 0.0031218135729432104,
  "dxy_ret_10d": 0.005649127904325724,
  "dxy_ret_21d": 0.004197660135105252,
  "dxy_ret_63d": 0.0043071511201560496,
  "dxy_vs_ma50": 0.004893465247005224,
  "dxy_vs_ma200": 0.003599887201562524,
  "dxy_vol_21d": 0.0026256101671606304,
  "dollar_crude_corr_21d": 0.0036508943885564804,
  "spx_dollar_corr_21d": 0.003759329905733466,
  "initial_claims": 0.0030247622169554235,
  "claims_4wk_ma": 0.006570568215101958,
  "claims_velocity_4w": 0.0043128837365657095,
  "claims_zscore_52w": 0.003100287122651935,
  "claims_percentile_52w": 0.0039337797090411184,
  "claims_regime": 0.0,
  "claims_velocity_zscore": 0.00427609751932323,
  "fin_stress_index": 0.0036530202720314263,
  "stress_velocity_4w": 0.0035712541081011294,
  "stress_zscore_52w": 0.0032050701789557933,
  "stress_extreme": 0.0006825109012424946,
  "stress_regime": 0.0,
  "hy_spread": 0.00708279232494533,
  "hy_velocity_21d": 0.003199974913150072,
  "hy_zscore_252d": 0.004985440382733941,
  "hy_bb_spread": 0.0038199301809072493,
  "hy_bb_velocity_21d": 0.0043156202882528305,
  "hy_b_spread": 0.005932776862755418,
  "hy_b_velocity_21d": 0.004064986295998096,