{
  "target_type": "compression",
  "top_n": 105,
  "correlation_threshold": 0.9269,
  "n_selected": 105,
  "n_removed_correlation": 11,
  "n_samples": 2613,
  "top_10_features": [
    "vix_vs_ma63",
    "vix_velocity_5d_regime_adj",
    "vix_percentile_126d",
    "vix_vs_ma21",
    "bb_position_20d",
    "vvix",
    "vix_vel_spx_rv_ratio",
    "vix_regime",
    "liquidity_stress_composite",
    "reversion_strength_63d"
  ],
  "top_10_importance": [
    0.05051509365439415,
    0.023815599083900452,
    0.022927848156541586,
    0.020900526084005833,
    0.01567283011972904,
    0.014791640639305114,
    0.014607517002150416,
    0.013108235597610474,
    0.012688814947614447,
    0.00975660108961165
  ]
}