{
  "spx_lag1": 0.00410581910982728,
  "vix_ret_1d": 0.0021979501703754067,
  "vix_ret_5d": 0.004639197513461113,
  "vix_ret_10d": 0.0037446662317961454,
  "vix_ret_21d": 0.0029902553418651224,
  "vix_vol_10d": 0.0036975007969886065,
  "vix_vol_21d": 0.0046539624687284235,
  "vix_vol_63d": 0.0061130190268158914,
  "vix_velocity_5d": 0.005578249180689454,
  "vix_velocity_10d": 0.004086350044235587,
  "vix_velocity_21d": 0.0036739826202392576,
  "vix_vs_ma10": 0.008387736976146698,
  "vix_vs_ma21": 0.0033808670006692408,
  "vix_vs_ma63": 0.005415529292076826,
  "vix_vs_ma252": 0.0034923239145427942,
  "vix_zscore_21d": 0.004404419148340821,
  "vix_zscore_63d": 0.0036904676351696255,
  "vix_zscore_252d": 0.005343579780310392,
  "vix_momentum_z_10d": 0.0032444685697555543,
  "vix_momentum_z_21d": 0.002848452189937234,
  "vix_accel_5d": 0.003485039435327053,
  "vix_stretch_ma21": 0.003001422854140401,
  "vix_stretch_ma63": 0.0038907653652131557,
  "reversion_strength_21d": 0.004046928836032748,
  "reversion_strength_63d": 0.0045243361033499244,
  "vix_bb_position_20d": 0.004579831520095468,
  "vix_extreme_low_21d": 0.0017215092666447163,
  "vix_regime": 0.0009503674693405629,
  "days_in_regime": 0.005122885247692466,
  "regime_distance_to_boundary": 0.003424612386152148,
  "regime_within_regime_percentile": 0.0033751772716641426,
  "regime_change_flag": 0.0,
  "time_in_regime_pct": 0.003831383539363742,
  "regime_expected_return_5d": 0.0,
  "regime_median_return_5d": 0.0,
  "regime_return_std_5d": 0.0,
  "regime_prob_up_5d": 0.0,
  "regime_vol_of_vol": 0.0,
  "regime_spike_prob": 0.00017741551855579018,
  "regime_prob_stay": 0.0,
  "regime_prob_crisis": 0.0,
  "regime_prob_elevated": 0.0,
  "vix1m_vix3m_ratio": 0.005495013436302543,
  "vix_term_slope_short": 0.003414853708818555,
  "vix_term_slope_velocity_21d": 0.003260563500225544,
  "vix_term_ratio_zscore_63d": 0.0061557827517390255,
  "vix3m_vix6m_ratio": 0.004147664736956358,
  "vix_term_slope_long": 0.003077787160873413,
  "vix_term_curvature": 0.0028076169546693563,
  "vix_term_curvature_zscore": 0.0022096928674727677,
  "spx_ret_1d": 0.003148928331211209,
  "spx_ret_5d": 0.0040264062117785215,
  "spx_ret_10d": 0.00293227001093328,
  "spx_ret_21d": 0.003232740005478263,
  "spx_ret_63d": 0.003721172409132123,
  "spx_vs_ma20": 0.003977280436083674,
  "spx_vs_ma50": 0.004581323312595487,
  "spx_vs_ma200": 0.004553817678242922,
  "spx_momentum_z_10d": 0.002970162965357304,
  "spx_momentum_z_21d": 0.0038577749859541655,
  "spx_realized_vol_10d": 0.004077456379309297,
  "spx_realized_vol_21d": 0.005906313471496105,
  "spx_realized_vol_63d": 0.0054242491722106935,
  "spx_vol_ratio_10_21": 0.0030548529233783484,
  "spx_vol_ratio_10_63": 0.003790226299315691,
  "spx_skew_21d": 0.004792778240516782,
  "spx_kurt_21d": 0.0033132064621895553,
  "bb_position_20d": 0.0031745246145874263,
  "bb_width_20d": 0.003854726906865835,
  "rsi_14": 0.005787369329482317,
  "rsi_regime": 0.00013692636275663972,
  "rsi_divergence": 0.003831444354727864,
  "macd": 0.0034340293146669864,
  "macd_signal": 0.0041846457403153185,
  "macd_histogram": 0.0038847883697599173,
  "adx_14": 0.004062501061707735,
  "trend_strength": 0.003909378312528133,
  "spx_body_size": 0.002195507846772671,
  "spx_range": 0.0027742744889110325,
  "spx_range_pct": 0.0030745480209589003,
  "spx_upper_shadow": 0.002205871301703155,
  "spx_lower_shadow": 0.0021664465311914682,
  "spx_close_position": 0.0030236642342060804,
  "spx_body_to_range": 0.0021597826154902576,
  "spx_gap": 0.0026503749657422306,
  "spx_gap_magnitude": 0.0034622554667294025,
  "spx_upper_rejection": 0.002392966626212001,
  "spx_lower_rejection": 0.0025776354828849434,
  "spx_range_expansion": 0.002155963773839176,
  "spx_vix_corr_21d": 0.0034678127616643907,
  "spx_vix_corr_63d": 0.004092823341488838,
  "spx_vix_corr_126d": 0.0032590040471404793,
  "vix_vs_rv_10d": 0.00435817651450634,
  "vix_rv_ratio_10d": 0.003284935373812914,
  "vix_vs_rv_21d": 0.003974103974178434,
  "vix_rv_ratio_21d": 0.004064182005822659,
  "SKEW": 0.0008288719691336155,
  "skew_regime": 0.0,
  "skew_vs_vix": 0.0010763764847069978,
  "skew_vix_ratio": 0.0013048048131167889,
  "skew_displacement": 0.001235370896756649,
  "pc_equity_inst_divergence": 0.0009264904540032149,
  "pcc_accel_10d": 0.0009014379465952516,
  "COR1M": 0.001063073379918933,
  "COR1M_change_21d": 0.0010433745104819537,
  "COR1M_zscore_63d": 0.0010954973287880421,
  "COR3M": 0.0015800237189978362,
  "COR3M_change_21d": 0.0011094640474766492,
  "COR3M_zscore_63d": 0.0010290346574038268,
  "cor_term_structure": 0.0015773208346217872,
  "cor_term_slope_change_21d": 0.001969517208635807,
  "VXTH": 0.0014064186252653599,
  "VXTH_change_21d": 0.0014928854536265135,
  "VXTH_zscore_63d": 0.0009561723563820124,
  "vxth_vix_ratio": 0.0014251335058361291,
  "VXTLT": 0.004374737152829766,
  "VXTLT_change_21d": 0.0033432858996093272,
  "VXTLT_zscore_63d": 0.002969331992790103,
  "VXTLT_velocity_10d": 0.004598608985543251,
  "VXTLT_acceleration_5d": 0.0029984789434820414,
  "bond_vol_regime": 0.0,
  "vxtlt_vix_ratio": 0.003954655770212412,
  "vxtlt_vix_spread": 0.0057269847486168144,
  "VXTLT_percentile_63d": 0.0031684898771345616,
  "VXTLT_percentile_126d": 0.004168364033102989,
  "VXTLT_percentile_252d": 0.0024634036934003236,
  "VXTLT_vs_ma21": 0.003642665361985564,
  "VXTLT_vs_ma63": 0.0029338271357119083,
  "cboe_stress_composite": 0.00457579423673451,
  "cboe_stress_regime": 0.0011216159909963608,
  "vx_contango_pct": 0.0018232015194371344,
  "vx_contango_5d_change": 0.0018307004123926164,
  "vx_contango_zscore": 0.0017252299236133694,
  "vx1_return_5d": 0.0025450020097196103,
  "vx2_return_5d": 0.001978790480643511,
  "vx_curve_2_1_ratio": 0.002140918164514005,
  "vx_curve_3_2_ratio": 0.0014352453872561455,
  "vx_curve_4_3_ratio": 0.0023731067776679993,
  "vx_curve_steepness": 0.0020015469752252104,
  "vx_oi_front_concentration": 0.0020176646299660205,
  "vx_oi_imbalance": 0.0024519846308976414,
  "vx_oi_5d_change": 0.001965183578431606,
  "vx_oi_zscore_63d": 0.0020937012508511544,
  "vx_oi_surge": 0.0027653812896460293,
  "vx_churn_ratio": 0.0031336743384599687,
  "vx_churn_zscore_63d": 0.0021750517655164,
  "vx_roll_yield_annualized": 0.0020765719935297968,
  "vx_roll_cost_5d": 0.001511132065206766,
  "vx_roll_yield_zscore_63d": 0.0025363613851368426,
  "vx_momentum_5d": 0.0012280586175620555,
  "vx_momentum_zscore": 0.0013112075161188842,
  "CL1-CL2": 0.004501448385417462,
  "CL1-CL2_velocity_5d": 0.0027005705051124096,
  "CL1-CL2_zscore_63d": 0.002942388318479061,
  "oil_term_regime": 0.001209372840821743,
  "crude_oil_ret_10d": 0.005047187022864818,
  "crude_oil_ret_21d": 0.003614232409745455,
  "crude_oil_ret_63d": 0.00464082770049572,
  "crude_oil_vol_21d": 0.0044657499995082615,
  "crude_oil_zscore_63d": 0.004431397886946797,
  "DX1-DX2": 0.0028989148791879415,
  "DX1-DX2_velocity_5d": 0.0028770312666893004,
  "DX1-DX2_zscore_63d": 0.0031547661870718,
  "dxy_ret_10d": 0.005406704638153315,
  "dxy_ret_21d": 0.004201863659545779,
  "dxy_ret_63d": 0.0038902910426259043,
  "dxy_vs_ma50": 0.00457465355284512,
  "dxy_vs_ma200": 0.0035152601078152655,
  "dxy_vol_21d": 0.0029035940766334533,
  "dollar_crude_corr_21d": 0.0035793824587017297,
  "spx_dollar_corr_21d": 0.00371682271361351,
  "initial_claims": 0.0046066621784120795,
  "claims_4wk_ma": 0.0038452447392046452,
  "claims_velocity_4w": 0.004131678864359856,
  "claims_zscore_52w": 0.0040221888106316325,
  "claims_percentile_52w": 0.004037214303389191,
  "claims_regime": 0.0,
  "claims_velocity_zscore": 0.003667152626439929,
  "fin_stress_index": 0.003345590177923441,
  "stress_velocity_4w": 0.003083275188691914,
  "stress_zscore_52w": 0.004054559441283345,
  "stress_extreme": 0.0016588662751019002,
  "stress_regime": 0.0,
  "hy_spread": 0.004343900363892317,
  "hy_velocity_21d": 0.0038869576528668404,
  "hy_zscore_252d": 0.0038422632496804,
  "hy_bb_spread": 0.004373079258948564,