{
  "spx_lag1": 0.004040354676544666,
  "vix_ret_1d": 0.002225852105766535,
  "vix_ret_5d": 0.004582613706588745,
  "vix_ret_10d": 0.0036086099222302436,
  "vix_ret_21d": 0.0029641574947163463,
  "vix_vol_10d": 0.003641654551029205,
  "vix_vol_21d": 0.004693414317443967,
  "vix_vol_63d": 0.006003870069980622,
  "vix_velocity_5d": 0.0056288476102054116,
  "vix_velocity_10d": 0.004026185162365437,
  "vix_velocity_21d": 0.003549811406992376,
  "vix_vs_ma10": 0.008762791473418474,
  "vix_vs_ma21": 0.003470274154096842,
  "vix_vs_ma63": 0.005409170594066382,
  "vix_vs_ma252": 0.0033908977638930082,
  "vix_zscore_21d": 0.004327182797715068,
  "vix_zscore_63d": 0.003689481783658266,
  "vix_zscore_252d": 0.005399151518940925,
  "vix_momentum_z_10d": 0.0033350278157740832,
  "vix_momentum_z_21d": 0.002838533418253064,
  "vix_accel_5d": 0.0035339646972715856,
  "vix_stretch_ma21": 0.0031041073612868785,
  "vix_stretch_ma63": 0.004007764859125018,
  "reversion_strength_21d": 0.004079689551144838,
  "reversion_strength_63d": 0.004700049385428428,
  "vix_bb_position_20d": 0.004684979980811477,
  "vix_extreme_low_21d": 0.001721509313210845,
  "vix_regime": 0.0003288773819804192,
  "days_in_regime": 0.005358518101274967,
  "regime_distance_to_boundary": 0.0034332315437495707,
  "regime_within_regime_percentile": 0.003350628074258566,
  "regime_change_flag": 0.0,
  "time_in_regime_pct": 0.003791725868359208,
  "regime_expected_return_5d": 0.0,
  "regime_median_return_5d": 0.0,
  "regime_return_std_5d": 0.0,
  "regime_prob_up_5d": 0.0,
  "regime_vol_of_vol": 0.0,
  "regime_spike_prob": 0.0,
  "regime_prob_stay": 0.0,
  "regime_prob_crisis": 0.0,
  "regime_prob_elevated": 0.0,
  "vix1m_vix3m_ratio": 0.005528442794457078,
  "vix_term_slope_short": 0.003379623219370842,
  "vix_term_slope_velocity_21d": 0.0032105091493576767,
  "vix_term_ratio_zscore_63d": 0.006243901420384645,
  "vix3m_vix6m_ratio": 0.003746506851166487,
  "vix_term_slope_long": 0.0031264927238225937,
  "vix_term_curvature": 0.002793129999190569,
  "vix_term_curvature_zscore": 0.0022624833043664696,
  "spx_ret_1d": 0.003093944676220417,
  "spx_ret_5d": 0.00398728265427053,
  "spx_ret_10d": 0.002928974758833647,
  "spx_ret_21d": 0.0032280918676406145,
  "spx_ret_63d": 0.003737754886969924,
  "spx_vs_ma20": 0.003927037352696061,
  "spx_vs_ma50": 0.004612095654010773,
  "spx_vs_ma200": 0.0046425153966993095,
  "spx_momentum_z_10d": 0.0030687347520142795,
  "spx_momentum_z_21d": 0.0038141402415931224,
  "spx_realized_vol_10d": 0.00405424339696765,
  "spx_realized_vol_21d": 0.00578822735697031,
  "spx_realized_vol_63d": 0.005370696354657411,
  "spx_vol_ratio_10_21": 0.003150884946808219,
  "spx_vol_ratio_10_63": 0.0035802006721496584,
  "spx_skew_21d": 0.004766733106225729,
  "spx_kurt_21d": 0.003345270361751318,
  "bb_position_20d": 0.0031711252871900798,
  "bb_width_20d": 0.0037943363189697266,
  "rsi_14": 0.005893768277019262,
  "rsi_regime": 0.00040187672711908815,
  "rsi_divergence": 0.003787047415971756,
  "macd": 0.0034806330688297747,
  "macd_signal": 0.004152136063203216,
  "macd_histogram": 0.003936961200088263,
  "adx_14": 0.00405267821624875,
  "trend_strength": 0.003951892117038369,
  "spx_body_size": 0.0021534371422603726,
  "spx_range": 0.0027574081672355534,
  "spx_range_pct": 0.0031409495044499637,
  "spx_upper_shadow": 0.002259387448430061,
  "spx_lower_shadow": 0.00230128257535398,
  "spx_close_position": 0.0030314560513943433,
  "spx_body_to_range": 0.0021547720301896335,
  "spx_gap": 0.002609142009168863,
  "spx_gap_magnitude": 0.0034472270403057338,
  "spx_upper_rejection": 0.002501528849825263,
  "spx_lower_rejection": 0.0025807115482166408,
  "spx_range_expansion": 0.0021705340826883913,
  "spx_vix_corr_21d": 0.003444060077890754,
  "spx_vix_corr_63d": 0.004125890973955393,
  "spx_vix_corr_126d": 0.003230223199352622,
  "vix_vs_rv_10d": 0.004395844787359238,
  "vix_rv_ratio_10d": 0.0033199695870280268,
  "vix_vs_rv_21d": 0.003989470517262816,
  "vix_rv_ratio_21d": 0.004008764540776611,
  "SKEW": 0.0007005612598732114,
  "skew_regime": 0.0,
  "skew_vs_vix": 0.0012031175661832093,
  "skew_vix_ratio": 0.0013460488524287939,
  "skew_displacement": 0.0012646988034248352,
  "pc_equity_inst_divergence": 0.0009324013721197843,
  "pcc_accel_10d": 0.0009114290587604046,
  "COR1M": 0.0012226685881614684,
  "COR1M_change_21d": 0.001087201666086912,
  "COR1M_zscore_63d": 0.0009973134379833936,
  "COR3M": 0.0013672467321157455,
  "COR3M_change_21d": 0.0012283167336136103,
  "COR3M_zscore_63d": 0.0008139812154695392,
  "cor_term_structure": 0.0016506338026374579,
  "cor_term_slope_change_21d": 0.003623223304748535,
  "VXTH": 0.0013973600696772337,
  "VXTH_change_21d": 0.001815854012966156,
  "VXTH_zscore_63d": 0.0009715895634144544,
  "vxth_vix_ratio": 0.0014156266581267119,
  "VXTLT": 0.004444352118298411,
  "VXTLT_change_21d": 0.0033652147278189657,
  "VXTLT_zscore_63d": 0.0029833856970071793,
  "VXTLT_velocity_10d": 0.004652190441265702,
  "VXTLT_acceleration_5d": 0.00301259933039546,
  "bond_vol_regime": 0.0,
  "vxtlt_vix_ratio": 0.003924383176490664,
  "vxtlt_vix_spread": 0.00562345557846129,
  "VXTLT_percentile_63d": 0.003139132121577859,
  "VXTLT_percentile_126d": 0.0041533017996698614,
  "VXTLT_percentile_252d": 0.0023800865514203907,
  "VXTLT_vs_ma21": 0.0035998966777697206,
  "VXTLT_vs_ma63": 0.0028625370934605597,
  "cboe_stress_composite": 0.004645222006365657,
  "cboe_stress_regime": 0.0011216158978641032,
  "vx_contango_pct": 0.002145122364163399,
  "vx_contango_5d_change": 0.0017956475261598826,
  "vx_contango_zscore": 0.001779564213939011,
  "vx1_return_5d": 0.002116339607164264,
  "vx2_return_5d": 0.0020213496405631303,
  "vx_curve_2_1_ratio": 0.002130911929998547,
  "vx_curve_3_2_ratio": 0.0013527498580515386,
  "vx_curve_4_3_ratio": 0.002464919164776802,
  "vx_curve_steepness": 0.002254743524827063,
  "vx_oi_front_concentration": 0.0018703676760196686,
  "vx_oi_imbalance": 0.0027444951701909304,
  "vx_oi_5d_change": 0.0020697223488241436,
  "vx_oi_zscore_63d": 0.002072190074250102,
  "vx_oi_surge": 0.0028014253824949265,
  "vx_churn_ratio": 0.003093067230656743,
  "vx_churn_zscore_63d": 0.002024942822754383,
  "vx_roll_yield_annualized": 0.0022414727602154015,
  "vx_roll_cost_5d": 0.0014372450299561025,
  "vx_roll_yield_zscore_63d": 0.0028688509948551653,
  "vx_momentum_5d": 0.0012178818695247173,
  "vx_momentum_zscore": 0.00099090994335711,
  "CL1-CL2": 0.004582144133746624,
  "CL1-CL2_velocity_5d": 0.002760358154773712,
  "CL1-CL2_zscore_63d": 0.0029050113633275034,
  "oil_term_regime": 0.0012093730503693223,
  "crude_oil_ret_10d": 0.005249876389279961,
  "crude_oil_ret_21d": 0.003597442153841257,
  "crude_oil_ret_63d": 0.004720777552574873,
  "crude_oil_vol_21d": 0.004402936296537518,
  "crude_oil_zscore_63d": 0.004448763094842434,
  "DX1-DX2": 0.0029080990701913834,
  "DX1-DX2_velocity_5d": 0.002882443368434906,
  "DX1-DX2_zscore_63d": 0.003148858156055212,
  "dxy_ret_10d": 0.005494985776022076,
  "dxy_ret_21d": 0.004179383348673582,
  "dxy_ret_63d": 0.0038673173636198043,
  "dxy_vs_ma50": 0.004630893329158425,
  "dxy_vs_ma200": 0.0033886855933815243,
  "dxy_vol_21d": 0.0029210847802460193,
  "dollar_crude_corr_21d": 0.003594011440873146,
  "spx_dollar_corr_21d": 0.0037053676787763834,
  "initial_claims": 0.004503631545230746,
  "claims_4wk_ma": 0.0039181441999971865,
  "claims_velocity_4w": 0.004236065875738859,
  "claims_zscore_52w": 0.004001739667728543,
  "claims_percentile_52w": 0.0039604743476957084,
  "claims_regime": 0.0,
  "claims_velocity_zscore": 0.003658616077154875,
  "fin_stress_index": 0.0031933240592479707,
  "stress_velocity_4w": 0.002976670814678073,
  "stress_zscore_52w": 0.0039871901273727415,
  "stress_extreme": 0.0024514817632734776,
  "stress_regime": 0.0,
  "hy_spread": 0.004279704694636166,
  "hy_velocity_21d": 0.003983783908188343,
  "hy_zscore_252d": 0.003789529949426651,
  "hy_bb_spread": 0.00414799889549613,