{
  "10y_vol_63d": 0.0006210648221895099,
  "30y_vol_63d": 0.0009287537890486419,
  "6m_vol_63d_fred": 0.0022289098822511734,
  "CL1-CL2": 0.0009211349650286138,
  "CL1-CL2_velocity_5d": 0.000937820307444781,
  "CL1-CL2_zscore_63d": 0.0015269455674570055,
  "Gold_lag1": 0.0012137943180277944,
  "Gold_zscore_63d": 0.0030591468093916774,
  "SKEW": 0.0010181921359617263,
  "SKEW_extreme_low_252d": 0.0,
  "SKEW_extreme_low_63d": 0.0018616081884829327,
  "SKEW_jerk_5d": 0.0023714644368737934,
  "SKEW_momentum_regime": 0.0003995551654952578,
  "SKEW_percentile_126d": 0.001861701568122953,
  "SKEW_percentile_21d": 0.0008525361228748807,
  "SKEW_percentile_252d": 0.003964980696036946,
  "SKEW_percentile_63d": 0.0012806403683498502,
  "SKEW_percentile_velocity": 0.002732620947062969,
  "VX1-VX2": 0.0005539663601666689,
  "VX1-VX2_change_21d": 0.000685412113671191,
  "VX1-VX2_percentile_63d": 0.0007337253307923674,
  "VX1-VX2_zscore_63d": 0.0049909221474081274,
  "VX2-VX1_RATIO": 0.0,
  "VX2-VX1_RATIO_velocity_10d": 0.0005042826291173696,
  "VXTH": 0.003918979223817587,
  "VXTH_change_21d": 0.0015040525700896978,
  "VXTH_zscore_63d": 0.0023489675484597685,
  "VXTLT": 0.0010716857854276896,
  "VXTLT_acceleration_5d": 0.0010038038948550821,
  "VXTLT_change_21d": 0.000729796546511352,
  "VXTLT_percentile_126d": 0.00041015204042196276,
  "VXTLT_percentile_252d": 0.0012916428502649068,
  "VXTLT_percentile_63d": 0.002178931562229991,
  "VXTLT_velocity_10d": 0.0005513763520866632,
  "VXTLT_vs_ma21": 0.0030914949253201484,
  "VXTLT_vs_ma63": 0.0013414762681350112,
  "VXTLT_zscore_63d": 0.0012202649610117077,
  "adx_14": 0.0016203195205889641,
  "bb_position_20d": 0.002243092376738787,
  "bb_width_20d": 0.006629997643176466,
  "bond_vol_regime": 0.0,
  "both_near_boundary_flag": 0.00023941968102008103,
  "both_regimes_changed_flag": 0.0,
  "cboe_stress_composite": 0.0007769887801259756,
  "cboe_stress_regime": 0.0,
  "claims_4wk_ma": 0.0023010197968687863,
  "claims_percentile_52w": 0.004533175984397531,
  "claims_regime": 0.0,
  "claims_velocity_4w": 0.0034087808337062596,
  "claims_velocity_zscore": 0.0018466908251866699,
  "claims_zscore_52w": 0.002195322117768228,
  "commodity_vol_regime": 0.0001508348388597369,
  "copper": 0.006821136781945824,
  "copper_economic_signal": 0.0,
  "copper_momentum_63d": 0.0058497179590631275,
  "copper_ret_10d": 0.0023963562794961034,
  "copper_ret_21d": 0.00372405257076025,
  "copper_ret_5d": 0.0024536165758036075,
  "copper_ret_63d": 0.009688231674954296,
  "copper_zscore_21d": 0.0016843919293023646,
  "copper_zscore_252d": 0.0029720495687797664,
  "copper_zscore_63d": 0.0017291911877691745,
  "correlation_regime": 3.893827961292118e-05,
  "credit_quality_spread": 0.005140668991953134,
  "credit_stress_composite": 0.005642398749478162,
  "credit_vol_divergence": 0.000777278671739623,
  "credit_vol_stress_composite": 0.002297462010756135,
  "credit_widening_regime": 0.0,
  "cross_asset_vol_cluster": 0.0012628695927560329,
  "crude_oil_ret_10d": 0.0010358744068071247,
  "crude_oil_ret_21d": 0.0026531749637797473,
  "crude_oil_ret_63d": 0.00444499789737165,
  "crude_oil_vol_21d": 0.0019432262051850557,
  "crude_oil_vol_21d_log": 0.0,
  "crude_oil_zscore_63d": 0.0029110384173691274,
  "day_of_month": 0.005655855685472488,
  "day_of_week": 0.0018192347371950746,
  "days_in_joint_regime": 0.0015500374604016543,
  "days_in_regime": 0.0142195712774992,
  "days_in_skew_regime": 0.001777454442344606,
  "dxy": 0.0016657027532346546,
  "dxy_accel_5d": 0.001434405060717836,
  "dxy_bb_position_20d": 0.0035371108911931514,
  "dxy_bb_width_20d": 0.003204874601215124,
  "dxy_extreme_high": 0.0010637614876031875,
  "dxy_extreme_low": 0.0,
  "dxy_gold_both_rally": 0.0,
  "dxy_gold_corr_126d": 0.0025050444528460503,
  "dxy_gold_corr_21d": 0.0034539517713710667,
  "dxy_gold_corr_63d": 0.0038161825388669966,
  "dxy_gold_divergence": 0.0015546714887022973,
  "dxy_momentum_z_10d": 0.002597766905091703,
  "dxy_momentum_z_21d": 0.001216139062307775,
  "dxy_momentum_z_5d": 0.0017337430734187364,
  "dxy_percentile_21d": 0.001819508333574049,
  "dxy_percentile_252d": 0.0015845126239582897,
  "dxy_percentile_63d": 0.002005193813238293,
  "dxy_regime_numeric": 0.0,
  "dxy_ret_10d": 0.0038074076175689696,
  "dxy_ret_1d": 0.0016005743527784944,
  "dxy_ret_21d": 0.004316454846411943,
  "dxy_ret_5d": 0.005383428605273366,
  "dxy_ret_63d": 0.005650320509448648,
  "dxy_velocity_10d": 0.00033688598959997763,
  "dxy_velocity_21d": 0.0010591501602903008,
  "dxy_velocity_5d": 0.0011133034946396946,
  "dxy_vol_10d": 0.0020504266023635863,
  "dxy_vol_21d": 0.0025165019556879996,
  "dxy_vol_63d": 0.0014606207143515349,
  "dxy_vs_ma21": 0.0021132313180714847,
  "dxy_vs_ma252": 0.006217439705505967,
  "dxy_vs_ma63": 0.006772361323237419,
  "dxy_zscore_21d": 0.00237128771841526,
  "dxy_zscore_252d": 0.003335111797787249,
  "dxy_zscore_63d": 0.00262969508767128,
  "equity_vol_corr_breakdown": 0.002063575363717973,
  "equity_vol_divergence": 0.0035439216531813144,
  "fin_stress_index": 0.009947779215872287,
  "flight_to_safety_active": 0.0,
  "gold": 0.0010067244089441373,
  "gold_momentum_21d": 0.0025989070069044828,
  "gold_regime": 0.0,
  "gold_ret_10d": 0.0031093047466129063,
  "gold_ret_21d": 0.0025442239828407766,
  "gold_ret_5d": 0.002947989385575056,
  "gold_ret_63d": 0.0033524450846016407,
  "gold_spx_divergence": 0.002220919501269236,
  "gold_vol_10d": 0.004789472045376897,
  "gold_vol_21d": 0.0058435344137251375,
  "gold_vol_63d": 0.0036134634399786593,
  "gold_zscore_21d": 0.0030250492971390487,
  "gold_zscore_252d": 0.0024232619209215043,
  "gold_zscore_63d": 0.00039823660627007483,
  "growth_concern_signal": 0.0,
  "gvz": 0.003110191971063614,
  "gvz_gold_rv_ratio": 0.0030367010971531273,
  "gvz_gold_rv_spread": 0.0024727593874558805,
  "gvz_percentile_21d": 0.0023331530392169952,
  "gvz_percentile_63d": 0.002119473926723003,
  "gvz_ret_10d": 0.001206906366860494,
  "gvz_ret_21d": 0.0028227131813764574,
  "gvz_ret_5d": 0.002274977508932352,
  "gvz_velocity_10d": 0.002317657438106835,
  "gvz_velocity_21d": 0.00588545179925859,
  "gvz_velocity_5d": 0.001020097022410482,
  "gvz_zscore_21d": 0.002312263089697808,
  "gvz_zscore_63d": 0.0016813264403026551,
  "hy_b_spread": 0.002047862019389868,
  "hy_b_velocity_21d": 0.0029460462741553784,
  "hy_bb_spread": 0.0033335464890114964,
  "hy_bb_velocity_21d": 0.006075262697413564,
  "hy_ccc_spread": 0.005436993879266083,
  "hy_ccc_velocity_21d": 0.00917695052921772,
  "hy_spread": 0.005660395091399551,
  "hy_velocity_21d": 0.008087218319997192,
  "hy_zscore_252d": 0.0016037822468206286,
  "ig_hy_spread": 0.0006421864032745362,
  "initial_claims": 0.0020202816696837543,
  "is_earnings_heavy": 0.0,
  "is_fomc_period": 0.0010556650348007679,
  "is_opex_week": 0.0,
  "joint_regime_change_flag": 0.0,
  "joint_regime_correlation": 0.002068346133455634,
  "joint_regime_expected_return": 0.0007548079884145409,
  "joint_regime_frequency": 0.0,
  "joint_regime_volatility": 0.0003194855700712651,
  "liquidity_regime": 0.0,
  "liquidity_stress_composite": 0.0031269143335521223,
  "macd": 0.0025250813690945507,
  "macd_histogram": 0.0019688615342602135,
  "macd_signal": 0.00515154235472437,
  "month": 0.0011504722759127616,
  "multi_asset_vol_stress": 0.0033335431711748243,
  "natgas": 0.0034166423603892325,
  "natgas_ret_10d": 0.0024254475953057407,
  "natgas_ret_21d": 0.0020815685857087374,
  "natgas_ret_5d": 0.0036565809044986964,
  "natgas_vol_21d": 0.002871815743856132,
  "natgas_zscore_21d": 0.0016091610537841915,
  "natgas_zscore_63d": 0.008648661756888032,
  "oil_term_regime": 0.0,
  "ovx": 0.003131512156687677,
  "ovx_oil_rv_ratio": 0.0020447719376534223,
  "ovx_oil_rv_spread": 0.0031378597486764193,
  "ovx_percentile_21d": 0.0028672794345766307,
  "ovx_percentile_252d": 0.0018676699604839087,
  "ovx_percentile_63d": 0.0012192332185804843,
  "ovx_regime": 0.0,
  "ovx_ret_10d": 0.0023239501169882715,