{
  "10y_vol_63d": 0.0035848180763423444,
  "30y_vol_63d": 0.004525195946916938,
  "6m_vol_63d_fred": 0.005714142322540283,
  "CL1-CL2": 0.004605300445109606,
  "CL1-CL2_velocity_5d": 0.00279208361171186,
  "CL1-CL2_zscore_63d": 0.003547571273520589,
  "COR1M": 0.0007908719591796399,
  "COR1M_change_21d": 0.0010059811640530825,
  "COR1M_zscore_63d": 0.0010287492070347071,
  "COR3M": 0.0009382206480950117,
  "COR3M_change_21d": 0.0009826939087361098,
  "COR3M_zscore_63d": 0.0006839753361418844,
  "DX1-DX2": 0.0031938670668751,
  "DX1-DX2_velocity_5d": 0.002550552296452224,
  "DX1-DX2_zscore_63d": 0.002883100230246782,
  "SKEW": 0.0007043481105938554,
  "SKEW_extreme_low_252d": 0.0,
  "SKEW_extreme_low_63d": 0.0,
  "SKEW_jerk_5d": 0.0007790879579260945,
  "SKEW_momentum_regime": 0.0005046225152909756,
  "SKEW_percentile_126d": 0.0010754415299743414,
  "SKEW_percentile_21d": 0.0009946666192263364,
  "SKEW_percentile_252d": 0.0014973892830312252,
  "SKEW_percentile_63d": 0.0008924803463742137,
  "SKEW_percentile_velocity": 0.0011101681273430585,
  "VXTH": 0.002421432361006737,
  "VXTH_change_21d": 0.002585430257022381,
  "VXTH_zscore_63d": 0.0016789211425930262,
  "VXTLT": 0.0010976294055581094,
  "VXTLT_acceleration_5d": 0.0011848343070596456,
  "VXTLT_change_21d": 0.0020788940601050854,
  "VXTLT_percentile_126d": 0.0014172762166708708,
  "VXTLT_percentile_252d": 0.0013534209690988063,
  "VXTLT_percentile_63d": 0.0022009359672665596,
  "VXTLT_velocity_10d": 0.0013452136423438787,
  "VXTLT_vs_ma21": 0.001173569867387414,
  "VXTLT_vs_ma63": 0.0001465270877815783,
  "VXTLT_zscore_63d": 0.0010986118111759424,
  "adx_14": 0.0038044902496039866,
  "bb_position_20d": 0.002642421144992113,
  "bb_width_20d": 0.004059297172352672,
  "bond_vol_regime": 0.0,
  "cboe_stress_composite": 0.0013614888302981853,
  "cboe_stress_regime": 0.0,
  "claims_4wk_ma": 0.00354487425647676,
  "claims_percentile_52w": 0.0035710122901946306,
  "claims_regime": 0.0004484028089791536,
  "claims_velocity_4w": 0.0029894323088228703,
  "claims_velocity_zscore": 0.003977899719029665,
  "claims_zscore_52w": 0.004991609742864967,
  "cor_term_slope_change_21d": 0.0010064450092613698,
  "cor_term_structure": 0.001030465867370367,
  "correlation_regime": 0.0,
  "credit_quality_spread": 0.004240990662947297,
  "credit_stress_composite": 0.003594549000263214,
  "credit_vol_divergence": 0.003418154129758477,
  "credit_vol_stress_composite": 0.004591056378558278,
  "credit_widening_regime": 0.0025462509132921697,
  "cross_asset_vol_cluster": 0.0,
  "crude_oil_ret_10d": 0.0049812593031674625,
  "crude_oil_ret_21d": 0.003225771989673376,
  "crude_oil_ret_63d": 0.005088160326704383,
  "crude_oil_vol_21d": 0.004378535877913236,
  "crude_oil_vol_21d_log": 0.0042953218799084425,
  "crude_oil_zscore_63d": 0.004013301013037563,
  "day_of_month": 0.00509547907859087,
  "day_of_week": 0.0020887590479105713,
  "days_in_regime": 0.00488260667771101,
  "dollar_crude_corr_21d": 0.0033374291844666002,
  "dxy_ret_10d": 0.0055978125892579556,
  "dxy_ret_21d": 0.004106779908761382,
  "dxy_ret_63d": 0.004607347957789898,
  "dxy_vol_21d": 0.0038010641001164913,
  "dxy_vol_21d_log": 0.0057070126291364435,
  "dxy_vs_ma200": 0.004661538638174534,
  "dxy_vs_ma50": 0.004367171181365847,
  "equity_vol_corr_breakdown": 0.0029247799888253213,
  "equity_vol_divergence": 0.0029913877602666616,
  "fin_stress_index": 0.003974114963784814,
  "gold_spx_divergence": 0.003037678450345993,
  "hy_b_spread": 0.004709698352962732,
  "hy_b_velocity_21d": 0.004373353673145175,
  "hy_bb_spread": 0.0037967662792652845,
  "hy_bb_velocity_21d": 0.0039947181940078735,
  "hy_ccc_spread": 0.0027458305936306714,
  "hy_ccc_velocity_21d": 0.0031529254745692016,
  "hy_spread": 0.004217454022727907,
  "hy_velocity_21d": 0.005135435657575726,
  "hy_zscore_252d": 0.0038817068561911583,
  "ig_hy_spread": 0.004154732241295278,
  "initial_claims": 0.00457923742942512,
  "is_earnings_heavy": 0.0003842528909444809,
  "is_fomc_period": 0.0034438350005075334,
  "is_opex_week": 0.002518230048008263,
  "liquidity_regime": 0.0018235425930470228,
  "liquidity_stress_composite": 0.0050800287630409,
  "macd": 0.0032913523726165296,
  "macd_histogram": 0.003724193014204502,
  "macd_signal": 0.005360320722684264,
  "month": 0.006232359912246466,
  "oil_term_regime": 0.0008762649260461331,
  "pc_equity_inst_divergence": 0.0011577664408832788,
  "pcc_accel_10d": 0.0008747481042519212,
  "regime_change_flag": 0.0,
  "regime_distance_to_boundary": 0.003380275657400489,
  "regime_expected_return_5d": 0.0,
  "regime_median_return_5d": 0.0,
  "regime_prob_crisis": 0.0,
  "regime_prob_elevated": 0.0006547662429511547,
  "regime_prob_stay": 0.0,
  "regime_prob_up_5d": 0.0,
  "regime_return_std_5d": 0.0,
  "regime_spike_prob": 0.0002519204746931791,
  "regime_transition_risk": 0.002623379253782332,
  "regime_vol_of_vol": 0.0,
  "regime_within_regime_percentile": 0.003195801842957735,
  "reversion_strength_21d": 0.0034846715396270158,
  "reversion_strength_63d": 0.004903068812564015,
  "risk_premium_extreme_low_252d": 0.0022302251774817703,
  "risk_premium_extreme_low_63d": 9.111627587117254e-05,
  "risk_premium_ma21": 0.004037707764655352,
  "risk_premium_percentile_126d": 0.004229557095095515,
  "risk_premium_percentile_21d": 0.0030819459818303583,
  "risk_premium_percentile_252d": 0.0045641430653631685,
  "risk_premium_percentile_63d": 0.00375971463508904,
  "risk_premium_percentile_velocity": 0.0032003083731979133,
  "risk_premium_regime": 0.0006173435365781188,
  "risk_premium_velocity": 0.0044691955205053095,
  "risk_premium_zscore": 0.004604176618158817,
  "rsi_14": 0.0074516601860523226,
  "rsi_divergence": 0.003559744777157903,
  "rsi_regime": 0.0007996992208063602,
  "skew_displacement": 0.0009838280733674766,
  "skew_regime": 0.0,
  "skew_vix_ratio": 0.0013349565677344799,
  "skew_vs_vix": 0.0013296909164637327,
  "spx_body_size": 0.002226554322987795,
  "spx_body_to_range": 0.0021022140979766847,
  "spx_close_position": 0.0028850364731624724,
  "spx_dollar_corr_21d": 0.0032580859027802945,
  "spx_gap": 0.0026984669733792544,
  "spx_gap_extreme_flag": 0.0011121246498078108,
  "spx_gap_magnitude": 0.0027938945218920707,
  "spx_gap_magnitude_extreme_flag": 0.002104190969839692,
  "spx_kurt_21d": 0.003628955176100135,
  "spx_lag1": 0.003655743598937988,
  "spx_lower_rejection": 0.0023095299722626804,
  "spx_lower_shadow": 0.002500016475096345,
  "spx_momentum_z_10d": 0.0029597794637084007,
  "spx_momentum_z_21d": 0.0038130243308842184,
  "spx_range": 0.0026118260575458407,
  "spx_range_expansion": 0.0026280219200998543,
  "spx_range_pct": 0.0037933023646473884,
  "spx_realized_vol_10d": 0.0031378005631268026,
  "spx_realized_vol_21d": 0.004483810160309076,
  "spx_realized_vol_21d_acceleration_5d": 0.003195799281820655,
  "spx_realized_vol_21d_log": 0.005641172733157873,
  "spx_realized_vol_21d_velocity_3d": 0.003464833926409483,
  "spx_realized_vol_63d": 0.004759324481710792,
  "spx_realized_vol_63d_x_regime_0": 0.0037449566181749104,
  "spx_realized_vol_63d_x_regime_1": 0.005134194204583764,
  "spx_realized_vol_63d_x_regime_2": 0.0028381451615132392,
  "spx_realized_vol_63d_x_regime_3": 0.001735507696866989,
  "spx_ret_10d": 0.0033106794580817223,
  "spx_ret_1d": 0.003033074038103223,
  "spx_ret_21d": 0.004145968286320567,
  "spx_ret_5d": 0.004329831013455987,
  "spx_ret_5d_regime_adj": 0.003554924763739109,
  "spx_ret_63d": 0.003965230099856854,
  "spx_skew_21d": 0.005032186023890972,
  "spx_upper_rejection": 0.0022637180285528303,
  "spx_upper_shadow": 0.002457286580465734,
  "spx_vix_corr_126d": 0.004045527381822467,
  "spx_vix_corr_21d": 0.003879442531615496,
  "spx_vix_corr_63d": 0.004297323897480965,
  "spx_vol_ratio_10_21": 0.003504488058388233,
  "spx_vol_ratio_10_63": 0.003910461394116283,
  "spx_vs_ma20": 0.0030392333166673778,
  "spx_vs_ma200": 0.005254426645115018,
  "spx_vs_ma50": 0.003795218467712402,
  "stress_extreme": 0.0019279668107628823,