{
  "spx_lag1": 0.007228995580226183,
  "vix_ret_1d": 0.0023550909012556077,
  "vix_ret_5d": 0.005087358551099897,
  "vix_ret_10d": 0.007599214650690555,
  "vix_ret_21d": 0.004426518420223147,
  "vix_vol_10d": 0.005456819385290146,
  "vix_vol_21d": 0.005196404363960028,
  "vix_vol_63d": 0.005545085668563843,
  "vix_velocity_5d": 0.01238891938701272,
  "vix_velocity_10d": 0.004289404209703207,
  "vix_velocity_21d": 0.0032957390183582904,
  "vix_vs_ma10": 0.009757596999406815,
  "vix_vs_ma21": 0.005110929906368256,
  "vix_vs_ma63": 0.008003519847989082,
  "vix_vs_ma252": 0.0039430935517884794,
  "vix_zscore_21d": 0.005783742712810636,
  "vix_zscore_63d": 0.00612887442111969,
  "vix_zscore_252d": 0.008643604721873999,
  "vix_momentum_z_10d": 0.003980442462489009,
  "vix_momentum_z_21d": 0.003216574899852276,
  "vix_accel_5d": 0.006851285882294178,
  "vix_stretch_ma21": 0.00521133653819561,
  "vix_stretch_ma63": 0.006188562605530024,
  "reversion_strength_21d": 0.0010455059236846864,
  "reversion_strength_63d": 0.006888211984187364,
  "vix_bb_position_20d": 0.007255072612315417,
  "vix_extreme_low_21d": 0.0024731382727622986,
  "vix_regime": 0.002968613803386688,
  "days_in_regime": 0.007505185622721911,
  "regime_distance_to_boundary": 0.0043574508279562,
  "regime_within_regime_percentile": 0.004090973455458879,
  "regime_change_flag": 0.0,
  "time_in_regime_pct": 0.005778090842068195,
  "regime_expected_return_5d": 0.0,
  "regime_median_return_5d": 0.0,
  "regime_return_std_5d": 0.0,
  "regime_prob_up_5d": 0.0,
  "regime_vol_of_vol": 0.0,
  "regime_spike_prob": 0.0028804760426282884,
  "regime_prob_stay": 0.0,
  "regime_prob_crisis": 0.0,
  "regime_prob_elevated": 0.0,
  "spx_ret_1d": 0.005073071038350463,
  "spx_ret_5d": 0.005836813151836396,
  "spx_ret_10d": 0.004634095495566726,
  "spx_ret_21d": 0.0029640504624694588,
  "spx_ret_63d": 0.005244217533618212,
  "spx_vs_ma20": 0.006152799911797046,
  "spx_vs_ma50": 0.008554179500788451,
  "spx_vs_ma200": 0.007350653875619173,
  "spx_momentum_z_10d": 0.004392629861831665,
  "spx_momentum_z_21d": 0.0028062527999281883,
  "spx_realized_vol_10d": 0.007408555131405592,
  "spx_realized_vol_21d": 0.006674941722303629,
  "spx_realized_vol_63d": 0.007065733056515455,
  "spx_vol_ratio_10_21": 0.005037801153957844,
  "spx_vol_ratio_10_63": 0.005606403574347496,
  "spx_skew_21d": 0.005111515009775758,
  "spx_kurt_21d": 0.005434210505336523,
  "bb_position_20d": 0.005934602022171021,
  "bb_width_20d": 0.004611065145581961,
  "rsi_14": 0.007634600531309843,
  "rsi_regime": 0.0,
  "rsi_divergence": 0.004074932681396604,
  "macd": 0.005564820114523172,
  "macd_signal": 0.006263702921569347,
  "macd_histogram": 0.004483108944259584,
  "adx_14": 0.005377352889627218,
  "trend_strength": 0.004920483799651265,
  "spx_body_size": 0.002323272149078548,
  "spx_range": 0.0037562682293355463,
  "spx_range_pct": 0.005164244584739209,
  "spx_upper_shadow": 0.0012424578424543142,
  "spx_lower_shadow": 0.0022870439104735853,
  "spx_close_position": 0.005018220120109618,
  "spx_body_to_range": 0.0036050057038664817,
  "spx_gap": 0.0013220959110185504,
  "spx_gap_magnitude": 0.003472165297716856,
  "spx_upper_rejection": 0.002539322664961219,
  "spx_lower_rejection": 0.0024098929949104785,
  "spx_range_expansion": 0.003678052360191941,
  "spx_vix_corr_21d": 0.004248848813585937,
  "spx_vix_corr_63d": 0.00470710702938959,
  "spx_vix_corr_126d": 0.004722880944609642,
  "vix_vs_rv_10d": 0.006656058551743627,
  "vix_rv_ratio_10d": 0.004507202515378594,
  "vix_vs_rv_21d": 0.005061451718211174,
  "vix_rv_ratio_21d": 0.006598437856882811,
  "SKEW": 0.0,
  "skew_regime": 0.0,
  "skew_vs_vix": 0.0,
  "skew_vix_ratio": 0.003038026485592127,
  "skew_displacement": 0.000761888362467289,
  "pc_equity_inst_divergence": 0.0008530696853995323,
  "pcc_accel_10d": 0.0009322811849415303,
  "COR1M": 0.002069499529898167,
  "COR1M_change_21d": 0.0006657626014202833,
  "COR1M_zscore_63d": 0.0005435588303953409,
  "COR3M": 0.002057871129363775,
  "COR3M_change_21d": 0.002504561096429825,
  "COR3M_zscore_63d": 0.0,
  "cor_term_structure": 0.0007368969731032848,
  "cor_term_slope_change_21d": 0.0018804392777383328,
  "VXTH": 0.001817723223939538,
  "VXTH_change_21d": 0.0005926982033997774,
  "VXTH_zscore_63d": 0.0,
  "vxth_vix_ratio": 0.0020600879564881326,
  "VXTLT": 0.0056512984447181225,
  "VXTLT_change_21d": 0.0018111132318153977,
  "VXTLT_zscore_63d": 0.0027437520446255805,
  "VXTLT_velocity_10d": 0.0048167884349823,
  "VXTLT_acceleration_5d": 0.004310367582365871,
  "bond_vol_regime": 0.0,
  "vxtlt_vix_ratio": 0.006256846664473415,
  "vxtlt_vix_spread": 0.008498184056952596,
  "VXTLT_percentile_63d": 0.006836162880063057,
  "VXTLT_percentile_126d": 0.005282243620604277,
  "VXTLT_percentile_252d": 0.0051346327876672145,
  "VXTLT_vs_ma21": 0.0032394779846072197,
  "VXTLT_vs_ma63": 0.0032226645387709143,
  "cboe_stress_composite": 0.0039314548950642346,
  "cboe_stress_regime": 0.0,
  "VX1-VX2": 0.0037415830418467523,
  "VX1-VX2_change_21d": 0.003930689720436931,
  "VX1-VX2_zscore_63d": 0.004337495006620884,
  "VX1-VX2_percentile_63d": 0.0007119848392903805,
  "VX2-VX1_RATIO": 0.0019320971798151732,
  "VX2-VX1_RATIO_velocity_10d": 0.005033226730301976,
  "vx_term_structure_regime": 0.0,
  "vx_curve_acceleration": 0.007563345972448588,
  "vx_term_structure_divergence": 0.0016223502112552523,
  "CL1-CL2": 0.005456558149307966,
  "CL1-CL2_velocity_5d": 0.002176287514157593,
  "CL1-CL2_zscore_63d": 0.00511263133957982,
  "oil_term_regime": 0.0011496616527438164,
  "crude_oil_ret_10d": 0.00808355798944831,
  "crude_oil_ret_21d": 0.005118207167834043,
  "crude_oil_ret_63d": 0.006399432756006717,
  "crude_oil_vol_21d": 0.005358427157625556,
  "crude_oil_zscore_63d": 0.006072999723255634,
  "DX1-DX2": 0.0029027172713540494,
  "DX1-DX2_velocity_5d": 0.004890594631433487,
  "DX1-DX2_zscore_63d": 0.005017062276601791,
  "dxy_ret_10d": 0.00661091385409236,
  "dxy_ret_21d": 0.0055747365579009054,
  "dxy_ret_63d": 0.004398616682738066,
  "dxy_vs_ma50": 0.005525786196812987,
  "dxy_vs_ma200": 0.005288988631218672,
  "dxy_vol_21d": 0.0053104867693036795,
  "vx_crude_corr_21d": 0.004731581825762987,
  "vx_crude_divergence": 0.0037702808156609537,
  "vx_dollar_corr_21d": 0.004614357324317098,
  "dollar_crude_corr_21d": 0.004241042118519544,
  "spx_vx_spread_corr_21d": 0.004434650484472513,
  "spx_dollar_corr_21d": 0.003909997455775738,
  "initial_claims": 0.005038747284561396,
  "claims_4wk_ma": 0.005709353554993868,
  "claims_velocity_4w": 0.003459102939814329,
  "claims_zscore_52w": 0.005742095876485109,
  "claims_percentile_52w": 0.00621207021176815,
  "claims_regime": 0.0,
  "claims_velocity_zscore": 0.00470390785485506,
  "fin_stress_index": 0.002190956106642261,
  "stress_velocity_4w": 0.005293308757245541,
  "stress_zscore_52w": 0.005005680816248059,
  "stress_extreme": 0.0013204810209572315,
  "stress_regime": 0.0,
  "hy_spread": 0.006743413489311933,
  "hy_velocity_21d": 0.0035713785793632267,
  "hy_zscore_252d": 0.004972638934850693,
  "hy_bb_spread": 0.005482266843318939,
  "hy_bb_velocity_21d": 0.0058436047751456496,
  "hy_b_spread": 0.005240668449550867,
  "hy_b_velocity_21d": 0.0030279356986284258,
  "hy_ccc_spread": 0.004749939311295748,
  "hy_ccc_velocity_21d": 0.004620419605635107,
  "credit_quality_spread": 0.00425756573677063,
  "credit_widening_regime": 0.002174884360283613,
  "ig_hy_spread": 0.00555493151769042,
  "credit_stress_composite": 0.005379437119700015,
  "sofr": 0.0,
  "sofr_ff_spread": 0.0,
  "funding_stress": 0.0,
  "funding_stress_zscore": 0.0008060743100941181,
  "funding_stress_regime": 0.0,
  "sofr_velocity_5d": 0.00018522841855883598,
  "yield_10y2y": 0.0,
  "yield_10y2y_zscore": 0.0,
  "yield_10y3m": 0.0044351393356919285,
  "yield_2y3m": 0.0,
  "yield_5y2y": 0.0,
  "yield_30y10y": 0.005556359421461821,
  "yield_10y2y_velocity_10d": 0.0,
  "yield_10y2y_velocity_21d": 0.0,
  "yield_10y2y_velocity_63d": 0.0,