{
  "10y_vol_63d": 0.003250519372522831,
  "30y_vol_63d": 0.004433913249522447,
  "6m_vol_63d_fred": 0.0054563373327255246,
  "CL1-CL2": 0.0039052439853549,
  "CL1-CL2_velocity_5d": 0.0029545053374022247,
  "CL1-CL2_zscore_63d": 0.003320423886179924,
  "Gold_lag1": 0.003272851323708892,
  "Gold_zscore_63d": 0.004976327484473586,
  "SKEW": 0.0034814491402357815,
  "SKEW_extreme_low_252d": 0.0005431918893009424,
  "SKEW_extreme_low_63d": 0.004482128052040934,
  "SKEW_jerk_5d": 0.002778253424912691,
  "SKEW_momentum_regime": 0.004503554012626409,
  "SKEW_percentile_126d": 0.0034609869122505187,
  "SKEW_percentile_21d": 0.002698802365921438,
  "SKEW_percentile_252d": 0.003885573334991932,
  "SKEW_percentile_63d": 0.0034649241250008346,
  "SKEW_percentile_velocity": 0.003187922667711973,
  "VXTH": 0.0022936177905648948,
  "VXTH_change_21d": 0.003160944301635027,
  "VXTH_zscore_63d": 0.0022902011405676603,
  "VXTLT": 0.0016563722863793373,
  "VXTLT_acceleration_5d": 0.0009919056668877602,
  "VXTLT_change_21d": 0.0016759758815169334,
  "VXTLT_percentile_126d": 0.001960966270416975,
  "VXTLT_percentile_252d": 0.0017131070606410503,
  "VXTLT_percentile_63d": 0.0013444417156279088,
  "VXTLT_velocity_10d": 0.0015633659437298774,
  "VXTLT_vs_ma21": 0.0007899625925347209,
  "VXTLT_vs_ma63": 0.0027968211565166713,
  "VXTLT_zscore_63d": 0.0016085569746792316,
  "adx_14": 0.00451188962906599,
  "bb_position_20d": 0.003647084580734372,
  "bb_width_20d": 0.0031661084620282056,
  "bond_vol_regime": 0.0,
  "cboe_stress_composite": 0.0012693004216998815,
  "cboe_stress_regime": 0.0,
  "claims_4wk_ma": 0.004894805885851383,
  "claims_percentile_52w": 0.00406444757245481,
  "claims_regime": 0.0,
  "claims_velocity_4w": 0.00424464768730104,
  "claims_velocity_zscore": 0.003921075537800789,
  "claims_zscore_52w": 0.003994665574282408,
  "correlation_regime": 0.0,
  "credit_quality_spread": 0.004131787782534957,
  "credit_stress_composite": 0.005245200637727976,
  "credit_vol_divergence": 0.0035337137524038553,
  "credit_vol_stress_composite": 0.003967832727357745,
  "credit_widening_regime": 0.0022655438166111707,
  "cross_asset_vol_cluster": 0.00022381623275578023,
  "crude_oil_ret_10d": 0.004275955958291888,
  "crude_oil_ret_21d": 0.003546633152291179,
  "crude_oil_ret_63d": 0.005969442427158356,
  "crude_oil_vol_21d": 0.0038506998214870693,
  "crude_oil_vol_21d_log": 0.005120179266668856,
  "crude_oil_zscore_63d": 0.004601455433294177,
  "day_of_month": 0.0053304524160921575,
  "day_of_week": 0.0025190095184370875,
  "days_in_regime": 0.004125843103975057,
  "equity_vol_corr_breakdown": 0.004100028937682509,
  "equity_vol_divergence": 0.0033601011615246533,
  "fin_stress_index": 0.00321113639511168,
  "gold_ret_10d": 0.003953030286356807,
  "gold_ret_21d": 0.004250653507187963,
  "gold_ret_63d": 0.004154624324291945,
  "gold_spx_divergence": 0.0032305557746440173,
  "hy_b_spread": 0.0034805845003575086,
  "hy_b_velocity_21d": 0.0033297014888375998,
  "hy_bb_spread": 0.00584664884954691,
  "hy_bb_velocity_21d": 0.004142263252288103,
  "hy_ccc_spread": 0.00451240218244493,
  "hy_ccc_velocity_21d": 0.003032044926658273,
  "hy_spread": 0.008966770861297846,
  "hy_velocity_21d": 0.0038556020706892015,
  "hy_zscore_252d": 0.0040353194810450075,
  "ig_hy_spread": 0.006860520504415035,
  "initial_claims": 0.003779323631897569,
  "is_earnings_heavy": 0.0,
  "is_fomc_period": 0.0016346820630133152,
  "is_opex_week": 0.002090762695297599,
  "liquidity_regime": 0.0,
  "liquidity_stress_composite": 0.005558548308908939,
  "macd": 0.003301483951508999,
  "macd_histogram": 0.003541524102911353,
  "macd_signal": 0.004877975257113576,
  "month": 0.005892267543822527,
  "oil_term_regime": 0.00037500881589949133,
  "regime_change_flag": 0.0005479978397488594,
  "regime_distance_to_boundary": 0.0033403579611331223,
  "regime_expected_return_5d": 0.0006449964828789234,
  "regime_median_return_5d": 0.0,
  "regime_prob_crisis": 0.0,
  "regime_prob_elevated": 0.001714351586997509,
  "regime_prob_stay": 0.0,
  "regime_prob_up_5d": 0.0,
  "regime_return_std_5d": 0.0,
  "regime_spike_prob": 0.0013871962437406182,
  "regime_transition_risk": 0.0031791550107300283,
  "regime_vol_of_vol": 0.0,
  "regime_within_regime_percentile": 0.0034166529309004544,
  "reversion_strength_21d": 0.00314760091714561,
  "reversion_strength_63d": 0.0047878225333988665,
  "risk_premium_extreme_low_252d": 0.0019694697111845016,
  "risk_premium_extreme_low_63d": 0.00017013793112710118,
  "risk_premium_ma21": 0.004355663666501641,
  "risk_premium_percentile_126d": 0.002823798498138785,
  "risk_premium_percentile_21d": 0.0034128047060221433,
  "risk_premium_percentile_252d": 0.004875784693285823,
  "risk_premium_percentile_63d": 0.004085069056600332,
  "risk_premium_percentile_velocity": 0.003529579471796751,
  "risk_premium_regime": 0.0038313083350658417,
  "risk_premium_velocity": 0.004383060010150075,
  "risk_premium_zscore": 0.0052263555116951466,
  "rsi_14": 0.006469063926488161,
  "rsi_divergence": 0.003843801282346249,
  "rsi_regime": 0.0003350741695612669,
  "skew_displacement": 0.0036548332776874305,
  "skew_regime": 0.0,
  "skew_vix_ratio": 0.006389869470149278,
  "skew_vs_vix": 0.0042346899397671224,
  "spx_body_size": 0.0022144309943541883,
  "spx_body_to_range": 0.0023655839962884785,
  "spx_close_position": 0.002735673729330301,
  "spx_gap": 0.0026404012460261583,
  "spx_gap_extreme_flag": 0.0007319531869143248,
  "spx_gap_magnitude": 0.0025787019170820714,
  "spx_gap_magnitude_extreme_flag": 0.0021267902106046678,
  "spx_kurt_21d": 0.004369297623634338,
  "spx_lag1": 0.0036114318994805218,
  "spx_lower_rejection": 0.0026243920205160976,
  "spx_lower_shadow": 0.002051731152459979,
  "spx_momentum_z_10d": 0.003164937999099493,
  "spx_momentum_z_21d": 0.0031690125353634356,
  "spx_range": 0.003229301911778748,
  "spx_range_expansion": 0.0020159742794930934,
  "spx_range_pct": 0.00272561889141798,
  "spx_realized_vol_10d": 0.0036680261138826607,
  "spx_realized_vol_21d": 0.006309960037469864,
  "spx_realized_vol_21d_acceleration_5d": 0.003275198815390468,
  "spx_realized_vol_21d_log": 0.0031163319246843455,
  "spx_realized_vol_21d_velocity_3d": 0.00274573415517807,
  "spx_realized_vol_63d": 0.004113320028409362,
  "spx_realized_vol_63d_x_regime_0": 0.0034689188469201326,
  "spx_realized_vol_63d_x_regime_1": 0.004450884228572249,
  "spx_realized_vol_63d_x_regime_2": 0.00196918398141861,
  "spx_realized_vol_63d_x_regime_3": 0.0,
  "spx_ret_10d": 0.003969698259606957,
  "spx_ret_1d": 0.003349461406469345,
  "spx_ret_21d": 0.0033226344967260957,
  "spx_ret_5d": 0.0038488041143864395,
  "spx_ret_5d_regime_adj": 0.003604850685223937,
  "spx_ret_63d": 0.00418295175768435,
  "spx_skew_21d": 0.004248531628400087,
  "spx_upper_rejection": 0.0024295578245073558,
  "spx_upper_shadow": 0.0024814917240291836,
  "spx_vix_corr_126d": 0.00435061096213758,
  "spx_vix_corr_21d": 0.003897296590730548,
  "spx_vix_corr_63d": 0.004544627852737904,
  "spx_vol_ratio_10_21": 0.0036589426919817923,
  "spx_vol_ratio_10_63": 0.0039004468359053134,
  "spx_vs_ma20": 0.004429297614842653,
  "spx_vs_ma200": 0.004253156529739499,
  "spx_vs_ma50": 0.004389575682580471,
  "stress_extreme": 0.001420109998434782,
  "stress_regime": 0.0,
  "stress_velocity_4w": 0.0034026648383587597,
  "stress_zscore_52w": 0.004098583851009608,
  "time_in_regime_pct": 0.004058015812188387,
  "trend_regime": 0.0,
  "trend_strength": 0.0029628488468006254,
  "vix1m_vix3m_ratio": 0.00527016595005989,
  "vix3m_vix6m_ratio": 0.003612641058862209,
  "vix_accel_5d": 0.004281431064009666,
  "vix_accel_5d_extreme_flag": 0.0020123075461015104,
  "vix_bb_position_20d": 0.004809966636821627,
  "vix_extreme_low_21d": 0.0008165204781107605,
  "vix_extreme_low_252d": 0.00278744138777256,
  "vix_extreme_low_63d": 0.0005767716560512781,
  "vix_jerk_5d": 0.0033547709230333568,
  "vix_momentum_regime": 0.00044586206786334515,
  "vix_momentum_z_10d": 0.003220397932454944,