{
  "spx_lag1": 0.001165228511672467,
  "vix_ret_1d": 0.0007261018152348697,
  "vix_ret_5d": 0.0014118626480922104,
  "vix_ret_10d": 0.0014088202151469886,
  "vix_ret_21d": 0.0013808518706355244,
  "vix_vol_10d": 0.0044446412939578295,
  "vix_vol_21d": 0.0024894239846616983,
  "vix_vol_63d": 0.0032936073374003174,
  "vix_velocity_5d": 0.005528740235604346,
  "vix_velocity_10d": 0.007028497895225883,
  "vix_velocity_21d": 0.0024135434767231347,
  "vix_vs_ma10": 0.004239770397543907,
  "vix_vs_ma21": 0.00398981508333236,
  "vix_vs_ma63": 0.006757536856457591,
  "vix_vs_ma252": 0.0031614908948540688,
  "vix_zscore_21d": 0.001850354706402868,
  "vix_zscore_63d": 0.0034422128461301326,
  "vix_zscore_252d": 0.008982280269265175,
  "vix_momentum_z_10d": 0.0026962576594087295,
  "vix_momentum_z_21d": 0.0022465626476332544,
  "vix_accel_5d": 0.003612785367295146,
  "vix_stretch_ma21": 0.0019336617318913341,
  "vix_stretch_ma63": 0.0019033781252801418,
  "reversion_strength_21d": 0.004322268179384992,
  "reversion_strength_63d": 0.005151451472193003,
  "vix_bb_position_20d": 0.005687716556712985,
  "vix_extreme_low_21d": 0.0,
  "vix_regime": 4.25503880251199e-05,
  "days_in_regime": 0.012908725440502167,
  "regime_distance_to_boundary": 0.004846065677702427,
  "regime_within_regime_percentile": 0.002010294795036316,
  "regime_change_flag": 0.0,
  "time_in_regime_pct": 0.01071656970307231,
  "regime_expected_return_5d": 0.0,
  "regime_median_return_5d": 0.0,
  "regime_return_std_5d": 0.0,
  "regime_prob_up_5d": 0.0,
  "regime_vol_of_vol": 0.0,
  "regime_spike_prob": 8.443235419690609e-05,
  "regime_prob_stay": 0.0,
  "regime_prob_crisis": 0.0,
  "regime_prob_elevated": 0.0,
  "vix1m_vix3m_ratio": 0.010438119620084762,
  "vix_term_slope_short": 0.02118856618180871,
  "vix_term_slope_velocity_21d": 0.0019909181399270894,
  "vix_term_ratio_zscore_63d": 0.003572495607659221,
  "vix3m_vix6m_ratio": 0.002650656783953309,
  "vix_term_slope_long": 0.004523661849088967,
  "vix_term_curvature": 0.0022953090956434608,
  "vix_term_curvature_zscore": 0.002865203469991684,
  "spx_ret_1d": 0.0011150787817314268,
  "spx_ret_5d": 0.007454908173531294,
  "spx_ret_10d": 0.002142365323379636,
  "spx_ret_21d": 0.005295361974276602,
  "spx_ret_63d": 0.002574504679068923,
  "spx_vs_ma20": 0.014000276476144791,
  "spx_vs_ma50": 0.004836888099089265,
  "spx_vs_ma200": 0.0034552684519439936,
  "spx_momentum_z_10d": 0.0026572244009003044,
  "spx_momentum_z_21d": 0.003576678317040205,
  "spx_realized_vol_10d": 0.0040627167909406126,
  "spx_realized_vol_21d": 0.005129713681526482,
  "spx_realized_vol_63d": 0.0061366591602563855,
  "spx_vol_ratio_10_21": 0.0041750337230041625,
  "spx_vol_ratio_10_63": 0.005092039797455072,
  "spx_skew_21d": 0.003755965828895569,
  "spx_kurt_21d": 0.0030996093526482584,
  "bb_position_20d": 0.005704469187185169,
  "bb_width_20d": 0.006268395646475256,
  "rsi_14": 0.0032693981658667324,
  "rsi_regime": 0.0003067628014832735,
  "rsi_divergence": 0.0027817223221063615,
  "macd": 0.003939188225194812,
  "macd_signal": 0.006292846240103245,
  "macd_histogram": 0.0034197767497971656,
  "adx_14": 0.0025816708337515594,
  "trend_strength": 0.0030520503874868154,
  "spx_body_size": 0.001618616166524589,
  "spx_range": 0.000988617306575179,
  "spx_range_pct": 0.0014825633028522135,
  "spx_upper_shadow": 0.0007051837630569935,
  "spx_lower_shadow": 0.0015426156111061572,
  "spx_close_position": 0.0016164213884621859,
  "spx_body_to_range": 0.0011818799655884504,
  "spx_gap": 0.0030376821989193557,
  "spx_gap_magnitude": 0.0019463717006146907,
  "spx_upper_rejection": 0.0009890803601592779,
  "spx_lower_rejection": 0.0009718685992993415,
  "spx_range_expansion": 0.00188840915216133,
  "spx_vix_corr_21d": 0.0035599493654444813,
  "spx_vix_corr_63d": 0.00626362026669085,
  "spx_vix_corr_126d": 0.0036051466129720213,
  "vix_vs_rv_10d": 0.003650649287737906,
  "vix_rv_ratio_10d": 0.004177377047017217,
  "vix_vs_rv_21d": 0.008966995496302843,
  "vix_rv_ratio_21d": 0.006180351693183183,
  "SKEW": 0.002721740212291479,
  "skew_regime": 0.0,
  "skew_vs_vix": 0.0023863781709223984,
  "skew_vix_ratio": 0.0020412568468600512,
  "skew_displacement": 0.0016879420727491379,
  "pc_equity_inst_divergence": 0.0010509651037864387,
  "pcc_accel_10d": 0.0016606804449111224,
  "COR1M": 0.0037782212719321253,
  "COR1M_change_21d": 0.0010627985000610351,
  "COR1M_zscore_63d": 0.0014948627213016152,
  "COR3M": 0.0019335573073476554,
  "COR3M_change_21d": 0.0028165765572339295,
  "COR3M_zscore_63d": 0.002399023622274399,
  "cor_term_structure": 0.0006313917925581336,
  "cor_term_slope_change_21d": 0.0016838180366903544,
  "VXTH": 0.0035542380879633128,
  "VXTH_change_21d": 0.0023939591832458974,
  "VXTH_zscore_63d": 0.0018715040292590856,
  "vxth_vix_ratio": 0.0008963582920841872,
  "VXTLT": 0.004759458964690566,
  "VXTLT_change_21d": 0.0027506762649863957,
  "VXTLT_zscore_63d": 0.003120104316622019,
  "VXTLT_velocity_10d": 0.005208623874932527,
  "VXTLT_acceleration_5d": 0.00262815672904253,
  "bond_vol_regime": 0.0,
  "vxtlt_vix_ratio": 0.002494615816976875,
  "vxtlt_vix_spread": 0.010026352945715189,
  "VXTLT_percentile_63d": 0.0024900561897084118,
  "VXTLT_percentile_126d": 0.0036181621020659805,
  "VXTLT_percentile_252d": 0.004588546184822917,
  "VXTLT_vs_ma21": 0.007181944604963064,
  "VXTLT_vs_ma63": 0.00272783488035202,
  "cboe_stress_composite": 0.001575133390724659,
  "cboe_stress_regime": 0.0,
  "vx_contango_pct": 0.0038523722905665636,
  "vx_contango_5d_change": 0.001876611087936908,
  "vx_contango_zscore": 0.002686022745911032,
  "vx1_return_5d": 0.0007948210928589106,
  "vx2_return_5d": 0.0018310845363885165,
  "vx_curve_2_1_ratio": 0.0,
  "vx_curve_3_2_ratio": 0.002305142558179796,
  "vx_curve_4_3_ratio": 0.003666665032505989,
  "vx_curve_steepness": 0.001942450599744916,
  "vx_oi_front_concentration": 0.0036807631142437456,
  "vx_oi_imbalance": 0.00022455684375017882,
  "vx_oi_5d_change": 0.002972353063523769,
  "vx_oi_zscore_63d": 0.0031138882506638764,
  "vx_oi_surge": 0.005748626589775085,
  "vx_churn_ratio": 0.005178912589326501,
  "vx_churn_zscore_63d": 0.00046699350350536405,
  "vx_roll_yield_annualized": 0.004437572555616498,
  "vx_roll_cost_5d": 0.005337036773562431,
  "vx_roll_yield_zscore_63d": 0.0036951075308024883,
  "vx_momentum_5d": 0.0,
  "vx_momentum_zscore": 0.00022227796725928783,
  "CL1-CL2": 0.006627579219639301,
  "CL1-CL2_velocity_5d": 0.00218104082159698,
  "CL1-CL2_zscore_63d": 0.004202944110147655,
  "oil_term_regime": 0.0,
  "crude_oil_ret_10d": 0.002948131039738655,
  "crude_oil_ret_21d": 0.005408958625048399,
  "crude_oil_ret_63d": 0.005511017516255379,
  "crude_oil_vol_21d": 0.005268001835793257,
  "crude_oil_zscore_63d": 0.0034052202943712475,
  "DX1-DX2": 0.0017554223071783782,
  "DX1-DX2_velocity_5d": 0.002418367308564484,
  "DX1-DX2_zscore_63d": 0.0029478058218955993,
  "dxy_ret_10d": 0.0039317034650594,
  "dxy_ret_21d": 0.004673805041238666,
  "dxy_ret_63d": 0.0027818252332508565,
  "dxy_vs_ma50": 0.004217563662678003,
  "dxy_vs_ma200": 0.004342226404696703,
  "dxy_vol_21d": 0.0035194708965718747,
  "dollar_crude_corr_21d": 0.0034925656393170355,
  "spx_dollar_corr_21d": 0.003061808459460735,
  "initial_claims": 0.004568392038345337,
  "claims_4wk_ma": 0.003744965046644211,
  "claims_velocity_4w": 0.0029908098746091127,
  "claims_zscore_52w": 0.0036377958953380586,
  "claims_percentile_52w": 0.004965052427724004,
  "claims_regime": 0.0,
  "claims_velocity_zscore": 0.003897603356745094,
  "fin_stress_index": 0.007602731254883111,
  "stress_velocity_4w": 0.002176466048695147,
  "stress_zscore_52w": 0.004295711312443018,
  "stress_extreme": 0.00029899238143116236,
  "stress_regime": 0.0,
  "hy_spread": 0.006410265510203317,
  "hy_velocity_21d": 0.005968969338573516,
  "hy_zscore_252d": 0.012122864741832018,
  "hy_bb_spread": 0.004055176500696689,
  "hy_bb_velocity_21d": 0.0035539860371500255,
  "hy_b_spread": 0.003854530514217913,