{
  "spx_lag1": 0.0008396634424570948,
  "vix_ret_1d": 0.00035482425009831787,
  "vix_ret_5d": 0.0010351818753406405,
  "vix_ret_10d": 0.0010450235917232932,
  "vix_ret_21d": 0.001170838240068406,
  "vix_vol_10d": 0.002474919008091092,
  "vix_vol_21d": 0.0026935977628454568,
  "vix_vol_63d": 0.002585244970396161,
  "vix_velocity_5d": 0.004848334030248225,
  "vix_velocity_10d": 0.0018212444032542408,
  "vix_velocity_21d": 0.0028049306711182,
  "vix_vs_ma10": 0.007882393896579742,
  "vix_vs_ma21": 0.0033185235923156144,
  "vix_vs_ma63": 0.0042549899313598875,
  "vix_vs_ma252": 0.0027927137445658444,
  "vix_zscore_21d": 0.0019219761481508613,
  "vix_zscore_63d": 0.002228406397625804,
  "vix_zscore_252d": 0.004292585793882609,
  "vix_momentum_z_10d": 0.002332760929130018,
  "vix_momentum_z_21d": 0.002603930956684053,
  "vix_accel_5d": 0.0020773117896169422,
  "vix_stretch_ma21": 0.0023303070804104207,
  "vix_stretch_ma63": 0.002684069983661175,
  "reversion_strength_21d": 0.00347338835708797,
  "reversion_strength_63d": 0.004310669051483274,
  "vix_bb_position_20d": 0.0037075589178130032,
  "vix_extreme_low_21d": 0.0001217865734361112,
  "vix_regime": 0.00041421201603952795,
  "days_in_regime": 0.013324339408427477,
  "regime_distance_to_boundary": 0.0022226444212719797,
  "regime_within_regime_percentile": 0.002392514841631055,
  "regime_change_flag": 5.4690497927367686e-05,
  "time_in_regime_pct": 0.005683386558666825,
  "regime_expected_return_5d": 0.0,
  "regime_median_return_5d": 0.0,
  "regime_return_std_5d": 0.0,
  "regime_prob_up_5d": 0.0,
  "regime_vol_of_vol": 0.0,
  "regime_spike_prob": 0.001066136872395873,
  "regime_prob_stay": 0.0,
  "regime_prob_crisis": 0.0,
  "regime_prob_elevated": 7.070045976433902e-05,
  "vix1m_vix3m_ratio": 0.004127624188549816,
  "vix_term_slope_short": 0.004630104452371597,
  "vix_term_slope_velocity_21d": 0.0019099729950539767,
  "vix_term_ratio_zscore_63d": 0.0037730732932686807,
  "vix3m_vix6m_ratio": 0.0023209880804643036,
  "vix_term_slope_long": 0.0021787199191749098,
  "vix_term_curvature": 0.0018940489273518324,
  "vix_term_curvature_zscore": 0.0016990010626614094,
  "spx_ret_1d": 0.0012282815645448864,
  "spx_ret_5d": 0.004375812644138932,
  "spx_ret_10d": 0.0022514618001878263,
  "spx_ret_21d": 0.002973031369037926,
  "spx_ret_63d": 0.003956831665709615,
  "spx_vs_ma20": 0.0036051589297130702,
  "spx_vs_ma50": 0.0031388434115797283,
  "spx_vs_ma200": 0.005159672815352678,
  "spx_momentum_z_10d": 0.0022811602568253873,
  "spx_momentum_z_21d": 0.002520312229171395,
  "spx_realized_vol_10d": 0.0027010601479560137,
  "spx_realized_vol_21d": 0.00423577013425529,
  "spx_realized_vol_63d": 0.003503049165010452,
  "spx_vol_ratio_10_21": 0.003684814693406224,
  "spx_vol_ratio_10_63": 0.007355732284486294,
  "spx_skew_21d": 0.003935208031907678,
  "spx_kurt_21d": 0.002781167556531727,
  "bb_position_20d": 0.0030144789488986135,
  "bb_width_20d": 0.004601548751816153,
  "rsi_14": 0.0025030730292201044,
  "rsi_regime": 0.000375300832092762,
  "rsi_divergence": 0.002912158379331231,
  "macd": 0.0034830539487302305,
  "macd_signal": 0.004198920540511608,
  "macd_histogram": 0.002919046441093087,
  "adx_14": 0.0029026634991168978,
  "trend_strength": 0.004430329101160169,
  "spx_body_size": 0.0008408622757997364,
  "spx_range": 0.0011928219348192215,
  "spx_range_pct": 0.0013851424097083508,
  "spx_upper_shadow": 0.001328241836745292,
  "spx_lower_shadow": 0.00130674890242517,
  "spx_close_position": 0.0016046550939790905,
  "spx_body_to_range": 0.001265408331528306,
  "spx_gap": 0.001306495093740523,
  "spx_gap_magnitude": 0.001805901899933815,
  "spx_upper_rejection": 0.001166014780756086,
  "spx_lower_rejection": 0.0008021617541089654,
  "spx_range_expansion": 0.0017279322491958737,
  "spx_vix_corr_21d": 0.003221144201233983,
  "spx_vix_corr_63d": 0.003241668874397874,
  "spx_vix_corr_126d": 0.0033564041834324597,
  "vix_vs_rv_10d": 0.005383022036403418,
  "vix_rv_ratio_10d": 0.005477410275489092,
  "vix_vs_rv_21d": 0.004753773007541895,
  "vix_rv_ratio_21d": 0.00507916365750134,
  "SKEW": 0.001272843568585813,
  "skew_regime": 0.0,
  "skew_vs_vix": 0.002707306016236544,
  "skew_vix_ratio": 0.001355496421456337,
  "skew_displacement": 0.0015204251511022448,
  "pc_equity_inst_divergence": 0.0004913040669634938,
  "pcc_accel_10d": 0.001359219616279006,
  "COR1M": 0.002145650703459978,
  "COR1M_change_21d": 0.0010938317514955997,
  "COR1M_zscore_63d": 0.0013905123807489872,
  "COR3M": 0.002020589867606759,
  "COR3M_change_21d": 0.00179184228181839,
  "COR3M_zscore_63d": 0.0010505744256079196,
  "cor_term_structure": 0.0011690311599522828,
  "cor_term_slope_change_21d": 0.0014379319734871387,
  "VXTH": 0.001870819926261902,
  "VXTH_change_21d": 0.0015676659531891346,
  "VXTH_zscore_63d": 0.0023433180525898934,
  "vxth_vix_ratio": 0.0009455135790631175,
  "VXTLT": 0.006188444886356592,
  "VXTLT_change_21d": 0.0024750259006395938,
  "VXTLT_zscore_63d": 0.002926429221406579,
  "VXTLT_velocity_10d": 0.0036937505938112736,
  "VXTLT_acceleration_5d": 0.0018172292970120908,
  "bond_vol_regime": 0.00023367256508208812,
  "vxtlt_vix_ratio": 0.0024707872653380036,
  "vxtlt_vix_spread": 0.005019593238830567,
  "VXTLT_percentile_63d": 0.003664411371573806,
  "VXTLT_percentile_126d": 0.006238401308655739,
  "VXTLT_percentile_252d": 0.003864782047457993,
  "VXTLT_vs_ma21": 0.003719314490444958,
  "VXTLT_vs_ma63": 0.003967417357489467,
  "cboe_stress_composite": 0.004670861212071031,
  "cboe_stress_regime": 0.0,
  "vx_contango_pct": 0.005651084799319505,
  "vx_contango_5d_change": 0.001640114514157176,
  "vx_contango_zscore": 0.0017589227762073278,
  "vx1_return_5d": 0.001143461582250893,
  "vx2_return_5d": 0.0021326685324311256,
  "vx_curve_2_1_ratio": 0.0024684637784957884,
  "vx_curve_3_2_ratio": 0.0014958472223952413,
  "vx_curve_4_3_ratio": 0.0028733547776937486,
  "vx_curve_steepness": 0.005321986973285675,
  "vx_oi_front_concentration": 0.0040806357748806475,
  "vx_oi_imbalance": 0.0014947880699764937,
  "vx_oi_5d_change": 0.0032147939782589674,
  "vx_oi_zscore_63d": 0.0015915480442345142,
  "vx_oi_surge": 0.003201603330671787,
  "vx_churn_ratio": 0.0025047947652637958,
  "vx_churn_zscore_63d": 0.0011647262843325734,
  "vx_roll_yield_annualized": 0.0027414968935772777,
  "vx_roll_cost_5d": 0.0025817272253334522,
  "vx_roll_yield_zscore_63d": 0.00451014144346118,
  "vx_momentum_5d": 0.0018659538589417934,
  "vx_momentum_zscore": 0.0008605035371147096,
  "CL1-CL2": 0.00401339577510953,
  "CL1-CL2_velocity_5d": 0.0019464656244963408,
  "CL1-CL2_zscore_63d": 0.003114736033603549,
  "oil_term_regime": 0.003575994074344635,
  "crude_oil_ret_10d": 0.003617243282496929,
  "crude_oil_ret_21d": 0.002783910930156708,
  "crude_oil_ret_63d": 0.007630734890699387,
  "crude_oil_vol_21d": 0.003569242497906089,
  "crude_oil_zscore_63d": 0.00353426574729383,
  "DX1-DX2": 0.0016078504617325962,
  "DX1-DX2_velocity_5d": 0.0017556505044922233,
  "DX1-DX2_zscore_63d": 0.0020639647264033556,
  "dxy_ret_10d": 0.00441476171836257,
  "dxy_ret_21d": 0.00339799877256155,
  "dxy_ret_63d": 0.003459087572991848,
  "dxy_vs_ma50": 0.004835307132452726,
  "dxy_vs_ma200": 0.005635487008839845,
  "dxy_vol_21d": 0.003319931169971824,
  "dollar_crude_corr_21d": 0.002906663715839386,
  "spx_dollar_corr_21d": 0.003755516745150089,
  "initial_claims": 0.0047555391676723955,
  "claims_4wk_ma": 0.004552932758815587,
  "claims_velocity_4w": 0.005008102487772703,
  "claims_zscore_52w": 0.0036541472654789686,
  "claims_percentile_52w": 0.003862637490965426,
  "claims_regime": 0.0,
  "claims_velocity_zscore": 0.00406790291890502,
  "fin_stress_index": 0.005310357012785971,
  "stress_velocity_4w": 0.003615456912666559,
  "stress_zscore_52w": 0.002479432988911867,
  "stress_extreme": 0.0030357133597135543,
  "stress_regime": 0.000279567128745839,
  "hy_spread": 0.00408426767680794,
  "hy_velocity_21d": 0.004445233987644315,
  "hy_zscore_252d": 0.004790705628693104,