{
  "correlation_threshold": 0.9,
  "n_removed_correlation": 5,
  "n_samples": 4755,
  "n_selected": 31,
  "random_state": 42,
  "target_type": "down",
  "top_10_features": [
    "vix_velocity_5d_regime_adj",
    "dxy_zscore_21d",
    "rsi_14",
    "vix_velocity_5d_x_regime_0",
    "skew_vix_ratio_percentile_252d",
    "skew_vix_ratio",
    "dxy_velocity_10d",
    "spx_ret_5d",
    "vix_vs_ma63",
    "vix_vs_ma10"
  ],
  "top_10_importance": [
    0.0070368628017604355,
    0.005979447392746806,
    0.005400404240936041,
    0.005319302296265959,
    0.005183647945523262,
    0.004689267836511135,
    0.004523057350888848,
    0.004449636675417423,
    0.0043178484309464695,
    0.004297957988455892
  ],
  "top_n": 31
}