{
  "spx_lag1": 0.0051391877233982084,
  "vix_ret_1d": 0.0029325946466997265,
  "vix_ret_5d": 0.0032961566699668764,
  "vix_ret_10d": 0.004276003316044807,
  "vix_ret_21d": 0.004271950479596854,
  "vix_vol_10d": 0.005122230015695095,
  "vix_vol_21d": 0.0046985547989606856,
  "vix_vol_63d": 0.004347488610073924,
  "vix_velocity_5d": 0.005629026517271996,
  "vix_velocity_10d": 0.003002473688684404,
  "vix_velocity_21d": 0.002426966279745102,
  "vix_vs_ma10": 0.007301839767023921,
  "vix_vs_ma21": 0.0043948165141046045,
  "vix_vs_ma63": 0.005825267499312758,
  "vix_vs_ma252": 0.004904955066740513,
  "vix_zscore_21d": 0.004433169914409518,
  "vix_zscore_63d": 0.005291290208697319,
  "vix_zscore_252d": 0.006907259300351143,
  "vix_momentum_z_10d": 0.0032531559001654385,
  "vix_momentum_z_21d": 0.0028643273748457433,
  "vix_accel_5d": 0.004882268002256751,
  "vix_stretch_ma21": 0.0035508135333657265,
  "vix_stretch_ma63": 0.00470801661722362,
  "reversion_strength_21d": 0.003317430941388011,
  "reversion_strength_63d": 0.006969864945858717,
  "vix_bb_position_20d": 0.0032463127048686148,
  "vix_extreme_low_21d": 0.0,
  "vix_regime": 0.0,
  "days_in_regime": 0.006021327432245016,
  "regime_distance_to_boundary": 0.004616866912692785,
  "regime_within_regime_percentile": 0.004424927150830626,
  "regime_change_flag": 0.0,
  "time_in_regime_pct": 0.004387270007282495,
  "regime_expected_return_5d": 0.0,
  "regime_median_return_5d": 0.0,
  "regime_return_std_5d": 0.0,
  "regime_prob_up_5d": 0.0,
  "regime_vol_of_vol": 0.0,
  "regime_spike_prob": 0.0005325892008841038,
  "regime_prob_stay": 0.0,
  "regime_prob_crisis": 0.0,
  "regime_prob_elevated": 0.0,
  "vix1m_vix3m_ratio": 0.008195265475660563,
  "vix_term_slope_short": 0.003521847119554877,
  "vix_term_slope_velocity_21d": 0.004499691352248192,
  "vix_term_ratio_zscore_63d": 0.006195454206317663,
  "vix3m_vix6m_ratio": 0.004311215737834573,
  "vix_term_slope_long": 0.002998346835374832,
  "vix_term_curvature": 0.0029507454484701155,
  "vix_term_curvature_zscore": 0.0038693456910550593,
  "spx_ret_1d": 0.003046983294188976,
  "spx_ret_5d": 0.004950976604595781,
  "spx_ret_10d": 0.00401894892565906,
  "spx_ret_21d": 0.004423204762861133,
  "spx_ret_63d": 0.004713527765125037,
  "spx_vs_ma20": 0.004665556456893682,
  "spx_vs_ma50": 0.006966329831629992,
  "spx_vs_ma200": 0.004960803361609578,
  "spx_momentum_z_10d": 0.003483061771839857,
  "spx_momentum_z_21d": 0.00425592502579093,
  "spx_realized_vol_10d": 0.004285346763208508,
  "spx_realized_vol_21d": 0.005760664865374565,
  "spx_realized_vol_63d": 0.005917744571343064,
  "spx_vol_ratio_10_21": 0.004225795017555356,
  "spx_vol_ratio_10_63": 0.004575443780049681,
  "spx_skew_21d": 0.004698152793571353,
  "spx_kurt_21d": 0.0030206307768821717,
  "bb_position_20d": 0.0048871173989027735,
  "bb_width_20d": 0.004552277224138379,
  "rsi_14": 0.005292456410825252,
  "rsi_regime": 0.0,
  "rsi_divergence": 0.0045303365681320425,
  "macd": 0.005716822668910026,
  "macd_signal": 0.004679483827203512,
  "macd_histogram": 0.003555664839223027,
  "adx_14": 0.004827970918267965,
  "trend_strength": 0.0038181666284799578,
  "spx_body_size": 0.0017410729473340326,
  "spx_range": 0.0038153421599417927,
  "spx_range_pct": 0.004858433967456222,
  "spx_upper_shadow": 0.0021832078928127885,
  "spx_lower_shadow": 0.0022911457577720284,
  "spx_close_position": 0.003634112700819969,
  "spx_body_to_range": 0.002251082635484636,
  "spx_gap": 0.0020502090803347526,
  "spx_gap_magnitude": 0.0020665479823946953,
  "spx_upper_rejection": 0.0024018789175897838,
  "spx_lower_rejection": 0.002271316130645573,
  "spx_range_expansion": 0.0024663406889885663,
  "spx_vix_corr_21d": 0.0043717748019844295,
  "spx_vix_corr_63d": 0.0050045264884829525,
  "spx_vix_corr_126d": 0.004916770569980145,
  "vix_vs_rv_10d": 0.005993535369634628,
  "vix_rv_ratio_10d": 0.004148506373167038,
  "vix_vs_rv_21d": 0.004862008523195982,
  "vix_rv_ratio_21d": 0.005238545453175902,
  "SKEW": 0.0,
  "skew_regime": 0.0,
  "skew_vs_vix": 0.0008880577515810728,
  "skew_vix_ratio": 0.0017959842458367347,
  "skew_displacement": 0.0013462200295180082,
  "pc_equity_inst_divergence": 0.000571196572855115,
  "pcc_accel_10d": 0.0005388670135289431,
  "COR1M": 0.0018316246569156647,
  "COR1M_change_21d": 0.001205902360379696,
  "COR1M_zscore_63d": 0.0004974540323019027,
  "COR3M": 0.0018448567017912865,
  "COR3M_change_21d": 0.0012688819784671067,
  "COR3M_zscore_63d": 0.0005148833617568016,
  "cor_term_structure": 0.0011167502962052822,
  "cor_term_slope_change_21d": 0.0020784382708370686,
  "VXTH": 0.0016160582192242146,
  "VXTH_change_21d": 0.0005851524882018566,
  "VXTH_zscore_63d": 0.0010461541824042797,
  "vxth_vix_ratio": 0.000910262018442154,
  "VXTLT": 0.0037945385091006758,
  "VXTLT_change_21d": 0.0028463044203817845,
  "VXTLT_zscore_63d": 0.002900825068354607,
  "VXTLT_velocity_10d": 0.004486656608060002,
  "VXTLT_acceleration_5d": 0.003952896827831865,
  "bond_vol_regime": 0.0,
  "vxtlt_vix_ratio": 0.004407829558476806,
  "vxtlt_vix_spread": 0.004739347379654646,
  "VXTLT_percentile_63d": 0.003669885639101267,
  "VXTLT_percentile_126d": 0.005353642627596855,
  "VXTLT_percentile_252d": 0.0047096691094338896,
  "VXTLT_vs_ma21": 0.0031269333325326444,
  "VXTLT_vs_ma63": 0.004651474696584046,
  "cboe_stress_composite": 0.003405093913897872,
  "cboe_stress_regime": 0.0,
  "vx_contango_pct": 0.0002583145163953304,
  "vx_contango_5d_change": 0.0014268326573073863,
  "vx_contango_zscore": 0.0003559065517038107,
  "vx1_return_5d": 0.0017720116302371025,
  "vx2_return_5d": 0.00048793088644742965,
  "vx_curve_2_1_ratio": 0.0,
  "vx_curve_3_2_ratio": 0.001555350236594677,
  "vx_curve_4_3_ratio": 0.0020279768854379655,
  "vx_curve_steepness": 0.0013141796458512544,
  "vx_oi_front_concentration": 0.00298563321121037,
  "vx_oi_imbalance": 0.0021163590252399446,
  "vx_oi_5d_change": 0.0023350376170128582,
  "vx_oi_zscore_63d": 0.0016660581342875958,
  "vx_oi_surge": 0.0015309045556932688,
  "vx_churn_ratio": 0.0028772067278623583,
  "vx_churn_zscore_63d": 0.0013014780357480048,
  "vx_roll_yield_annualized": 0.0012062492780387402,
  "vx_roll_cost_5d": 0.002732522692531347,
  "vx_roll_yield_zscore_63d": 0.0020404065027832983,
  "vx_momentum_5d": 0.0,
  "vx_momentum_zscore": 0.0015747310593724252,
  "CL1-CL2": 0.0043021326418966055,
  "CL1-CL2_velocity_5d": 0.0036332489922642707,
  "CL1-CL2_zscore_63d": 0.0046662803739309314,
  "oil_term_regime": 0.0007113179191946984,
  "crude_oil_ret_10d": 0.007335872109979391,
  "crude_oil_ret_21d": 0.005004814034327865,
  "crude_oil_ret_63d": 0.006735982932150364,
  "crude_oil_vol_21d": 0.004978904686868191,
  "crude_oil_zscore_63d": 0.00524802845902741,
  "DX1-DX2": 0.0036909799091517925,
  "DX1-DX2_velocity_5d": 0.0027270710561424494,
  "DX1-DX2_zscore_63d": 0.003323393827304244,
  "dxy_ret_10d": 0.0067266632802784445,
  "dxy_ret_21d": 0.004816992906853557,
  "dxy_ret_63d": 0.003752571903169155,
  "dxy_vs_ma50": 0.004819250851869583,
  "dxy_vs_ma200": 0.004917907761409879,
  "dxy_vol_21d": 0.0036635511554777623,
  "dollar_crude_corr_21d": 0.0039180459454655646,
  "spx_dollar_corr_21d": 0.004027794627472758,
  "initial_claims": 0.004436811897903681,
  "claims_4wk_ma": 0.004688541451469064,
  "claims_velocity_4w": 0.004356532078236342,
  "claims_zscore_52w": 0.00535929980687797,
  "claims_percentile_52w": 0.004944518767297268,
  "claims_regime": 0.0,
  "claims_velocity_zscore": 0.0038342494517564774,
  "fin_stress_index": 0.004366975603625178,
  "stress_velocity_4w": 0.004212130955420434,
  "stress_zscore_52w": 0.004558135662227869,
  "stress_extreme": 0.0008585277944803237,
  "stress_regime": 0.0,
  "hy_spread": 0.005179235409013927,
  "hy_velocity_21d": 0.0038341245148330928,
  "hy_zscore_252d": 0.005026087025180459,
  "hy_bb_spread": 0.006171738822013139,
  "hy_bb_velocity_21d": 0.004031524807214737,
  "hy_b_spread": 0.00518038896843791,
  "hy_b_velocity_21d": 0.0039198942016810175,