{
  "correlation_threshold": 0.8925,
  "n_removed_correlation": 33,
  "n_samples": 2246,
  "n_selected": 115,
  "random_state": 42,
  "target_type": "expansion",
  "top_10_features": [
    "vix_percentile_126d",
    "days_in_regime",
    "hy_velocity_21d",
    "vx_oi_surge",
    "fin_stress_index",
    "vvix",
    "hy_spread",
    "vix_vol_10d",
    "vvix_vs_ma21",
    "vix1m_vix3m_ratio"
  ],
  "top_10_importance": [
    0.02212080582976341,
    0.01890659863129258,
    0.016583169996738433,
    0.014543055184185505,
    0.013023528922349214,
    0.012801786127965897,
    0.012419370745192282,
    0.010492842411622405,
    0.008632750436663627,
    0.008157677948474884
  ],
  "top_n": 115
}