{
  "spx_lag1": 0.0038320451509207486,
  "vix_ret_1d": 0.00099349984084256,
  "vix_ret_5d": 0.007572382083162665,
  "vix_ret_10d": 0.0028940526535734534,
  "vix_ret_21d": 0.003480716864578426,
  "vix_vol_10d": 0.005862150015309453,
  "vix_vol_21d": 0.006406713463366032,
  "vix_vol_63d": 0.005840994417667389,
  "vix_velocity_5d": 0.015171507187187672,
  "vix_velocity_10d": 0.003351181815378368,
  "vix_velocity_21d": 0.004399565060157329,
  "vix_vs_ma10": 0.013341132178902626,
  "vix_vs_ma21": 0.004155189427547157,
  "vix_vs_ma63": 0.005563392210751772,
  "vix_vs_ma252": 0.005861538276076317,
  "vix_zscore_21d": 0.0016898173722438513,
  "vix_zscore_63d": 0.006707374285906553,
  "vix_zscore_252d": 0.005903580226004124,
  "vix_momentum_z_10d": 0.004315445804968477,
  "vix_momentum_z_21d": 0.0050789993751095604,
  "vix_accel_5d": 0.006935917632654309,
  "vix_stretch_ma21": 0.0031867220532149076,
  "vix_stretch_ma63": 0.0033372136997058986,
  "reversion_strength_21d": 0.002534808125346899,
  "reversion_strength_63d": 0.007409523730166257,
  "vix_bb_position_20d": 0.0015051983762532472,
  "vix_extreme_low_21d": 0.0,
  "vix_regime": 0.00733732832595706,
  "days_in_regime": 0.009620901849120855,
  "regime_distance_to_boundary": 0.0033471606438979506,
  "regime_within_regime_percentile": 0.006690518255345524,
  "regime_change_flag": 0.0,
  "time_in_regime_pct": 0.012553448881953954,
  "regime_expected_return_5d": 0.005460177268832922,
  "regime_median_return_5d": 0.0,
  "regime_return_std_5d": 0.0,
  "regime_prob_up_5d": 0.0,
  "regime_vol_of_vol": 0.0,
  "regime_spike_prob": 0.005113757122308016,
  "regime_prob_stay": 0.0,
  "regime_prob_crisis": 0.0,
  "regime_prob_elevated": 0.0005177919752895832,
  "spx_ret_1d": 0.0016416857484728097,
  "spx_ret_5d": 0.009467278514057398,
  "spx_ret_10d": 0.004825103515759111,
  "spx_ret_21d": 0.00798036907799542,
  "spx_ret_63d": 0.00671179024502635,
  "spx_vs_ma20": 0.00291395909152925,
  "spx_vs_ma50": 0.003966301120817662,
  "spx_vs_ma200": 0.005292781325988471,
  "spx_momentum_z_10d": 0.0008912694873288273,
  "spx_momentum_z_21d": 0.002022388996556401,
  "spx_realized_vol_10d": 0.003820456098765135,
  "spx_realized_vol_21d": 0.005762317986227572,
  "spx_realized_vol_63d": 0.004460765374824404,
  "spx_vol_ratio_10_21": 0.004843214014545083,
  "spx_vol_ratio_10_63": 0.0069117223843932155,
  "spx_skew_21d": 0.004790469305589795,
  "spx_kurt_21d": 0.004827316966839135,
  "bb_position_20d": 0.006922012800350786,
  "bb_width_20d": 0.007379380660131574,
  "rsi_14": 0.006314435857348144,
  "rsi_regime": 0.0,
  "rsi_divergence": 0.008234445156995207,
  "macd": 0.003962624166160822,
  "macd_signal": 0.005113612953573465,
  "macd_histogram": 0.0019347729161381722,
  "adx_14": 0.003955834219232202,
  "trend_strength": 0.0056573208421468735,
  "spx_body_size": 0.0010177907533943653,
  "spx_range": 0.0012836673529818654,
  "spx_range_pct": 0.0009388651698827744,
  "spx_upper_shadow": 0.0028691351879388096,
  "spx_lower_shadow": 0.0027938753599300982,
  "spx_close_position": 0.004757140576839447,
  "spx_body_to_range": 0.0007019589538685977,
  "spx_gap": 0.0012780460994690657,
  "spx_gap_magnitude": 0.000605309713864699,
  "spx_upper_rejection": 0.0002394675277173519,
  "spx_lower_rejection": 0.00038141754921525715,
  "spx_range_expansion": 0.00045945001766085626,
  "spx_vix_corr_21d": 0.0027509387116879227,
  "spx_vix_corr_63d": 0.0044436736032366754,
  "spx_vix_corr_126d": 0.005225996021181345,
  "vix_vs_rv_10d": 0.007941486686468125,
  "vix_rv_ratio_10d": 0.004889003047719598,
  "vix_vs_rv_21d": 0.007973078452050687,
  "vix_rv_ratio_21d": 0.005879774130880833,
  "SKEW": 0.0020665880292654037,
  "skew_regime": 0.0,
  "skew_vs_vix": 0.003724800981581211,
  "skew_vix_ratio": 0.003770417720079422,
  "skew_displacement": 0.0012765024788677693,
  "pc_equity_inst_divergence": 0.000935479419422336,
  "pcc_accel_10d": 0.0015873650088906288,
  "COR1M": 0.0026660153642296793,
  "COR1M_change_21d": 0.0014015507884323597,
  "COR1M_zscore_63d": 0.0,
  "COR3M": 0.0030185162089765073,
  "COR3M_change_21d": 0.001799981715157628,
  "COR3M_zscore_63d": 0.00012300354428589343,
  "cor_term_structure": 0.0,
  "cor_term_slope_change_21d": 0.0023881464265286924,
  "VXTH": 0.0020785827189683916,
  "VXTH_change_21d": 0.0019697790034115315,
  "VXTH_zscore_63d": 0.0,
  "vxth_vix_ratio": 0.0017371907830238341,
  "VXTLT": 0.0074005602858960625,
  "VXTLT_change_21d": 0.005558157339692116,
  "VXTLT_zscore_63d": 0.004624003387289122,
  "VXTLT_velocity_10d": 0.0067929878365248445,
  "VXTLT_acceleration_5d": 0.002131883124820888,
  "bond_vol_regime": 0.0,
  "vxtlt_vix_ratio": 0.0035383082926273347,
  "vxtlt_vix_spread": 0.009592583030462265,
  "VXTLT_percentile_63d": 0.0031557237962260842,
  "VXTLT_percentile_126d": 0.008347224909812212,
  "VXTLT_percentile_252d": 0.005322140920907259,
  "VXTLT_vs_ma21": 0.006356911454349756,
  "VXTLT_vs_ma63": 0.005166980321519077,
  "cboe_stress_composite": 0.010993115417659283,
  "cboe_stress_regime": 0.0,
  "VX1-VX2": 0.002003271412104368,
  "VX1-VX2_change_21d": 0.004681741772219539,
  "VX1-VX2_zscore_63d": 0.0020610404841136186,
  "VX1-VX2_percentile_63d": 0.0010844212491065263,
  "VX2-VX1_RATIO": 0.002800405630841851,
  "VX2-VX1_RATIO_velocity_10d": 0.0034966370556503536,
  "vx_term_structure_regime": 0.0,
  "vx_curve_acceleration": 0.005208017490804196,
  "vx_term_structure_divergence": 0.002838791091926396,
  "CL1-CL2": 0.005270365439355373,
  "CL1-CL2_velocity_5d": 0.0037109927041456105,
  "CL1-CL2_zscore_63d": 0.006932055857032537,
  "oil_term_regime": 0.0,
  "crude_oil_ret_10d": 0.00530898361466825,
  "crude_oil_ret_21d": 0.00509056025184691,
  "crude_oil_ret_63d": 0.010752966441214085,
  "crude_oil_vol_21d": 0.005231516575440765,
  "crude_oil_zscore_63d": 0.004179932991974056,
  "DX1-DX2": 0.003009922383353114,
  "DX1-DX2_velocity_5d": 0.0036107512656599282,
  "DX1-DX2_zscore_63d": 0.0028579550329595805,
  "dxy_ret_10d": 0.006355963461101055,
  "dxy_ret_21d": 0.003760939836502075,
  "dxy_ret_63d": 0.003112985985353589,
  "dxy_vs_ma50": 0.004340777127072215,
  "dxy_vs_ma200": 0.006544905481860042,
  "dxy_vol_21d": 0.001814303989522159,
  "dollar_crude_corr_21d": 0.0028892424423247577,
  "spx_dollar_corr_21d": 0.005710878409445286,
  "initial_claims": 0.004052620590664446,
  "claims_4wk_ma": 0.006216237414628267,
  "claims_velocity_4w": 0.0044824300101026894,
  "claims_zscore_52w": 0.005533106718212366,
  "claims_percentile_52w": 0.007035841513425112,
  "claims_regime": 0.0,
  "claims_velocity_zscore": 0.0053350191563367845,
  "fin_stress_index": 0.006063979817554355,
  "stress_velocity_4w": 0.005766637716442346,
  "stress_zscore_52w": 0.002076477138325572,
  "stress_extreme": 0.0007291866466403007,
  "stress_regime": 0.0,
  "hy_spread": 0.006203613406978547,
  "hy_velocity_21d": 0.005427022278308868,
  "hy_zscore_252d": 0.007799554616212845,
  "hy_bb_spread": 0.0031280114315450193,
  "hy_bb_velocity_21d": 0.0028853717783931645,
  "hy_b_spread": 0.005225560255348682,
  "hy_b_velocity_21d": 0.009581149648874998,
  "hy_ccc_spread": 0.0047594137955456976,
  "hy_ccc_velocity_21d": 0.004071102477610111,
  "credit_quality_spread": 0.005111650936305523,
  "credit_widening_regime": 0.0004685943480581045,
  "ig_hy_spread": 0.0010806377977132797,
  "credit_stress_composite": 0.006415672693401575,
  "sofr": 0.0020046111196279524,
  "sofr_ff_spread": 0.0,
  "funding_stress": 0.0,
  "funding_stress_zscore": 0.0007291002664715051,
  "funding_stress_regime": 0.0,
  "sofr_velocity_5d": 0.0010199557989835739,
  "yield_10y2y": 0.0,
  "yield_10y2y_zscore": 0.0,
  "yield_10y3m": 0.0048914298880845305,
  "yield_2y3m": 0.0,
  "yield_5y2y": 0.0,
  "yield_30y10y": 0.005872582830488682,
  "yield_10y2y_velocity_10d": 0.0,
  "yield_10y2y_velocity_21d": 0.0,
  "yield_10y2y_velocity_63d": 0.0,
  "yield_10y2y_acceleration": 0.0,
  "yield_10y2y_vs_ma63": 0.0,
  "yield_10y2y_percentile_252d": 0.0,
  "yield_10y3m_velocity_10d": 0.003518522996455431,