{
  "correlation_threshold": 0.8925,
  "n_removed_correlation": 29,
  "n_samples": 2613,
  "n_selected": 116,
  "random_state": 42,
  "target_type": "compression",
  "top_10_features": [
    "vix_vs_ma63",
    "regime_median_return_5d",
    "vix_percentile_126d",
    "vix_velocity_5d_regime_adj",
    "vix_vs_ma21",
    "vvix",
    "vix_vel_spx_rv_ratio",
    "liquidity_stress_composite",
    "reversion_strength_63d",
    "vix_vs_rv_21d"
  ],
  "top_10_importance": [
    0.07203406989574432,
    0.04068161249160766,
    0.022448003757745028,
    0.015386929083615542,
    0.015097121987491847,
    0.01278443681076169,
    0.011777122784405947,
    0.010458208573982119,
    0.009232579660601915,
    0.00876851105131209
  ],
  "top_n": 116
}