{
  "10y_vol_63d": 0.0034905663691461087,
  "30y_vol_63d": 0.004966950137168169,
  "6m_vol_63d_fred": 0.005391333112493157,
  "CL1-CL2": 0.0048864600248634815,
  "CL1-CL2_velocity_5d": 0.003223877539858222,
  "CL1-CL2_zscore_63d": 0.0038045752327889202,
  "COR1M": 0.0013721645344048738,
  "COR1M_change_21d": 0.0010738200973719359,
  "COR1M_zscore_63d": 0.0015669610816985368,
  "COR3M": 0.0011556473094969989,
  "COR3M_change_21d": 0.0010283546522259711,
  "COR3M_zscore_63d": 0.0011618198361247778,
  "DX1-DX2": 0.0024326521437615157,
  "DX1-DX2_velocity_5d": 0.00195314921438694,
  "DX1-DX2_zscore_63d": 0.003121846914291382,
  "SKEW": 0.0011234179139137269,
  "SKEW_extreme_low_252d": 0.0,
  "SKEW_extreme_low_63d": 0.0,
  "SKEW_jerk_5d": 0.0009400807321071625,
  "SKEW_momentum_regime": 0.0007630189880728722,
  "SKEW_percentile_126d": 0.0007852920098230243,
  "SKEW_percentile_21d": 0.0008731767535209656,
  "SKEW_percentile_252d": 0.001319813821464777,
  "SKEW_percentile_63d": 0.0012658349238336085,
  "SKEW_percentile_velocity": 0.00098757348023355,
  "VXTH": 0.0017158626578748226,
  "VXTH_change_21d": 0.0018762785941362381,
  "VXTH_zscore_63d": 0.0010347532341256737,
  "VXTLT": 0.004096097219735384,
  "VXTLT_acceleration_5d": 0.00272613069973886,
  "VXTLT_change_21d": 0.0033877193462103607,
  "VXTLT_percentile_126d": 0.003678591689094901,
  "VXTLT_percentile_252d": 0.0031431060517206786,
  "VXTLT_percentile_63d": 0.004844764154404402,
  "VXTLT_velocity_10d": 0.004648491367697715,
  "VXTLT_vs_ma21": 0.0035598566755652428,
  "VXTLT_vs_ma63": 0.003898165002465248,
  "VXTLT_zscore_63d": 0.0033324596006423235,
  "adx_14": 0.0041282840073108675,
  "bb_position_20d": 0.00391218182630837,
  "bb_width_20d": 0.003722947044298053,
  "bond_vol_regime": 0.0,
  "cboe_stress_composite": 0.0023986105341464283,
  "cboe_stress_regime": 0.0,
  "claims_4wk_ma": 0.0046542748808860775,
  "claims_percentile_52w": 0.004169516824185848,
  "claims_regime": 0.0,
  "claims_velocity_4w": 0.003910347912460565,
  "claims_velocity_zscore": 0.00399156641215086,
  "claims_zscore_52w": 0.0034788891207426786,
  "cor_term_slope_change_21d": 0.0005796962417662143,
  "cor_term_structure": 0.001772447256371379,
  "correlation_regime": 0.0,
  "credit_quality_spread": 0.004249108163639903,
  "credit_stress_composite": 0.00465530576184392,
  "credit_vol_divergence": 0.003802093164995313,
  "credit_vol_stress_composite": 0.003989201877266169,
  "credit_widening_regime": 0.002186185959726572,
  "cross_asset_vol_cluster": 0.0009114570450037718,
  "crude_oil_ret_10d": 0.004596914630383253,
  "crude_oil_ret_21d": 0.0034530899953097104,
  "crude_oil_ret_63d": 0.005157012306153774,
  "crude_oil_vol_21d": 0.0038593778386712073,
  "crude_oil_vol_21d_log": 0.0043539479840546845,
  "crude_oil_zscore_63d": 0.004344378737732768,
  "day_of_month": 0.005336747784167528,
  "day_of_week": 0.0016382697387598455,
  "days_in_regime": 0.0041379455476999285,
  "dollar_crude_corr_21d": 0.0035047191195189953,
  "dxy_ret_10d": 0.004808054631575942,
  "dxy_ret_21d": 0.004306881316006183,
  "dxy_ret_63d": 0.004700119607150555,
  "dxy_vol_21d": 0.0037215993739664554,
  "dxy_vol_21d_log": 0.0025045854039490224,
  "dxy_vs_ma200": 0.004208732210099697,
  "dxy_vs_ma50": 0.00502197202295065,
  "equity_vol_corr_breakdown": 0.0030974299646914006,
  "equity_vol_divergence": 0.0032191331032663585,
  "fin_stress_index": 0.003218484064564109,
  "gold_spx_divergence": 0.003331715054810047,
  "hy_b_spread": 0.00483790785074234,
  "hy_b_velocity_21d": 0.0041510761249810455,
  "hy_bb_spread": 0.004816495580598712,
  "hy_bb_velocity_21d": 0.004195735324174166,
  "hy_ccc_spread": 0.0034991177963092923,
  "hy_ccc_velocity_21d": 0.004328943556174636,
  "hy_spread": 0.00623060492798686,
  "hy_velocity_21d": 0.004120900435373187,
  "hy_zscore_252d": 0.003400867013260722,
  "ig_hy_spread": 0.0038668042980134487,
  "initial_claims": 0.004241290874779225,
  "is_earnings_heavy": 0.00028468186501413585,
  "is_fomc_period": 0.0032081441953778268,
  "is_opex_week": 0.0014260649913921952,
  "liquidity_regime": 0.0,
  "liquidity_stress_composite": 0.0032919319346547127,
  "macd": 0.0030349291395395995,
  "macd_histogram": 0.003682594420388341,
  "macd_signal": 0.004808934847824275,
  "month": 0.006462438637390733,
  "oil_term_regime": 0.0017367808148264885,
  "pc_equity_inst_divergence": 0.0012132234871387482,
  "pcc_accel_10d": 0.0008460356621071696,
  "regime_change_flag": 0.0,
  "regime_distance_to_boundary": 0.003969798935577274,
  "regime_expected_return_5d": 0.0,
  "regime_median_return_5d": 0.0,
  "regime_prob_crisis": 0.0,
  "regime_prob_elevated": 0.00043686255812644956,
  "regime_prob_stay": 0.0,
  "regime_prob_up_5d": 0.0,
  "regime_return_std_5d": 0.0,
  "regime_spike_prob": 0.0,
  "regime_transition_risk": 0.0021926070330664515,
  "regime_vol_of_vol": 0.0,
  "regime_within_regime_percentile": 0.002950272522866726,
  "reversion_strength_21d": 0.0036553202196955683,
  "reversion_strength_63d": 0.005016656685620546,
  "risk_premium_extreme_low_252d": 0.0,
  "risk_premium_extreme_low_63d": 0.0004807706456631422,
  "risk_premium_ma21": 0.003993984684348107,
  "risk_premium_percentile_126d": 0.0030976888258010147,
  "risk_premium_percentile_21d": 0.003714204207062721,
  "risk_premium_percentile_252d": 0.00343086258508265,
  "risk_premium_percentile_63d": 0.003900954918935895,
  "risk_premium_percentile_velocity": 0.003097045235335827,
  "risk_premium_regime": 0.0005886461585760117,
  "risk_premium_velocity": 0.004325242666527629,
  "risk_premium_zscore": 0.004765620920807123,
  "rsi_14": 0.006006389576941729,
  "rsi_divergence": 0.0031167533248662948,
  "rsi_regime": 0.001887715607881546,
  "skew_displacement": 0.0011324548162519933,
  "skew_regime": 0.0,
  "skew_vix_ratio": 0.001423898502252996,
  "skew_vs_vix": 0.0013997828122228385,
  "spx_body_size": 0.0019388743210583925,
  "spx_body_to_range": 0.0025664303451776505,
  "spx_close_position": 0.003485031379386783,
  "spx_dollar_corr_21d": 0.00345899173989892,
  "spx_gap": 0.00204898773226887,
  "spx_gap_extreme_flag": 0.0,
  "spx_gap_magnitude": 0.002509404020383954,
  "spx_gap_magnitude_extreme_flag": 0.0020742219407111407,
  "spx_kurt_21d": 0.003523984272032976,
  "spx_lag1": 0.0035931595601141455,
  "spx_lower_rejection": 0.0020739313447847964,
  "spx_lower_shadow": 0.0023417220218107104,
  "spx_momentum_z_10d": 0.0032581742852926254,
  "spx_momentum_z_21d": 0.003261243039742112,
  "spx_range": 0.0027048296295106413,
  "spx_range_expansion": 0.00214389911852777,
  "spx_range_pct": 0.003085481654852629,
  "spx_realized_vol_10d": 0.0037034726701676846,
  "spx_realized_vol_21d": 0.006344176456332206,
  "spx_realized_vol_21d_acceleration_5d": 0.0030188332311809063,
  "spx_realized_vol_21d_log": 0.0023664972744882108,
  "spx_realized_vol_21d_velocity_3d": 0.0031857696827501058,
  "spx_realized_vol_63d": 0.005048829782754183,
  "spx_realized_vol_63d_x_regime_0": 0.005150552559643984,
  "spx_realized_vol_63d_x_regime_1": 0.0033940240275114773,
  "spx_realized_vol_63d_x_regime_2": 0.0032427151454612613,
  "spx_realized_vol_63d_x_regime_3": 0.004054237622767687,
  "spx_ret_10d": 0.0031656332779675723,
  "spx_ret_1d": 0.0032206578645855187,
  "spx_ret_21d": 0.00346756293438375,
  "spx_ret_5d": 0.003997215256094933,
  "spx_ret_5d_regime_adj": 0.0036365204025059937,
  "spx_ret_63d": 0.003918418101966381,
  "spx_skew_21d": 0.003935167286545038,
  "spx_upper_rejection": 0.002413646527566016,
  "spx_upper_shadow": 0.002193988813087344,
  "spx_vix_corr_126d": 0.004190296260640025,
  "spx_vix_corr_21d": 0.0033903706818819044,
  "spx_vix_corr_63d": 0.004480247478932142,
  "spx_vol_ratio_10_21": 0.003931896854192018,
  "spx_vol_ratio_10_63": 0.0032986958511173727,
  "spx_vs_ma20": 0.003544493718072772,
  "spx_vs_ma200": 0.004294199822470546,
  "spx_vs_ma50": 0.003936795331537723,
  "stress_extreme": 0.0007034215144813061,
  "stress_regime": 0.0,
  "stress_velocity_4w": 0.0038544729351997374,