{
  "spx_lag1": 0.005322928167879581,
  "vix_ret_1d": 0.001970752445049584,
  "vix_ret_5d": 0.0064289216883480545,
  "vix_ret_10d": 0.007170083839446307,
  "vix_ret_21d": 0.0022370480932295323,
  "vix_vol_10d": 0.00552312615327537,
  "vix_vol_21d": 0.00749264732003212,
  "vix_vol_63d": 0.006079116836190224,
  "vix_velocity_5d": 0.008117355965077877,
  "vix_velocity_10d": 0.005715177487581968,
  "vix_velocity_21d": 0.004422575375065208,
  "vix_vs_ma10": 0.013228833209723234,
  "vix_vs_ma21": 0.006522753741592169,
  "vix_vs_ma63": 0.007937059830874204,
  "vix_vs_ma252": 0.003925894410349429,
  "vix_zscore_21d": 0.004562995862215757,
  "vix_zscore_63d": 0.007048997562378645,
  "vix_zscore_252d": 0.009388585109263659,
  "vix_momentum_z_10d": 0.0019005774520337582,
  "vix_momentum_z_21d": 0.001396332448348403,
  "vix_accel_5d": 0.007087151892483235,
  "vix_stretch_ma21": 0.002917062141932547,
  "vix_stretch_ma63": 0.005413215886801481,
  "reversion_strength_21d": 0.0038956163451075556,
  "reversion_strength_63d": 0.008506723400205373,
  "vix_bb_position_20d": 0.006408184953033924,
  "vix_extreme_low_21d": 0.0,
  "vix_regime": 0.005249444022774696,
  "days_in_regime": 0.0075830211862921715,
  "regime_distance_to_boundary": 0.005070507060736418,
  "regime_within_regime_percentile": 0.004735898040235042,
  "regime_change_flag": 0.0,
  "time_in_regime_pct": 0.007251716963946819,
  "regime_expected_return_5d": 0.0,
  "regime_median_return_5d": 0.0,
  "regime_return_std_5d": 0.0,
  "regime_prob_up_5d": 0.0,
  "regime_vol_of_vol": 0.0,
  "regime_spike_prob": 0.0011700812727212905,
  "regime_prob_stay": 0.0,
  "regime_prob_crisis": 0.0,
  "regime_prob_elevated": 0.0,
  "spx_ret_1d": 0.005628678994253278,
  "spx_ret_5d": 0.009204740915447474,
  "spx_ret_10d": 0.004349114652723074,
  "spx_ret_21d": 0.002285949233919382,
  "spx_ret_63d": 0.005754802003502845,
  "spx_vs_ma20": 0.00482758719008416,
  "spx_vs_ma50": 0.005277002044022083,
  "spx_vs_ma200": 0.00532243363559246,
  "spx_momentum_z_10d": 0.0049472794402390715,
  "spx_momentum_z_21d": 0.002729811565950513,
  "spx_realized_vol_10d": 0.007047823444008827,
  "spx_realized_vol_21d": 0.005536507564829663,
  "spx_realized_vol_63d": 0.0067384373396635056,
  "spx_vol_ratio_10_21": 0.0049931172281503676,
  "spx_vol_ratio_10_63": 0.005203845375217497,
  "spx_skew_21d": 0.006636560708284378,
  "spx_kurt_21d": 0.003568840678781271,
  "bb_position_20d": 0.008185152430087328,
  "bb_width_20d": 0.0034860710613429545,
  "rsi_14": 0.008817142620682717,
  "rsi_regime": 0.0,
  "rsi_divergence": 0.004570190329104662,
  "macd": 0.00457630380988121,
  "macd_signal": 0.006309217028319836,
  "macd_histogram": 0.006358558218926192,
  "adx_14": 0.0061021029017865654,
  "trend_strength": 0.00684378957375884,
  "spx_body_size": 0.0015272857621312142,
  "spx_range": 0.0038334912387654185,
  "spx_range_pct": 0.005916723608970642,
  "spx_upper_shadow": 0.0021182097494602203,
  "spx_lower_shadow": 0.001711804373189807,
  "spx_close_position": 0.0036366018000990154,
  "spx_body_to_range": 0.002436099573969841,
  "spx_gap": 0.0014784501399844885,
  "spx_gap_magnitude": 0.0015604529064148665,
  "spx_upper_rejection": 0.0016712116310372948,
  "spx_lower_rejection": 0.0004001936060376465,
  "spx_range_expansion": 0.004336122912354768,
  "spx_vix_corr_21d": 0.0038345360662788153,
  "spx_vix_corr_63d": 0.006652691215276718,
  "spx_vix_corr_126d": 0.00509294681251049,
  "vix_vs_rv_10d": 0.0057264486327767376,
  "vix_rv_ratio_10d": 0.00515634841285646,
  "vix_vs_rv_21d": 0.005371413240209222,
  "vix_rv_ratio_21d": 0.005018673371523619,
  "SKEW": 0.0,
  "skew_regime": 0.0,
  "skew_vs_vix": 0.0,
  "skew_vix_ratio": 0.0023298165760934353,
  "skew_displacement": 0.0004629704635590315,
  "pc_equity_inst_divergence": 0.00019637374207377435,
  "pcc_accel_10d": 0.0006982202176004648,
  "COR1M": 0.0017931779846549034,
  "COR1M_change_21d": 0.000650688773021102,
  "COR1M_zscore_63d": 0.00043831304647028445,
  "COR3M": 0.0,
  "COR3M_change_21d": 0.00016684941947460176,
  "COR3M_zscore_63d": 0.0,
  "cor_term_structure": 0.0007191380951553583,
  "cor_term_slope_change_21d": 0.0019695977680385113,
  "VXTH": 0.0008104200474917889,
  "VXTH_change_21d": 0.0,
  "VXTH_zscore_63d": 0.0,
  "vxth_vix_ratio": 0.0009407496079802513,
  "VXTLT": 0.006720582861453295,
  "VXTLT_change_21d": 0.002608032803982496,
  "VXTLT_zscore_63d": 0.0045640098862349985,
  "VXTLT_velocity_10d": 0.005721867550164461,
  "VXTLT_acceleration_5d": 0.005021192273125053,
  "bond_vol_regime": 0.0,
  "vxtlt_vix_ratio": 0.006880099512636661,
  "vxtlt_vix_spread": 0.005474179564043879,
  "VXTLT_percentile_63d": 0.007319168839603663,
  "VXTLT_percentile_126d": 0.005184459243901074,
  "VXTLT_percentile_252d": 0.002790449000895023,
  "VXTLT_vs_ma21": 0.002729852986522019,
  "VXTLT_vs_ma63": 0.005845679808408022,
  "cboe_stress_composite": 0.0028945865109562875,
  "cboe_stress_regime": 0.0,
  "vx1_vx2_spread": 0.0006434434559196234,
  "vx1_vx3_spread": 0.0006006269250065088,
  "vx1_vx4_spread": 0.0,
  "vx1_vx6_spread": 0.000986108835786581,
  "vx2_vx3_spread": 0.0007464282214641571,
  "vx2_vx4_spread": 0.0,
  "vx3_vx6_spread": 0.0025713196955621243,
  "vx_curve_slope": 0.0,
  "vx_curve_curvature": 0.0,
  "vx_curve_skew": 0.0,
  "vx_curve_convexity_ratio": 0.00043968227691948414,
  "vx_near_term_curvature": 0.0,
  "vx_far_term_curvature": 0.001139402948319912,
  "vx_front_vs_back_ratio": 0.0009576929733157158,
  "vx_curve_acceleration_5d": 0.0,
  "vx_spread_zscore_63d": 0.0004124658182263374,
  "vx_curve_volatility_21d": 0.0016680548898875714,
  "vx_spread_percentile_21d": 0.0,
  "vx_spread_percentile_63d": 0.0002950926311314106,
  "vx_spread_percentile_126d": 0.0,
  "vx_spread_velocity_3d": 0.0,
  "vx_spread_velocity_5d": 0.0,
  "vx_spread_velocity_10d": 0.0018016581423580646,
  "vx_contango_flag": 0.0,
  "vx_backwardation_flag": 0.0,
  "vx_steep_contango": 0.0,
  "vx_extreme_backwardation": 0.0,
  "vx_123_slope": 0.0,
  "vx_456_slope": 0.002539579849690199,
  "vx_front_back_divergence": 0.00025965848471969365,
  "vx_roll_yield_daily": 0.0,
  "vx_annualized_roll": 0.0,
  "vx_roll_cost_pct": 0.0,
  "vx_roll_benefit_pct": 0.0,
  "vx_contango_intensity": 0.0,
  "vx_backwardation_intensity": 0.0,
  "vx_carry_zscore_63d": 0.0,
  "vx_carry_percentile_252d": 0.0,
  "vx_theoretical_pnl_5d": 0.0012090354226529597,
  "vx1_open_interest": 0.0,
  "vx2_open_interest": 0.0010559081099927425,
  "vx3_open_interest": 0.0008280508220195771,
  "vx4_open_interest": 0.0007630297448486089,
  "vx5_open_interest": 0.0,
  "vx6_open_interest": 0.001947874203324318,
  "vx_total_oi": 0.0,
  "vx_front_oi_pct": 0.000972023420035839,
  "vx1_oi_change_1d": 0.0005534702911972999,
  "vx1_oi_change_5d": 0.0011517067439854145,
  "vx1_oi_change_10d": 0.0017990284133702517,
  "vx1_oi_zscore_63d": 0.002718606311827898,
  "vx1_oi_percentile_252d": 0.0010301508009433746,
  "vx1_oi_velocity_21d": 0.0011032850481569767,
  "vx_oi_ratio_1_2": 0.0,
  "vx_oi_imbalance": 0.0,
  "vx_oi_ratio_2_3": 0.0020076238550245764,
  "vx_oi_concentration_front3": 0.0024306207895278932,
  "vx_oi_spread_divergence": 0.00037619746290147306,
  "vx_oi_expansion_rate": 0.000609276257455349,
  "vx_oi_surge_flag": 0.0,
  "vx1_volume": 0.0,
  "vx1_volume_ma21": 0.001858287025243044,
  "vx1_volume_surge": 0.0,
  "vx_volume_ratio_1_2": 0.0,
  "vx_total_volume": 0.0,
  "vx_volume_concentration": 0.0,
  "vx1_volume_oi_ratio": 0.003110771253705025,
  "vx1_churn_zscore": 0.0,
  "vx_volume_price_correlation_21d": 0.0012429454363882542,
  "vx1_daily_range": 0.0012020472437143325,
  "vx1_daily_range_pct": 0.0,
  "vx1_atr_14": 0.0011871553026139737,
  "vx1_range_expansion": 0.0,
  "vx1_range_zscore_63d": 0.001443122699856758,
  "vx1_body_pct": 0.00029031303711235523,
  "vx1_upper_shadow": 0.0,
  "vx1_lower_shadow": 0.0,
  "vx1_doji_flag": 0.0,
  "vx1_gap": 0.00015444012824445964,
  "vx1_gap_pct": 0.0,
  "vx1_gap_filled_flag": 0.0,
  "CL1-CL2": 0.005951796006411314,