{
  "spx_lag1": 0.004165711253881455,
  "vix_ret_1d": 0.0025624888949096203,
  "vix_ret_5d": 0.004874864034354687,
  "vix_ret_10d": 0.003191429330036044,
  "vix_ret_21d": 0.002971027046442032,
  "vix_vol_10d": 0.0034347623586654663,
  "vix_vol_21d": 0.00476030302233994,
  "vix_vol_63d": 0.005993485264480114,
  "vix_velocity_5d": 0.006700106849893928,
  "vix_velocity_10d": 0.0038834786042571067,
  "vix_velocity_21d": 0.0030899272300302983,
  "vix_vs_ma10": 0.008154781442135573,
  "vix_vs_ma21": 0.0036134568974375723,
  "vix_vs_ma63": 0.0053667533211410046,
  "vix_vs_ma252": 0.0031155834440141916,
  "vix_zscore_21d": 0.004531774437054992,
  "vix_zscore_63d": 0.003724692203104496,
  "vix_zscore_252d": 0.005190422851592302,
  "vix_momentum_z_10d": 0.003520456701517105,
  "vix_momentum_z_21d": 0.002511712466366589,
  "vix_accel_5d": 0.0033825740683823824,
  "vix_stretch_ma21": 0.0034011592622846367,
  "vix_stretch_ma63": 0.004200651962310076,
  "reversion_strength_21d": 0.004089855914935469,
  "reversion_strength_63d": 0.004147879080846906,
  "vix_bb_position_20d": 0.005031806509941816,
  "vix_extreme_low_21d": 0.0011569226742722094,
  "vix_regime": 0.0003282730467617512,
  "days_in_regime": 0.005298793874680996,
  "regime_distance_to_boundary": 0.0033743338659405707,
  "regime_within_regime_percentile": 0.00325718866661191,
  "regime_change_flag": 0.0,
  "time_in_regime_pct": 0.004310969077050686,
  "regime_expected_return_5d": 0.0,
  "regime_median_return_5d": 0.00038936270866543057,
  "regime_return_std_5d": 0.0,
  "regime_prob_up_5d": 0.0,
  "regime_vol_of_vol": 0.0,
  "regime_spike_prob": 0.0009871065616607667,
  "regime_prob_stay": 0.0,
  "regime_prob_crisis": 0.0,
  "regime_prob_elevated": 0.0,
  "vix1m_vix3m_ratio": 0.0053705951198935505,
  "vix_term_slope_short": 0.0032602161634713413,
  "vix_term_slope_velocity_21d": 0.0030666478211060165,
  "vix_term_ratio_zscore_63d": 0.005903752567246556,
  "vix3m_vix6m_ratio": 0.004127501929178834,
  "vix_term_slope_long": 0.003348905174061656,
  "vix_term_curvature": 0.0029432610608637333,
  "vix_term_curvature_zscore": 0.0023188606137409806,
  "spx_ret_1d": 0.003158376505598426,
  "spx_ret_5d": 0.004195989808067679,
  "spx_ret_10d": 0.0028245824854820968,
  "spx_ret_21d": 0.003618335211649537,
  "spx_ret_63d": 0.0036901249550282955,
  "spx_vs_ma20": 0.003831596951931715,
  "spx_vs_ma50": 0.004281341098248959,
  "spx_vs_ma200": 0.0045372775290161375,
  "spx_momentum_z_10d": 0.002689148299396038,
  "spx_momentum_z_21d": 0.0037353269290179014,
  "spx_realized_vol_10d": 0.0038779960479587315,
  "spx_realized_vol_21d": 0.0067138966172933575,
  "spx_realized_vol_63d": 0.005088759399950504,
  "spx_vol_ratio_10_21": 0.003141315747052431,
  "spx_vol_ratio_10_63": 0.0038651406299322843,
  "spx_skew_21d": 0.004440094530582428,
  "spx_kurt_21d": 0.003421700373291969,
  "bb_position_20d": 0.003268473967909813,
  "bb_width_20d": 0.003568550804629922,
  "rsi_14": 0.006095930840820074,
  "rsi_regime": 0.0,
  "rsi_divergence": 0.0037100879941135644,
  "macd": 0.003275550459511578,
  "macd_signal": 0.004298224113881588,
  "macd_histogram": 0.00388740417547524,
  "adx_14": 0.0037708086892962456,
  "trend_strength": 0.00417785276658833,
  "spx_body_size": 0.002342445706017315,
  "spx_range": 0.0028345020487904548,
  "spx_range_pct": 0.0032279350329190493,
  "spx_upper_shadow": 0.0022982430877164007,
  "spx_lower_shadow": 0.0020602081436663865,
  "spx_close_position": 0.002799266600050032,
  "spx_body_to_range": 0.0020172304939478636,
  "spx_gap": 0.0024799996986985206,
  "spx_gap_magnitude": 0.0026808387134224176,
  "spx_upper_rejection": 0.002408179501071572,
  "spx_lower_rejection": 0.0025211327243596315,
  "spx_range_expansion": 0.002102689631283283,
  "spx_vix_corr_21d": 0.0034667060244828463,
  "spx_vix_corr_63d": 0.004068313864991069,
  "spx_vix_corr_126d": 0.003267605067230761,
  "vix_vs_rv_10d": 0.0043788927141577005,
  "vix_rv_ratio_10d": 0.003734611161053181,
  "vix_vs_rv_21d": 0.003992465510964394,
  "vix_rv_ratio_21d": 0.0040698203723877665,
  "SKEW": 0.0010870959144085647,
  "skew_regime": 0.0,
  "skew_vs_vix": 0.0011819784063845872,
  "skew_vix_ratio": 0.0013034721370786429,
  "skew_displacement": 0.0012740754056721926,
  "pc_equity_inst_divergence": 0.0009831342846155166,
  "pcc_accel_10d": 0.0010119265876710414,
  "COR1M": 0.0014013240579515696,
  "COR1M_change_21d": 0.0011592616327106952,
  "COR1M_zscore_63d": 0.001132829673588276,
  "COR3M": 0.001411829749122262,
  "COR3M_change_21d": 0.001186385191977024,
  "COR3M_zscore_63d": 0.0009738718625158071,
  "cor_term_structure": 0.001499311113730073,
  "cor_term_slope_change_21d": 0.0020304230973124506,
  "VXTH": 0.0012997252866625785,
  "VXTH_change_21d": 0.0016348643694072962,
  "VXTH_zscore_63d": 0.0012288557831197978,
  "vxth_vix_ratio": 0.0021905313711613416,
  "VXTLT": 0.004600914008915424,
  "VXTLT_change_21d": 0.003423548676073551,
  "VXTLT_zscore_63d": 0.003318141447380185,
  "VXTLT_velocity_10d": 0.004330701101571322,
  "VXTLT_acceleration_5d": 0.0027991668321192265,
  "bond_vol_regime": 8.763726218603551e-05,
  "vxtlt_vix_ratio": 0.004148745303973555,
  "vxtlt_vix_spread": 0.005675696441903711,
  "VXTLT_percentile_63d": 0.003373338095843792,
  "VXTLT_percentile_126d": 0.004026358248665929,
  "VXTLT_percentile_252d": 0.0023073637392371895,
  "VXTLT_vs_ma21": 0.003429058054462075,
  "VXTLT_vs_ma63": 0.0028927905950695276,
  "cboe_stress_composite": 0.004573442321270704,
  "cboe_stress_regime": 0.0011199526488780975,
  "vx_contango_pct": 0.0019951128400862218,
  "vx_contango_5d_change": 0.001473617134615779,
  "vx_contango_zscore": 0.0013387572485953569,
  "vx1_return_5d": 0.0022743514738976954,
  "vx2_return_5d": 0.0015450812876224517,
  "vx_curve_2_1_ratio": 0.00270105330273509,
  "vx_curve_3_2_ratio": 0.0016394981648772955,
  "vx_curve_4_3_ratio": 0.002526705339550972,
  "vx_curve_steepness": 0.0023761225864291193,
  "vx_oi_front_concentration": 0.0022174191195517778,
  "vx_oi_imbalance": 0.001799002895131707,
  "vx_oi_5d_change": 0.0021015606354922054,
  "vx_oi_zscore_63d": 0.002198060322552919,
  "vx_oi_surge": 0.002061311062425375,
  "vx_churn_ratio": 0.0032247606199234725,
  "vx_churn_zscore_63d": 0.001841488853096962,
  "vx_roll_yield_annualized": 0.002361447084695101,
  "vx_roll_cost_5d": 0.0004302911926060915,
  "vx_roll_yield_zscore_63d": 0.0019240444526076317,
  "vx_momentum_5d": 0.0009262022562325001,
  "vx_momentum_zscore": 0.0012890223879367113,
  "CL1-CL2": 0.004132207715883851,
  "CL1-CL2_velocity_5d": 0.0028103216085582972,
  "CL1-CL2_zscore_63d": 0.003246016940101981,
  "oil_term_regime": 0.0,
  "crude_oil_ret_10d": 0.00530454064719379,
  "crude_oil_ret_21d": 0.0030095827532932162,
  "crude_oil_ret_63d": 0.0045591761823743585,
  "crude_oil_vol_21d": 0.004584185918793083,
  "crude_oil_zscore_63d": 0.004373024450615048,
  "DX1-DX2": 0.0026091091334819795,
  "DX1-DX2_velocity_5d": 0.002844145754352212,
  "DX1-DX2_zscore_63d": 0.0030760020483285187,
  "dxy_ret_10d": 0.005281148804351687,
  "dxy_ret_21d": 0.0043629468884319065,
  "dxy_ret_63d": 0.004240084858611226,
  "dxy_vs_ma50": 0.004825698724016547,
  "dxy_vs_ma200": 0.003895557764917612,
  "dxy_vol_21d": 0.003068360034376383,
  "dollar_crude_corr_21d": 0.003749189944937825,
  "spx_dollar_corr_21d": 0.003473412711173296,
  "initial_claims": 0.004854488046839833,
  "claims_4wk_ma": 0.003730978863313794,
  "claims_velocity_4w": 0.004387127794325351,
  "claims_zscore_52w": 0.004291714262217283,
  "claims_percentile_52w": 0.0039467703551054,
  "claims_regime": 0.0,
  "claims_velocity_zscore": 0.003951032971963286,
  "fin_stress_index": 0.0031645318027585744,
  "stress_velocity_4w": 0.0032254242803901436,
  "stress_zscore_52w": 0.004519228124991059,
  "stress_extreme": 0.0012172763701528311,
  "stress_regime": 0.0,
  "hy_spread": 0.005150605970993638,
  "hy_velocity_21d": 0.00348494672216475,
  "hy_zscore_252d": 0.003827497293241322,
  "hy_bb_spread": 0.003985952818766236,