{
  "fitted": true,
  "timestamp": "2025-11-17T14:28:58.155046",
  "config": {
    "min_samples": 50,
    "use_robust": true,
    "cohort_specific": true,
    "regime_specific": true
  },
  "statistics": {
    "global": {
      "samples": 371,
      "mae_before": 9.427613768989414,
      "mae_after": 8.515988522932467,
      "improvement_pct": 9.669734764226211,
      "mean_error": -2.664879697505732
    },
    "cohort_fomc_period": {
      "samples": 214,
      "mae_before": 9.65628502173462,
      "mae_after": 7.986081139977782,
      "improvement_pct": 17.29654704679387,
      "mean_error": -4.493181444175403
    },
    "cohort_opex_week": {
      "samples": 63,
      "mae_before": 7.230654065929825,
      "mae_after": 6.931676718955075,
      "improvement_pct": 4.134858952573916,
      "mean_error": -0.6622262285566671
    },
    "cohort_mid_cycle": {
      "samples": 82,
      "mae_before": 10.27522704857853,
      "mae_after": 10.07547229263496,
      "improvement_pct": 1.9440422581338994,
      "mean_error": 1.4603544612743953
    },
    "regime_low": {
      "samples": 193,
      "mae_before": 8.228270593639893,
      "mae_after": 6.529595889456189,
      "improvement_pct": 20.644370950764646,
      "mean_error": -2.224511802206546
    },
    "regime_normal": {
      "samples": 175,
      "mae_before": 10.684092996383399,
      "mae_after": 10.106637906165053,
      "improvement_pct": 5.404811530691616,
      "mean_error": -2.9683850319616276
    }
  },
  "models": {
    "global": true,
    "cohorts": [
      "fomc_period",
      "opex_week",
      "mid_cycle"
    ],
    "regimes": [
      "low",
      "normal"
    ]
  },
  "overall_improvement": 9.669734764226211,
  "training_samples": 371,
  "bias_correction": -2.664879697505732
}