{
  "fitted": true,
  "calibration_date": "2025-12-03T00:00:00",
  "window_days": 700,
  "decay_lambda": 0.125,
  "min_samples": 50,
  "corrections": {
    "regime_cohort": {
      "low_vol_fomc_period": -2.491295169767063,
      "normal_fomc_period": 6.194000606811261,
      "normal_mid_cycle": 11.598724145284567
    },
    "regime": {
      "low_vol": -0.4092431868077725,
      "normal": 5.704888571273408
    },
    "cohort": {
      "fomc_period": 2.280938060509795,
      "opex_week": -5.497333802232389,
      "mid_cycle": 6.80030593418689
    },
    "global": 2.1074146231683986
  }
}