{
  "fitted": true,
  "calibration_date": "2025-11-05T00:00:00",
  "window_days": 252,
  "decay_lambda": 0.125,
  "min_samples": 50,
  "corrections": {
    "regime_cohort": {
      "normal_fomc_period": 5.157715866767657
    },
    "regime": {
      "low_vol": 7.22240599155352,
      "normal": 1.3658752226451103
    },
    "cohort": {
      "fomc_period": 3.1003533315706684,
      "mid_cycle": 0.3443088197860389
    },
    "global": 0.1195305993139224
  }
}