{
  "fitted": true,
  "calibration_date": "2025-11-05T00:00:00",
  "window_days": 252,
  "decay_lambda": 0.125,
  "min_samples": 50,
  "corrections": {
    "regime_cohort": {
      "normal_fomc_period": 4.46811713762483
    },
    "regime": {
      "low_vol": 3.968003570335024,
      "normal": 1.0990267677044367
    },
    "cohort": {
      "fomc_period": 2.1947065474675216,
      "mid_cycle": 0.4325528811245894
    },
    "global": -0.31660406951814635
  }
}