{
  "fitted": true,
  "calibration_date": "2025-11-05T00:00:00",
  "window_days": 252,
  "decay_lambda": 0.125,
  "min_samples": 50,
  "corrections": {
    "regime_cohort": {
      "normal_fomc_period": 7.029791844710847
    },
    "regime": {
      "low_vol": 7.548041962143857,
      "normal": 3.527040410178633
    },
    "cohort": {
      "fomc_period": 4.811087813924074,
      "mid_cycle": 2.621414122256831
    },
    "global": 2.180610485609156
  }
}