{
  "fitted": true,
  "calibration_date": "2025-11-26T00:00:00",
  "window_days": 700,
  "decay_lambda": 0.125,
  "min_samples": 50,
  "corrections": {
    "regime_cohort": {
      "low_vol_fomc_period": 1.9421583955277384,
      "normal_fomc_period": 13.301822340544367,
      "normal_mid_cycle": 14.872163213401677
    },
    "regime": {
      "low_vol": 4.379339102968947,
      "normal": 10.783533919069772
    },
    "cohort": {
      "fomc_period": 8.124220802098911,
      "opex_week": -4.847352539048553,
      "mid_cycle": 10.556828222847175
    },
    "global": 6.55609899079138
  }
}