{
  "fitted": true,
  "calibration_date": "2025-11-19T00:00:00",
  "window_days": 500,
  "decay_lambda": 0.125,
  "min_samples": 50,
  "corrections": {
    "regime_cohort": {
      "normal_fomc_period": 5.770129914149352,
      "normal_mid_cycle": 7.289122526593903
    },
    "regime": {
      "normal": 4.106804622197515,
      "low_vol": 7.783311306466152
    },
    "cohort": {
      "fomc_period": 3.81521235339994,
      "mid_cycle": 4.305589109080492
    },
    "global": 2.5169300354812143
  }
}