{
  "fitted": true,
  "calibration_date": "2025-11-25T00:00:00",
  "window_days": 500,
  "decay_lambda": 0.125,
  "min_samples": 50,
  "corrections": {
    "regime_cohort": {
      "normal_fomc_period": 8.86786721536494,
      "normal_mid_cycle": 12.686709673523358
    },
    "regime": {
      "normal": 7.375566446504481,
      "low_vol": 2.7285910858420044
    },
    "cohort": {
      "opex_week": -5.084996760011674,
      "fomc_period": 4.956179812697266,
      "mid_cycle": 8.24896211420156
    },
    "global": 4.030105697887341
  }
}