{
  "fitted": true,
  "calibration_date": "2025-11-05T00:00:00",
  "window_days": 252,
  "decay_lambda": 0.125,
  "min_samples": 50,
  "corrections": {
    "regime_cohort": {
      "normal_fomc_period": 6.031556659044257
    },
    "regime": {
      "low_vol": 5.238149033840913,
      "normal": 2.688213783781533
    },
    "cohort": {
      "fomc_period": 3.1727138612753123,
      "mid_cycle": 0.8721303952402855
    },
    "global": 0.625655403824027
  }
}