{
  "fitted": true,
  "calibration_date": "2025-12-03T00:00:00",
  "window_days": 700,
  "decay_lambda": 0.125,
  "min_samples": 50,
  "corrections": {
    "regime_cohort": {
      "low_vol_fomc_period": -2.0388638482245423,
      "normal_fomc_period": 3.9096683807505848
    },
    "regime": {
      "low_vol": 0.719976915015215,
      "normal": 4.531221101206032
    },
    "cohort": {
      "fomc_period": 0.27579311294199393,
      "opex_week": -7.735488230584525,
      "mid_cycle": 8.83280790669372
    },
    "global": 0.9510235715862176
  }
}