{
  "fitted": true,
  "calibration_date": "2025-12-03T00:00:00",
  "window_days": 700,
  "decay_lambda": 0.125,
  "min_samples": 50,
  "corrections": {
    "regime_cohort": {
      "low_vol_fomc_period": 0.4052378956132544,
      "normal_fomc_period": 10.389909969183348,
      "normal_mid_cycle": 13.603518745878675
    },
    "regime": {
      "low_vol": 2.659067685610907,
      "normal": 8.934893391306138
    },
    "cohort": {
      "fomc_period": 5.984714279555321,
      "opex_week": -4.407073391917133,
      "mid_cycle": 9.094593771071136
    },
    "global": 5.032207879452883
  }
}