{
  "fitted": true,
  "calibration_date": "2025-12-03T00:00:00",
  "window_days": 700,
  "decay_lambda": 0.125,
  "min_samples": 50,
  "corrections": {
    "regime_cohort": {
      "low_vol_fomc_period": -2.1196058268663545,
      "normal_fomc_period": 7.483429019482739,
      "normal_mid_cycle": 11.090138386062591
    },
    "regime": {
      "low_vol": -0.32515681028642857,
      "normal": 5.931001825656609
    },
    "cohort": {
      "fomc_period": 2.878625333777349,
      "opex_week": -7.632357581898205,
      "mid_cycle": 6.164922288185453
    },
    "global": 1.9157512670269778
  }
}