{
  "fitted": true,
  "calibration_date": "2025-11-24T00:00:00",
  "window_days": 500,
  "decay_lambda": 0.125,
  "min_samples": 50,
  "corrections": {
    "regime_cohort": {
      "normal_fomc_period": 13.488706759372658,
      "normal_mid_cycle": 16.475504574184907
    },
    "regime": {
      "normal": 11.516494484578784,
      "low_vol": 7.6112098074172
    },
    "cohort": {
      "opex_week": -1.8113445432980337,
      "fomc_period": 9.387607532652495,
      "mid_cycle": 12.16484749683806
    },
    "global": 8.241395118762465
  }
}