{
  "fitted": true,
  "calibration_date": "2025-11-05T00:00:00",
  "window_days": 252,
  "decay_lambda": 0.125,
  "min_samples": 50,
  "corrections": {
    "regime_cohort": {
      "normal_fomc_period": 7.0416951305488125
    },
    "regime": {
      "low_vol": 6.736513372893333,
      "normal": 3.570045186651073
    },
    "cohort": {
      "fomc_period": 4.422877233519175,
      "mid_cycle": 2.4000469131389424
    },
    "global": 1.8220781856974326
  }
}