{
  "fitted": true,
  "calibration_date": "2025-11-26T00:00:00",
  "window_days": 700,
  "decay_lambda": 0.125,
  "min_samples": 50,
  "corrections": {
    "regime_cohort": {
      "low_vol_fomc_period": -1.0753787857275903,
      "normal_fomc_period": 5.50147554582847,
      "normal_mid_cycle": 11.109375973619834
    },
    "regime": {
      "low_vol": 0.7469816165436375,
      "normal": 4.549291246639971
    },
    "cohort": {
      "fomc_period": 1.9247112927504786,
      "opex_week": -7.978676240021124,
      "mid_cycle": 6.778906142902431
    },
    "global": 1.4365954034052355
  }
}