{
  "fitted": true,
  "calibration_date": "2025-11-05T00:00:00",
  "window_days": 252,
  "decay_lambda": 0.125,
  "min_samples": 50,
  "corrections": {
    "regime_cohort": {
      "normal_fomc_period": 7.459017360184704
    },
    "regime": {
      "low_vol": 7.95428915180494,
      "normal": 3.9727286411279685
    },
    "cohort": {
      "fomc_period": 4.973999696606163,
      "mid_cycle": 2.7127035748923594
    },
    "global": 2.269609400594278
  }
}