{
  "fitted": true,
  "calibration_date": "2025-11-26T00:00:00",
  "window_days": 700,
  "decay_lambda": 0.125,
  "min_samples": 50,
  "corrections": {
    "regime_cohort": {
      "low_vol_fomc_period": -2.5935820319156524,
      "normal_fomc_period": 6.3524789463545615,
      "normal_mid_cycle": 9.720838815765969
    },
    "regime": {
      "low_vol": -0.6017088544592999,
      "normal": 4.46337412423913
    },
    "cohort": {
      "fomc_period": 1.4293539359489982,
      "opex_week": -9.06647595986953,
      "mid_cycle": 5.049029959256278
    },
    "global": 0.4082736457535553
  }
}