{
  "fitted": true,
  "calibration_date": "2025-11-05T00:00:00",
  "window_days": 252,
  "decay_lambda": 0.125,
  "min_samples": 50,
  "corrections": {
    "regime_cohort": {
      "normal_fomc_period": 5.265698185637326
    },
    "regime": {
      "low_vol": 3.3214115285405152,
      "normal": 1.9124136067281203
    },
    "cohort": {
      "fomc_period": 2.5774125952967806,
      "mid_cycle": 1.541672570160447
    },
    "global": 0.24802090410630132
  }
}