{
  "fitted": true,
  "calibration_date": "2025-11-05T00:00:00",
  "window_days": 252,
  "decay_lambda": 0.125,
  "min_samples": 50,
  "corrections": {
    "regime_cohort": {
      "normal_fomc_period": 7.3002955082949805
    },
    "regime": {
      "low_vol": 7.559394735957333,
      "normal": 3.7423091223106075
    },
    "cohort": {
      "fomc_period": 4.885993030406864,
      "mid_cycle": 2.7534398267446454
    },
    "global": 2.16734406924476
  }
}