{
  "fitted": true,
  "calibration_date": "2025-11-05T00:00:00",
  "window_days": 252,
  "decay_lambda": 0.125,
  "min_samples": 50,
  "corrections": {
    "regime_cohort": {
      "normal_fomc_period": 5.535426711242633
    },
    "regime": {
      "low_vol": 6.308392871023156,
      "normal": 1.8678974045378802
    },
    "cohort": {
      "fomc_period": 3.4972260516226648,
      "mid_cycle": 1.1437347877179542
    },
    "global": 0.684288553701052
  }
}