{
  "fitted": true,
  "calibration_date": "2025-12-03T00:00:00",
  "window_days": 700,
  "decay_lambda": 0.125,
  "min_samples": 50,
  "corrections": {
    "regime_cohort": {
      "low_vol_fomc_period": -1.4950143594914667,
      "normal_fomc_period": 8.828341477004422,
      "normal_mid_cycle": 13.214037663324579
    },
    "regime": {
      "low_vol": 0.6248476646470779,
      "normal": 7.5347623847823595
    },
    "cohort": {
      "fomc_period": 4.021340610290376,
      "opex_week": -5.6597139415780475,
      "mid_cycle": 8.089297849128464
    },
    "global": 3.3385719355483148
  }
}