{
  "fitted": true,
  "calibration_date": "2025-11-24T00:00:00",
  "window_days": 500,
  "decay_lambda": 0.125,
  "min_samples": 50,
  "corrections": {
    "regime_cohort": {
      "normal_fomc_period": 6.200744964472287,
      "normal_mid_cycle": 7.7217204735139875
    },
    "regime": {
      "normal": 4.353757531939121,
      "low_vol": 8.595110937849734
    },
    "cohort": {
      "opex_week": -8.485431158197208,
      "fomc_period": 4.289302125400712,
      "mid_cycle": 4.688536115040656
    },
    "global": 2.512676407449501
  }
}