{
  "fitted": true,
  "calibration_date": "2025-12-03T00:00:00",
  "window_days": 700,
  "decay_lambda": 0.125,
  "min_samples": 50,
  "corrections": {
    "regime_cohort": {
      "low_vol_fomc_period": -2.2440925554321436,
      "normal_fomc_period": 6.543619588046343,
      "normal_mid_cycle": 12.00632772241866
    },
    "regime": {
      "low_vol": 0.4003365476517686,
      "normal": 6.0697742214101815
    },
    "cohort": {
      "fomc_period": 2.7905837179983775,
      "opex_week": -5.976763257552785,
      "mid_cycle": 8.038879211141786
    },
    "global": 2.6777581518510787
  }
}