{
  "fitted": true,
  "calibration_date": "2025-11-05T00:00:00",
  "window_days": 252,
  "decay_lambda": 0.125,
  "min_samples": 50,
  "corrections": {
    "regime_cohort": {
      "normal_fomc_period": 7.315653106480949
    },
    "regime": {
      "low_vol": 7.7668151516323105,
      "normal": 3.7741292147757592
    },
    "cohort": {
      "fomc_period": 4.80867433119399,
      "mid_cycle": 2.257170903819378
    },
    "global": 2.0300956206473595
  }
}