{
  "fitted": true,
  "calibration_date": "2025-11-05T00:00:00",
  "window_days": 252,
  "decay_lambda": 0.125,
  "min_samples": 50,
  "corrections": {
    "regime_cohort": {
      "normal_fomc_period": 7.704397412857192
    },
    "regime": {
      "low_vol": 8.031602060411236,
      "normal": 4.189173665908671
    },
    "cohort": {
      "fomc_period": 5.135788211848727,
      "mid_cycle": 2.6247746693861833
    },
    "global": 2.422409143331329
  }
}