{
  "fitted": true,
  "calibration_date": "2025-11-05T00:00:00",
  "window_days": 252,
  "decay_lambda": 0.125,
  "min_samples": 50,
  "corrections": {
    "regime_cohort": {
      "normal_fomc_period": 8.283885364005068
    },
    "regime": {
      "low_vol": 8.061069426403455,
      "normal": 4.759150763949924
    },
    "cohort": {
      "fomc_period": 5.488969568168604,
      "mid_cycle": 3.407815887192318
    },
    "global": 2.793340625407739
  }
}