{
  "fitted": true,
  "calibration_date": "2025-11-26T00:00:00",
  "window_days": 700,
  "decay_lambda": 0.125,
  "min_samples": 50,
  "corrections": {
    "regime_cohort": {
      "low_vol_fomc_period": 1.2882821816780767,
      "normal_fomc_period": 12.455759938745896,
      "normal_mid_cycle": 15.717482420958648
    },
    "regime": {
      "low_vol": 3.7027998484323885,
      "normal": 10.535472098289063
    },
    "cohort": {
      "fomc_period": 7.3916822492026775,
      "opex_week": -4.974833858434574,
      "mid_cycle": 11.077695916524641
    },
    "global": 6.228828994838316
  }
}