{
  "fitted": true,
  "calibration_date": "2025-11-05T00:00:00",
  "window_days": 252,
  "decay_lambda": 0.125,
  "min_samples": 50,
  "corrections": {
    "regime_cohort": {
      "normal_fomc_period": 5.7334102385719445
    },
    "regime": {
      "low_vol": 6.1783807106385,
      "normal": 1.9956172383047914
    },
    "cohort": {
      "fomc_period": 3.5218235190115594,
      "mid_cycle": 1.103091519581076
    },
    "global": 0.7102130939277191
  }
}