{
  "fitted": true,
  "calibration_date": "2025-11-24T00:00:00",
  "window_days": 500,
  "decay_lambda": 0.125,
  "min_samples": 50,
  "corrections": {
    "regime_cohort": {
      "normal_fomc_period": 6.200744964472287,
      "normal_mid_cycle": 7.7217204735139875
    },
    "regime": {
      "normal": 4.353757531939121,
      "low_vol": 8.595110937849734
    },
    "cohort": {
      "opex_week": -10.071745260645917,
      "fomc_period": 3.9026623976474064,
      "mid_cycle": 3.951938745174123
    },
    "global": 1.842163398198782
  }
}