{
  "fitted": true,
  "calibration_date": "2025-11-05T00:00:00",
  "window_days": 252,
  "decay_lambda": 0.125,
  "min_samples": 50,
  "corrections": {
    "regime_cohort": {
      "normal_fomc_period": 5.747216043630187
    },
    "regime": {
      "low_vol": 6.598585261535379,
      "normal": 2.2182851635952217
    },
    "cohort": {
      "fomc_period": 3.762988892564977,
      "mid_cycle": 1.5762254379659313
    },
    "global": 1.1191051060921322
  }
}