{
  "fitted": true,
  "calibration_date": "2025-11-26T00:00:00",
  "window_days": 700,
  "decay_lambda": 0.125,
  "min_samples": 50,
  "corrections": {
    "regime_cohort": {
      "low_vol_fomc_period": 0.1557187767164074,
      "normal_fomc_period": 9.047248337775025,
      "normal_mid_cycle": 11.914764192144471
    },
    "regime": {
      "low_vol": 2.3625747292812798,
      "normal": 7.231614160584116
    },
    "cohort": {
      "fomc_period": 4.485685957825103,
      "opex_week": -5.514380921528961,
      "mid_cycle": 7.446595615140275
    },
    "global": 3.503519731408946
  }
}