{
  "fitted": true,
  "calibration_date": "2025-11-05T00:00:00",
  "window_days": 252,
  "decay_lambda": 0.125,
  "min_samples": 50,
  "corrections": {
    "regime_cohort": {
      "normal_fomc_period": 6.211958854264201
    },
    "regime": {
      "low_vol": 4.723772314373382,
      "normal": 2.5290190112945377
    },
    "cohort": {
      "fomc_period": 3.301167690611348,
      "mid_cycle": 0.8405962196981943
    },
    "global": 0.5709574544947611
  }
}