{
  "fitted": true,
  "timestamp": "2025-11-16T21:27:55.612401",
  "config": {
    "min_samples": 50,
    "use_robust": true,
    "cohort_specific": true,
    "regime_specific": true
  },
  "statistics": {
    "global": {
      "samples": 371,
      "mae_before": 9.494946211509417,
      "mae_after": 8.554790543809444,
      "improvement_pct": 9.901642903046161,
      "mean_error": -3.3324279915468065
    },
    "cohort_mid_cycle": {
      "samples": 176,
      "mae_before": 9.19563791010114,
      "mae_after": 8.675769010537,
      "improvement_pct": 5.6534294265010185,
      "mean_error": -1.7668957896749378
    },
    "cohort_earnings_heavy": {
      "samples": 46,
      "mae_before": 9.424104962285385,
      "mae_after": 8.335673594820173,
      "improvement_pct": 11.549440204889896,
      "mean_error": -4.671540750998228
    },
    "cohort_monthly_opex_minus_5": {
      "samples": 46,
      "mae_before": 9.285040733144584,
      "mae_after": 8.172419456382903,
      "improvement_pct": 11.982944488223772,
      "mean_error": -4.1224780131246375
    },
    "cohort_monthly_opex_minus_1": {
      "samples": 47,
      "mae_before": 10.137997808745938,
      "mae_after": 7.779703491221864,
      "improvement_pct": 23.261933588993283,
      "mean_error": -5.745049574099649
    },
    "cohort_fomc_minus_3": {
      "samples": 36,
      "mae_before": 12.030523030077966,
      "mae_after": 8.963418466560638,
      "improvement_pct": 25.49435760896798,
      "mean_error": -6.677963591231381
    },
    "regime_low": {
      "samples": 193,
      "mae_before": 8.235624881397264,
      "mae_after": 6.547698982232861,
      "improvement_pct": 20.495419879760576,
      "mean_error": -2.875369982871528
    },
    "regime_normal": {
      "samples": 175,
      "mae_before": 10.71390299047899,
      "mae_after": 10.146928271762068,
      "improvement_pct": 5.291953074624344,
      "mean_error": -3.5609597665323514
    }
  },
  "models": {
    "global": true,
    "cohorts": [
      "mid_cycle",
      "earnings_heavy",
      "monthly_opex_minus_5",
      "monthly_opex_minus_1",
      "fomc_minus_3"
    ],
    "regimes": [
      "low",
      "normal"
    ]
  },
  "overall_improvement": 9.901642903046161,
  "training_samples": 371,
  "bias_correction": -3.3324279915468065
}