{
  "fitted": true,
  "timestamp": "2025-11-15T20:24:29.645854",
  "config": {
    "min_samples": 50,
    "use_robust": true,
    "cohort_specific": true,
    "regime_specific": true
  },
  "statistics": {
    "global": {
      "samples": 247,
      "mae_before": 26.341774446675064,
      "mae_after": 9.064762095155476,
      "improvement_pct": 65.5878835592275,
      "mean_error": 24.54029332514218
    },
    "cohort_mid_cycle": {
      "samples": 120,
      "mae_before": 25.811265812525548,
      "mae_after": 8.491902670800622,
      "improvement_pct": 67.10001465065803,
      "mean_error": 25.47328253173367
    },
    "cohort_earnings_heavy": {
      "samples": 30,
      "mae_before": 30.665679588008057,
      "mae_after": 9.438170179361578,
      "improvement_pct": 69.22236746042174,
      "mean_error": 30.11489252238762
    },
    "cohort_monthly_opex_minus_5": {
      "samples": 29,
      "mae_before": 27.917357625779687,
      "mae_after": 7.949679522264432,
      "improvement_pct": 71.52424083673495,
      "mean_error": 27.8870424615889
    },
    "cohort_monthly_opex_minus_1": {
      "samples": 31,
      "mae_before": 27.733649523847973,
      "mae_after": 9.22073870117524,
      "improvement_pct": 66.752523164157,
      "mean_error": 27.733649523847973
    },
    "cohort_fomc_minus_3": {
      "samples": 24,
      "mae_before": 24.52117702943691,
      "mae_after": 8.056050144731413,
      "improvement_pct": 67.14656015467621,
      "mean_error": 22.744630781090308
    },
    "regime_low": {
      "samples": 90,
      "mae_before": 23.16025278201126,
      "mae_after": 6.645152700028446,
      "improvement_pct": 71.3079439910527,
      "mean_error": 20.17007468691935
    },
    "regime_normal": {
      "samples": 154,
      "mae_before": 28.546882630726476,
      "mae_after": 10.033549639711673,
      "improvement_pct": 64.8523806627066,
      "mean_error": 27.405713881703697
    }
  },
  "models": {
    "global": true,
    "cohorts": [
      "mid_cycle",
      "earnings_heavy",
      "monthly_opex_minus_5",
      "monthly_opex_minus_1",
      "fomc_minus_3"
    ],
    "regimes": [
      "low",
      "normal"
    ]
  },
  "overall_improvement": 65.5878835592275,
  "training_samples": 247,
  "bias_correction": 24.54029332514218
}