{
  "fitted": true,
  "calibration_date": "2025-11-19T00:00:00",
  "window_days": 368,
  "decay_lambda": 0.125,
  "min_samples": 50,
  "corrections": {
    "regime_cohort": {
      "normal_fomc_period": 3.6218180387397374
    },
    "regime": {
      "normal": 1.7002355663042537,
      "low_vol": 4.044831841965732
    },
    "cohort": {
      "fomc_period": 1.806953444523221,
      "mid_cycle": 2.7353474490526475
    },
    "global": 0.243519487031009
  }
}