{
  "fitted": true,
  "calibration_date": "2025-11-25T00:00:00",
  "window_days": 500,
  "decay_lambda": 0.125,
  "min_samples": 50,
  "corrections": {
    "regime_cohort": {
      "normal_fomc_period": 8.561378356820603,
      "normal_mid_cycle": 11.257623764403126
    },
    "regime": {
      "normal": 6.9636651092382875,
      "low_vol": 2.9026080913487777
    },
    "cohort": {
      "opex_week": -5.054538781296752,
      "fomc_period": 5.07977995500652,
      "mid_cycle": 7.424582174584212
    },
    "global": 3.970680426942408
  }
}