{
  "fitted": true,
  "calibration_date": "2025-11-05T00:00:00",
  "window_days": 252,
  "decay_lambda": 0.125,
  "min_samples": 50,
  "corrections": {
    "regime_cohort": {
      "normal_fomc_period": 3.557018320009861
    },
    "regime": {
      "low_vol": 2.643177215983624,
      "normal": 0.2989471289565624
    },
    "cohort": {
      "fomc_period": 1.1891410053997384,
      "mid_cycle": -0.5384310059741665
    },
    "global": -1.2119048517119764
  }
}