{
  "fitted": true,
  "calibration_date": "2025-12-01T00:00:00",
  "window_days": 700,
  "decay_lambda": 0.125,
  "min_samples": 50,
  "corrections": {
    "regime_cohort": {
      "low_vol_fomc_period": -2.244092555432143,
      "normal_fomc_period": 6.938834888262475,
      "normal_mid_cycle": 12.00632772241866
    },
    "regime": {
      "low_vol": 0.4003365476517688,
      "normal": 6.28414228920922
    },
    "cohort": {
      "fomc_period": 2.9981957872966456,
      "opex_week": -5.976763257552783,
      "mid_cycle": 8.038879211141786
    },
    "global": 2.794769890741474
  }
}