{
  "fitted": true,
  "timestamp": "2025-11-15T12:42:31.481087",
  "config": {
    "min_samples": 50,
    "use_robust": true,
    "cohort_specific": true,
    "regime_specific": true
  },
  "statistics": {
    "global": {
      "samples": 247,
      "mae_before": 20.133290624175103,
      "mae_after": 9.064955316022434,
      "improvement_pct": 54.97529199157507,
      "mean_error": 15.571308336122641
    },
    "cohort_mid_cycle": {
      "samples": 120,
      "mae_before": 18.078349455279078,
      "mae_after": 8.496601996089462,
      "improvement_pct": 53.001229359418325,
      "mean_error": 14.641427971755821
    },
    "cohort_earnings_heavy": {
      "samples": 30,
      "mae_before": 23.99515901752942,
      "mae_after": 9.354587768500796,
      "improvement_pct": 61.01468733061157,
      "mean_error": 21.56290510484866
    },
    "cohort_monthly_opex_minus_5": {
      "samples": 29,
      "mae_before": 24.803161635000553,
      "mae_after": 8.032481274170419,
      "improvement_pct": 67.6150912033911,
      "mean_error": 23.735658436804417
    },
    "cohort_monthly_opex_minus_1": {
      "samples": 31,
      "mae_before": 20.674490490976368,
      "mae_after": 9.122709291948096,
      "improvement_pct": 55.87456292608607,
      "mean_error": 20.398097562072227
    },
    "cohort_fomc_minus_3": {
      "samples": 24,
      "mae_before": 19.312552504168156,
      "mae_after": 8.01778051410435,
      "improvement_pct": 58.484097260712154,
      "mean_error": 11.109494375463376
    },
    "regime_low": {
      "samples": 90,
      "mae_before": 17.631929348198927,
      "mae_after": 6.668155832515021,
      "improvement_pct": 62.181360299086265,
      "mean_error": 11.861464213180572
    },
    "regime_normal": {
      "samples": 154,
      "mae_before": 21.819727817211064,
      "mae_after": 10.041881922553316,
      "improvement_pct": 53.97796889733687,
      "mean_error": 18.029950796722346
    }
  },
  "models": {
    "global": true,
    "cohorts": [
      "mid_cycle",
      "earnings_heavy",
      "monthly_opex_minus_5",
      "monthly_opex_minus_1",
      "fomc_minus_3"
    ],
    "regimes": [
      "low",
      "normal"
    ]
  },
  "overall_improvement": 54.97529199157507,
  "training_samples": 247,
  "bias_correction": 15.571308336122641
}