{
  "fitted": true,
  "calibration_date": "2025-11-05T00:00:00",
  "window_days": 252,
  "decay_lambda": 0.125,
  "min_samples": 50,
  "corrections": {
    "regime_cohort": {
      "normal_fomc_period": 6.630170640821775
    },
    "regime": {
      "low_vol": 6.133187839941615,
      "normal": 3.2603083135449995
    },
    "cohort": {
      "fomc_period": 4.032186982917032,
      "mid_cycle": 2.1728134410720816
    },
    "global": 1.5229931682130886
  }
}