{
  "fitted": true,
  "timestamp": "2025-11-15T21:16:30.903501",
  "config": {
    "min_samples": 50,
    "use_robust": true,
    "cohort_specific": true,
    "regime_specific": true
  },
  "statistics": {
    "global": {
      "samples": 247,
      "mae_before": 9.973044830396844,
      "mae_after": 8.91932999337121,
      "improvement_pct": 10.565628200266547,
      "mean_error": -3.269259421151096
    },
    "cohort_mid_cycle": {
      "samples": 120,
      "mae_before": 9.282413623035927,
      "mae_after": 8.014588201323713,
      "improvement_pct": 13.658359487083017,
      "mean_error": -3.4253923098329624
    },
    "cohort_earnings_heavy": {
      "samples": 30,
      "mae_before": 9.960048225016608,
      "mae_after": 9.46485904413504,
      "improvement_pct": 4.97175485192737,
      "mean_error": -2.114442273335735
    },
    "cohort_monthly_opex_minus_5": {
      "samples": 29,
      "mae_before": 8.9246945242783,
      "mae_after": 8.394379947734027,
      "improvement_pct": 5.942103397507117,
      "mean_error": -2.4752440110399574
    },
    "cohort_monthly_opex_minus_1": {
      "samples": 31,
      "mae_before": 10.96218237158747,
      "mae_after": 8.78598111443589,
      "improvement_pct": 19.85189794681766,
      "mean_error": -4.206590296060364
    },
    "cohort_fomc_minus_3": {
      "samples": 24,
      "mae_before": 13.13747789128066,
      "mae_after": 8.74013215093686,
      "improvement_pct": 33.471765103881296,
      "mean_error": -3.741256077065021
    },
    "regime_low": {
      "samples": 90,
      "mae_before": 8.658746322096864,
      "mae_after": 6.613391223934597,
      "improvement_pct": 23.621838798332515,
      "mean_error": -2.399442065740925
    },
    "regime_normal": {
      "samples": 154,
      "mae_before": 10.557330759126934,
      "mae_after": 9.718540027291372,
      "improvement_pct": 7.945102327218629,
      "mean_error": -3.463190414895342
    }
  },
  "models": {
    "global": true,
    "cohorts": [
      "mid_cycle",
      "earnings_heavy",
      "monthly_opex_minus_5",
      "monthly_opex_minus_1",
      "fomc_minus_3"
    ],
    "regimes": [
      "low",
      "normal"
    ]
  },
  "overall_improvement": 10.565628200266547,
  "training_samples": 247,
  "bias_correction": -3.269259421151096
}