{
  "fitted": true,
  "calibration_date": "2025-11-25T00:00:00",
  "window_days": 500,
  "decay_lambda": 0.125,
  "min_samples": 50,
  "corrections": {
    "regime_cohort": {
      "normal_fomc_period": 10.2347297753865,
      "normal_mid_cycle": 12.686709673523358
    },
    "regime": {
      "normal": 8.177269117651543,
      "low_vol": 3.686322044080461
    },
    "cohort": {
      "opex_week": -4.571002639208868,
      "fomc_period": 6.339382326465958,
      "mid_cycle": 8.380260928074197
    },
    "global": 4.962298808875859
  }
}