{
  "fitted": true,
  "calibration_date": "2025-11-05T00:00:00",
  "window_days": 252,
  "decay_lambda": 0.125,
  "min_samples": 50,
  "corrections": {
    "regime_cohort": {
      "normal_fomc_period": 4.749005727952304
    },
    "regime": {
      "low_vol": 4.211636114233386,
      "normal": 1.2878984266802898
    },
    "cohort": {
      "fomc_period": 2.473481355201546,
      "mid_cycle": 0.5318236242234994
    },
    "global": -0.05492416204175123
  }
}