{
  "fitted": true,
  "calibration_date": "2025-11-05T00:00:00",
  "window_days": 252,
  "decay_lambda": 0.125,
  "min_samples": 50,
  "corrections": {
    "regime_cohort": {
      "normal_fomc_period": 4.5193644018803525
    },
    "regime": {
      "low_vol": 3.7434376393806823,
      "normal": 1.0759214884220099
    },
    "cohort": {
      "fomc_period": 2.138968876277911,
      "mid_cycle": 0.3495005444396317
    },
    "global": -0.41177032675437775
  }
}