{
  "fitted": true,
  "calibration_date": "2025-12-03T00:00:00",
  "window_days": 700,
  "decay_lambda": 0.125,
  "min_samples": 50,
  "corrections": {
    "regime_cohort": {
      "low_vol_fomc_period": -2.390891322780356,
      "normal_fomc_period": 5.020906014103569,
      "normal_mid_cycle": 9.932808684954738
    },
    "regime": {
      "low_vol": -0.41087373020737544,
      "normal": 4.572817408698523
    },
    "cohort": {
      "fomc_period": 1.3526881744241268,
      "opex_week": -6.123178463941849,
      "mid_cycle": 5.7803261039616505
    },
    "global": 1.1906249421308717
  }
}