{
  "fitted": true,
  "calibration_date": "2025-11-29T00:00:00",
  "window_days": 700,
  "decay_lambda": 0.125,
  "min_samples": 50,
  "corrections": {
    "regime_cohort": {
      "low_vol_fomc_period": -1.907479394061383,
      "normal_fomc_period": 4.716894864597805
    },
    "regime": {
      "low_vol": 0.8863008087727756,
      "normal": 5.084275141296484
    },
    "cohort": {
      "fomc_period": 0.3116870845819771,
      "mid_cycle": 10.278214800165339
    },
    "global": 1.1811269895625076
  }
}