{
  "fitted": true,
  "calibration_date": "2025-11-26T00:00:00",
  "window_days": 700,
  "decay_lambda": 0.125,
  "min_samples": 50,
  "corrections": {
    "regime_cohort": {
      "low_vol_fomc_period": -2.413960750916812,
      "normal_fomc_period": 8.067005779264617,
      "normal_mid_cycle": 11.510447227228447
    },
    "regime": {
      "low_vol": -0.3080114700091504,
      "normal": 6.200217582746287
    },
    "cohort": {
      "fomc_period": 2.7784299725691737,
      "opex_week": -7.372692944507813,
      "mid_cycle": 6.894794194277998
    },
    "global": 1.9690608231604707
  }
}