{
  "fitted": true,
  "timestamp": "2025-11-17T15:52:53.036253",
  "config": {
    "min_samples": 50,
    "use_robust": true,
    "cohort_specific": true,
    "regime_specific": true
  },
  "statistics": {
    "global": {
      "samples": 371,
      "mae_before": 9.37670958497051,
      "mae_after": 8.491294692792216,
      "improvement_pct": 9.442703585461185,
      "mean_error": -1.5118552878102605
    },
    "cohort_fomc_period": {
      "samples": 214,
      "mae_before": 9.343087700230878,
      "mae_after": 7.859217150759032,
      "improvement_pct": 15.882014566075176,
      "mean_error": -3.746396756752164
    },
    "cohort_opex_week": {
      "samples": 63,
      "mae_before": 7.163901347884679,
      "mae_after": 7.021592556674703,
      "improvement_pct": 1.9864705598158012,
      "mean_error": 0.15223429272887257
    },
    "cohort_mid_cycle": {
      "samples": 82,
      "mae_before": 11.25356071902907,
      "mae_after": 10.079917523883775,
      "improvement_pct": 10.429083064889289,
      "mean_error": 4.027362775121199
    },
    "regime_low": {
      "samples": 193,
      "mae_before": 7.679640124721194,
      "mae_after": 6.543055821751374,
      "improvement_pct": 14.799968286418668,
      "mean_error": -0.766045864902933
    },
    "regime_normal": {
      "samples": 175,
      "mae_before": 11.19000264075899,
      "mae_after": 10.184906384442343,
      "improvement_pct": 8.982091323693151,
      "mean_error": -2.1412183430359732
    }
  },
  "models": {
    "global": true,
    "cohorts": [
      "fomc_period",
      "opex_week",
      "mid_cycle"
    ],
    "regimes": [
      "low",
      "normal"
    ]
  },
  "overall_improvement": 9.442703585461185,
  "training_samples": 371,
  "bias_correction": -1.5118552878102605
}