{
  "fitted": true,
  "calibration_date": "2026-04-01T00:00:00",
  "window_days": 700,
  "decay_lambda": 0.125,
  "min_samples": 50,
  "corrections": {
    "regime_cohort": {
      "low_vol_fomc_period": -3.5821141593772317,
      "normal_fomc_period": 7.282931246281578
    },
    "regime": {
      "low_vol": -1.6589310878101804,
      "normal": 6.607187595084742
    },
    "cohort": {
      "mid_cycle": 7.873099619108942,
      "opex_week": -6.052177407460467,
      "fomc_period": 1.886562306960608
    },
    "global": 1.831487628808091
  }
}