{
  "fitted": true,
  "calibration_date": "2025-11-29T00:00:00",
  "window_days": 700,
  "decay_lambda": 0.125,
  "min_samples": 50,
  "corrections": {
    "regime_cohort": {
      "low_vol_fomc_period": -1.8954056268026866,
      "normal_fomc_period": 5.34945648324774
    },
    "regime": {
      "low_vol": 0.7601349269824146,
      "normal": 5.052309957283545
    },
    "cohort": {
      "fomc_period": 0.8459739887113888,
      "opex_week": -7.809861310211319,
      "mid_cycle": 8.445671429305614
    },
    "global": 0.9403871614853578
  }
}