{
  "fitted": true,
  "calibration_date": "2025-11-05T00:00:00",
  "window_days": 252,
  "decay_lambda": 0.125,
  "min_samples": 50,
  "corrections": {
    "regime_cohort": {
      "normal_fomc_period": 8.541789491742861
    },
    "regime": {
      "low_vol": 8.185775861863986,
      "normal": 5.04797555862634
    },
    "cohort": {
      "fomc_period": 5.814216640844353,
      "mid_cycle": 3.730063653573047
    },
    "global": 3.1658749493089715
  }
}