{
  "fitted": true,
  "calibration_date": "2025-11-26T00:00:00",
  "window_days": 700,
  "decay_lambda": 0.125,
  "min_samples": 50,
  "corrections": {
    "regime_cohort": {
      "low_vol_fomc_period": -2.5935820319156524,
      "normal_fomc_period": 5.355961235462636,
      "normal_mid_cycle": 9.720838815765969
    },
    "regime": {
      "low_vol": -0.7320195668383469,
      "normal": 3.9144622665595334
    },
    "cohort": {
      "fomc_period": 0.8074549928508395,
      "opex_week": -9.463485627713279,
      "mid_cycle": 4.944460303591253
    },
    "global": -0.09719445142630302
  }
}