{
  "fitted": true,
  "calibration_date": "2025-11-05T00:00:00",
  "window_days": 252,
  "decay_lambda": 0.125,
  "min_samples": 50,
  "corrections": {
    "regime_cohort": {
      "normal_fomc_period": 5.435641532631129
    },
    "regime": {
      "low_vol": 5.826647522913294,
      "normal": 1.9973878828384126
    },
    "cohort": {
      "fomc_period": 2.9744010220275086,
      "mid_cycle": 0.5265562915122958
    },
    "global": 0.32550237965786133
  }
}