{
  "fitted": true,
  "calibration_date": "2025-11-05T00:00:00",
  "window_days": 252,
  "decay_lambda": 0.125,
  "min_samples": 50,
  "corrections": {
    "regime_cohort": {
      "normal_fomc_period": 4.334631896965617
    },
    "regime": {
      "low_vol": 4.310964432294441,
      "normal": 1.184729938716913
    },
    "cohort": {
      "fomc_period": 1.9421007369125187,
      "mid_cycle": 0.23027236271988394
    },
    "global": -0.4812753045339281
  }
}