{
  "fitted": true,
  "calibration_date": "2025-11-25T00:00:00",
  "window_days": 500,
  "decay_lambda": 0.125,
  "min_samples": 50,
  "corrections": {
    "regime_cohort": {
      "normal_fomc_period": 13.48870675937266,
      "normal_mid_cycle": 16.47550457418491
    },
    "regime": {
      "normal": 11.51649448457879,
      "low_vol": 7.6112098074172
    },
    "cohort": {
      "opex_week": -2.677401521677864,
      "fomc_period": 9.387607532652495,
      "mid_cycle": 12.164847496838062
    },
    "global": 8.028351680717321
  }
}