{
  "fitted": true,
  "calibration_date": "2025-12-03T00:00:00",
  "window_days": 700,
  "decay_lambda": 0.125,
  "min_samples": 50,
  "corrections": {
    "regime_cohort": {
      "low_vol_fomc_period": -1.3200311778385554,
      "normal_fomc_period": 8.575553962651442,
      "normal_mid_cycle": 11.598724145284567
    },
    "regime": {
      "low_vol": 1.593462988818762,
      "normal": 7.35350917321229
    },
    "cohort": {
      "fomc_period": 4.351962186439452,
      "opex_week": -4.656979165171132,
      "mid_cycle": 7.8609309654332655
    },
    "global": 3.780554799483893
  }
}