{
  "fitted": true,
  "calibration_date": "2025-11-26T00:00:00",
  "window_days": 700,
  "decay_lambda": 0.125,
  "min_samples": 50,
  "corrections": {
    "regime_cohort": {
      "low_vol_fomc_period": 0.6178078015399022,
      "normal_fomc_period": 8.608444195108104,
      "normal_mid_cycle": 14.338928666787233
    },
    "regime": {
      "low_vol": 2.3169822988551996,
      "normal": 7.4334578791400485
    },
    "cohort": {
      "fomc_period": 4.783268999413707,
      "opex_week": -5.9427334015370645,
      "mid_cycle": 9.19714539914202
    },
    "global": 3.88496384381608
  }
}