{
  "fitted": true,
  "calibration_date": "2025-11-26T00:00:00",
  "window_days": 700,
  "decay_lambda": 0.125,
  "min_samples": 50,
  "corrections": {
    "regime_cohort": {
      "low_vol_fomc_period": -0.4787351767906129,
      "normal_fomc_period": 8.950094413310955,
      "normal_mid_cycle": 13.363052021386595
    },
    "regime": {
      "low_vol": 1.7300506269804283,
      "normal": 7.0992761556850565
    },
    "cohort": {
      "fomc_period": 4.44870603998148,
      "opex_week": -7.377310765284767,
      "mid_cycle": 8.675508936939915
    },
    "global": 3.3430406244110653
  }
}