{
  "timestamp": "2025-11-21T10:01:32.243116",
  "strategy": "separate_optimization",
  "description": "Direction and magnitude models optimized independently",
  "n_trials_per_model": 100,
  "feature_selection": {
    "top_n": 75,
    "actual_features_used": 78
  },
  "direction_model": {
    "best_trial": 94,
    "performance": {
      "f1_score": 0.6355617484161891,
      "precision": 0.5029665621567702,
      "recall": 0.8638803019928246,
      "accuracy": 0.5443333333333333
    },
    "hyperparameters": {
      "max_depth": 5,
      "learning_rate": 0.11442818608390629,
      "n_estimators": 600,
      "subsample": 0.7038588773733643,
      "colsample_bytree": 0.9282332476199232,
      "colsample_bylevel": 0.6112931283816191,
      "min_child_weight": 7,
      "reg_alpha": 0.552008546475204,
      "reg_lambda": 0.9780412055800283,
      "gamma": 0.6173793348313944,
      "scale_pos_weight": 2.2597697730101847,
      "early_stopping": 60
    },
    "config_update": {
      "objective": "binary:logistic",
      "eval_metric": "logloss",
      "max_depth": 5,
      "learning_rate": 0.11442818608390629,
      "n_estimators": 600,
      "subsample": 0.7038588773733643,
      "colsample_bytree": 0.9282332476199232,
      "colsample_bylevel": 0.6112931283816191,
      "min_child_weight": 7,
      "reg_alpha": 0.552008546475204,
      "reg_lambda": 0.9780412055800283,
      "gamma": 0.6173793348313944,
      "scale_pos_weight": 2.2597697730101847,
      "early_stopping": 60
    }
  },
  "magnitude_model": {
    "best_trial": 87,
    "performance": {
      "mae_pct": 7.472328814278636,
      "rmse_pct": 9.02585178320692
    },
    "hyperparameters": {
      "max_depth": 7,
      "learning_rate": 0.04532190371136271,
      "n_estimators": 100,
      "subsample": 0.9631329109688965,
      "colsample_bytree": 0.7085225453286459,
      "colsample_bylevel": 0.888434989829737,
      "min_child_weight": 10,
      "reg_alpha": 0.16198785597382387,
      "reg_lambda": 0.7091393868107828,
      "gamma": 0.0008399151326583731,
      "early_stopping": 50
    },
    "config_update": {
      "objective": "reg:squarederror",
      "eval_metric": "rmse",
      "max_depth": 7,
      "learning_rate": 0.04532190371136271,
      "n_estimators": 100,
      "subsample": 0.9631329109688965,
      "colsample_bytree": 0.7085225453286459,
      "colsample_bylevel": 0.888434989829737,
      "min_child_weight": 10,
      "reg_alpha": 0.16198785597382387,
      "reg_lambda": 0.7091393868107828,
      "gamma": 0.0008399151326583731,
      "early_stopping": 50
    }
  },
  "all_trials": {
    "direction": {
      "total_trials": 100,
      "top_10_configurations": [
        {
          "trial_number": 94,
          "value": 0.6355617484161891,
          "params": {
            "top_n": 75,
            "dir_max_depth": 5,
            "dir_learning_rate": 0.11442818608390629,
            "dir_n_estimators": 600,
            "dir_subsample": 0.7038588773733643,
            "dir_colsample_bytree": 0.9282332476199232,
            "dir_colsample_bylevel": 0.6112931283816191,
            "dir_min_child_weight": 7,
            "dir_reg_alpha": 0.552008546475204,
            "dir_reg_lambda": 0.9780412055800283,
            "dir_gamma": 0.6173793348313944,
            "dir_scale_pos_weight": 2.2597697730101847,
            "dir_early_stopping": 60
          },
          "direction_f1": 0.6355617484161891,
          "direction_precision": 0.5029665621567702,
          "direction_recall": 0.8638803019928246,
          "direction_accuracy": 0.5443333333333333,
          "n_features": 78.0
        },
        {
          "trial_number": 77,
          "value": 0.6293114422498978,
          "params": {
            "top_n": 75,
            "dir_max_depth": 4,
            "dir_learning_rate": 0.02663449855697809,
            "dir_n_estimators": 500,
            "dir_subsample": 0.7045411265402683,
            "dir_colsample_bytree": 0.9502037735710099,
            "dir_colsample_bylevel": 0.6776481510940634,
            "dir_min_child_weight": 8,
            "dir_reg_alpha": 0.0920914686379278,
            "dir_reg_lambda": 1.3478397060122167,
            "dir_gamma": 0.8052041149734643,
            "dir_scale_pos_weight": 2.2819966176767084,
            "dir_early_stopping": 40
          },
          "direction_f1": 0.6293114422498978,
          "direction_precision": 0.4926107209571777,
          "direction_recall": 0.8805563865454973,
          "direction_accuracy": 0.5219999999999999,
          "n_features": 78.0
        },
        {
          "trial_number": 25,
          "value": 0.629280317749274,
          "params": {
            "top_n": 75,
            "dir_max_depth": 5,
            "dir_learning_rate": 0.022377495795549648,
            "dir_n_estimators": 700,
            "dir_subsample": 0.9715754265207542,
            "dir_colsample_bytree": 0.9358087079934387,
            "dir_colsample_bylevel": 0.7445546218519065,
            "dir_min_child_weight": 9,
            "dir_reg_alpha": 0.18125434154732947,
            "dir_reg_lambda": 1.2110568677326103,
            "dir_gamma": 0.120238963825887,
            "dir_scale_pos_weight": 2.138798311674516,
            "dir_early_stopping": 70
          },
          "direction_f1": 0.629280317749274,
          "direction_precision": 0.49789755923171813,
          "direction_recall": 0.8621259160279124,
          "direction_accuracy": 0.5329999999999999,
          "n_features": 78.0
        },
        {
          "trial_number": 92,
          "value": 0.6284608900282226,
          "params": {
            "top_n": 75,
            "dir_max_depth": 5,
            "dir_learning_rate": 0.0851869473436223,
            "dir_n_estimators": 600,
            "dir_subsample": 0.6963323671787476,
            "dir_colsample_bytree": 0.9286901445238548,
            "dir_colsample_bylevel": 0.6772279822577904,
            "dir_min_child_weight": 7,
            "dir_reg_alpha": 0.4529515915242159,
            "dir_reg_lambda": 0.7634614282395216,
            "dir_gamma": 0.7572049328093167,
            "dir_scale_pos_weight": 2.2521943024623234,
            "dir_early_stopping": 50
          },
          "direction_f1": 0.6284608900282226,
          "direction_precision": 0.49386402402781043,
          "direction_recall": 0.871736591700294,
          "direction_accuracy": 0.5259999999999999,
          "n_features": 78.0
        },
        {
          "trial_number": 73,
          "value": 0.6283099749365068,
          "params": {
            "top_n": 75,
            "dir_max_depth": 8,
            "dir_learning_rate": 0.021402951503925204,
            "dir_n_estimators": 500,
            "dir_subsample": 0.7279273079819252,
            "dir_colsample_bytree": 0.9296804367293219,
            "dir_colsample_bylevel": 0.6716183863770917,
            "dir_min_child_weight": 9,
            "dir_reg_alpha": 0.0505956593395465,
            "dir_reg_lambda": 0.8818448360860157,
            "dir_gamma": 0.7234087019977962,
            "dir_scale_pos_weight": 2.1286316887903673,
            "dir_early_stopping": 50
          },
          "direction_f1": 0.6283099749365068,
          "direction_precision": 0.5069400006526873,
          "direction_recall": 0.8330202163233017,
          "direction_accuracy": 0.5466666666666667,
          "n_features": 78.0
        },
        {
          "trial_number": 88,
          "value": 0.6270492284758168,
          "params": {
            "top_n": 75,
            "dir_max_depth": 5,
            "dir_learning_rate": 0.06812759348637085,
            "dir_n_estimators": 500,
            "dir_subsample": 0.6880249143617272,
            "dir_colsample_bytree": 0.9293012239501165,
            "dir_colsample_bylevel": 0.6560503195365779,
            "dir_min_child_weight": 9,
            "dir_reg_alpha": 0.5471170715005722,
            "dir_reg_lambda": 0.9539216894518897,
            "dir_gamma": 0.8468390952393223,