{
  "timestamp": "2025-11-23T02:23:39.330892",
  "tuning_method": "TPE with time-series CV",
  "magnitude_model": {
    "top_n": 100,
    "n_features": 103,
    "metrics": {
      "val_mae": 10.001819349359836,
      "test_mae": 12.261470927871176,
      "train_mae": 9.26949233963499,
      "overfit_gap": 2.9919785882361865,
      "test_bias": 1.2291575259129877,
      "test_dir_acc": 0.552434456928839
    },
    "hyperparameters": {
      "max_depth": 5,
      "learning_rate": 0.07126169695677852,
      "n_estimators": 400,
      "subsample": 0.7268289533193569,
      "colsample_bytree": 0.8737412740021423,
      "colsample_bylevel": 0.8772202364037253,
      "min_child_weight": 14,
      "reg_alpha": 1.1438357161330952,
      "reg_lambda": 2.6670053481298543,
      "gamma": 0.23468254872035724
    },
    "best_trial": 26
  },
  "direction_model": {
    "top_n": 150,
    "n_features": 153,
    "metrics": {
      "train_acc": 0.6619025304592315,
      "val_acc": 0.6254681647940075,
      "test_acc": 0.6573033707865169,
      "overfit_gap": 0.0045991596727146256,
      "test_prec": 0.6619718309859155,
      "test_rec": 0.5595238095238095,
      "test_f1": 0.6064516129032258,
      "test_logloss": 0.6473765046393,
      "pred_up_rate": 0.398876404494382,
      "actual_up_rate": 0.47191011235955055,
      "bias_penalty": 0.07303370786516855
    },
    "hyperparameters": {
      "max_depth": 2,
      "learning_rate": 0.017001754132211097,
      "n_estimators": 200,
      "subsample": 0.7313325826908161,
      "colsample_bytree": 0.7471693224223706,
      "min_child_weight": 10,
      "reg_alpha": 2.1574750183038587,
      "reg_lambda": 3.1053899701211516,
      "gamma": 0.26856070581242847,
      "scale_pos_weight": 1.0341568665265988
    },
    "best_trial": 5
  }
}