{
  "timestamp": "2025-11-09T22:11:22.302624",
  "horizon": 5,
  "importance": {
    "learning_rate": 0.27129043681493437,
    "n_estimators": 0.24860583471716188,
    "subsample": 0.1540806859545754,
    "scale_pos_weight": 0.10242109878853627,
    "gamma": 0.07481177570340171,
    "colsample_bytree": 0.04552016642119108,
    "reg_lambda": 0.041944242807333415,
    "min_child_weight": 0.024453408912383942,
    "max_depth": 0.020959890889242647,
    "reg_alpha": 0.015912458991239282
  },
  "best_params": {
    "max_depth": 6,
    "learning_rate": 0.016635819704433258,
    "n_estimators": 200,
    "subsample": 0.8477980321913217,
    "colsample_bytree": 0.6382246020983561,
    "min_child_weight": 17,
    "gamma": 0.11015363476305076,
    "reg_alpha": 0.07588489421196526,
    "reg_lambda": 0.7307960776169521,
    "scale_pos_weight": 1.2751963056587814
  },
  "best_value": 0.41763444954424617,
  "n_trials": 58
}