{
  "timestamp": "2025-11-09T17:03:14.268261",
  "horizon": 5,
  "importance": {
    "n_estimators": 0.5564084217642704,
    "learning_rate": 0.2225143477905655,
    "gamma": 0.08083488024332779,
    "scale_pos_weight": 0.07063530745398518,
    "min_child_weight": 0.02627277239482979,
    "colsample_bytree": 0.020540053243917108,
    "reg_alpha": 0.009790765550044506,
    "reg_lambda": 0.00629901630696563,
    "subsample": 0.004322824295499803,
    "max_depth": 0.0023816109565943516
  },
  "best_params": {
    "max_depth": 8,
    "learning_rate": 0.010210623940780495,
    "n_estimators": 400,
    "subsample": 0.6481946890636312,
    "colsample_bytree": 0.6890856026631794,
    "min_child_weight": 20,
    "gamma": 0.49592764441000287,
    "reg_alpha": 0.03461848984478359,
    "reg_lambda": 4.442009405735691,
    "scale_pos_weight": 1.0143342274592133
  },
  "best_value": 0.6225146141835793,
  "n_trials": 27
}