{
  "mid_cycle": {
    "point": {
      "rmse": 13.620169180215004,
      "rmse_std": 6.1512171246363305,
      "n_splits": 5,
      "test_size": 112
    },
    "uncertainty": {
      "rmse": 0.08522036115847076,
      "rmse_std": 0.009167847504820659,
      "n_splits": 5,
      "test_size": 112
    },
    "direction": {
      "accuracy": 0.5875,
      "accuracy_std": 0.030618621784789746,
      "log_loss": 0.681279383470916,
      "log_loss_std": 0.007377730933462433,
      "num_classes": 2,
      "class_mapping": {
        "0": 0,
        "1": 1
      },
      "valid_folds": 5,
      "skipped_folds": 0,
      "n_splits": 5,
      "test_size": 112
    },
    "confidence": {
      "rmse": 0.02320957560976856,
      "rmse_std": 0.005605401536116249,
      "n_splits": 5,
      "test_size": 112
    }
  }
}