{
  "mid_cycle": {
    "point": {
      "rmse": 13.595352757666054,
      "rmse_std": 6.050587237128333,
      "n_splits": 5,
      "test_size": 112
    },
    "uncertainty": {
      "rmse": 0.08560702260209484,
      "rmse_std": 0.005706936514501917,
      "n_splits": 5,
      "test_size": 112
    },
    "direction": {
      "accuracy": 0.6035714285714285,
      "accuracy_std": 0.03321620578167548,
      "log_loss": 0.6594171777667291,
      "log_loss_std": 0.019430470540574375,
      "num_classes": 2,
      "class_mapping": {
        "0": 0,
        "1": 1
      },
      "valid_folds": 5,
      "skipped_folds": 0,
      "n_splits": 5,
      "test_size": 112
    },
    "confidence": {
      "rmse": 0.0232121311762565,
      "rmse_std": 0.005419368842198029,
      "n_splits": 5,
      "test_size": 112
    }
  }
}