{
  "mid_cycle": {
    "point": {
      "rmse": 13.698698538610532,
      "rmse_std": 6.325561983588905,
      "n_splits": 5,
      "test_size": 112
    },
    "uncertainty": {
      "rmse": 0.08322300460507817,
      "rmse_std": 0.005953966181025958,
      "n_splits": 5,
      "test_size": 112
    },
    "direction": {
      "accuracy": 0.6321428571428571,
      "accuracy_std": 0.031134992453861927,
      "log_loss": 0.6595860715866183,
      "log_loss_std": 0.006684112469991547,
      "num_classes": 2,
      "class_mapping": {
        "0": 0,
        "1": 1
      },
      "valid_folds": 5,
      "skipped_folds": 0,
      "n_splits": 5,
      "test_size": 112
    },
    "confidence": {
      "rmse": 0.023206033639301894,
      "rmse_std": 0.005489157914282222,
      "n_splits": 5,
      "test_size": 112
    }
  }
}