{
  "monthly_opex_minus_5": {
    "point": {
      "rmse": 14.274386879306578,
      "rmse_std": 3.4946097277844292
    },
    "quantiles": {
      "q10": {
        "mae": 13.747602499515876,
        "mae_std": 2.5781784017129223
      },
      "q25": {
        "mae": 10.251075278789001,
        "mae_std": 2.862582531132674
      },
      "q50": {
        "mae": 8.94977093139838,
        "mae_std": 1.848400471904342
      },
      "q75": {
        "mae": 11.90219899325425,
        "mae_std": 0.5497900553841372
      },
      "q90": {
        "mae": 20.121911006970873,
        "mae_std": 2.5877356504810782
      }
    },
    "regime": {
      "accuracy": 0.6741573033707865,
      "accuracy_std": 0.15158132093519144,
      "log_loss": 0.6821144529697385,
      "log_loss_std": 0.20705818189392305,
      "num_classes": 3,
      "class_mapping": {
        "0.0": 0,
        "1.0": 1,
        "2.0": 2
      },
      "valid_folds": 3,
      "skipped_folds": 0
    },
    "confidence": {
      "rmse": 0.03365303566297895,
      "rmse_std": 0.006145380268777496
    }
  },
  "monthly_opex_minus_1": {
    "point": {
      "rmse": 17.427492281839754,
      "rmse_std": 4.794192087208971
    },
    "quantiles": {
      "q10": {
        "mae": 14.442387869756917,
        "mae_std": 2.4453125163720397
      },
      "q25": {
        "mae": 12.121762104455277,
        "mae_std": 1.7281269805619779
      },
      "q50": {
        "mae": 11.51546625710645,
        "mae_std": 1.528349767411623
      },
      "q75": {
        "mae": 13.942953911822727,
        "mae_std": 1.6401954752221757
      },
      "q90": {
        "mae": 20.447933821672727,
        "mae_std": 4.521954145806716
      }
    },
    "regime": {
      "accuracy": 0.6789215686274509,
      "accuracy_std": 0.09689900686652352,
      "log_loss": 0.7771224096663322,
      "log_loss_std": 0.20508497342974946,
      "num_classes": 4,
      "class_mapping": {
        "0.0": 0,
        "1.0": 1,
        "2.0": 2,
        "3.0": 3
      },
      "valid_folds": 4,
      "skipped_folds": 1
    },
    "confidence": {
      "rmse": 0.08059299419074413,
      "rmse_std": 0.09758211640308731
    }
  },
  "mid_cycle": {
    "point": {
      "rmse": 17.146722357903606,
      "rmse_std": 1.3773746846503354
    },
    "quantiles": {
      "q10": {
        "mae": 14.133795216927371,
        "mae_std": 1.6537941867326884
      },
      "q25": {
        "mae": 12.072449401349047,
        "mae_std": 0.5154563752460078
      },
      "q50": {
        "mae": 12.204374611413845,
        "mae_std": 1.8715862018619136
      },
      "q75": {
        "mae": 15.334686703952466,
        "mae_std": 2.203688101259152
      },
      "q90": {
        "mae": 21.352169783379175,
        "mae_std": 2.178208119749121
      }
    },
    "regime": {
      "accuracy": 0.6498929336188437,
      "accuracy_std": 0.14114500562775048,
      "log_loss": 0.7430407628881053,
      "log_loss_std": 0.21336313589104217,
      "num_classes": 4,
      "class_mapping": {
        "0.0": 0,
        "1.0": 1,
        "2.0": 2,
        "3.0": 3
      },
      "valid_folds": 4,
      "skipped_folds": 1
    },
    "confidence": {
      "rmse": 0.09415123920051402,
      "rmse_std": 0.13830371165868094
    }
  },
  "fomc_minus_3": {
    "point": {
      "rmse": 23.68489784827393,
      "rmse_std": 5.108507072599802
    },
    "quantiles": {
      "q10": {
        "mae": 19.128887106996114,
        "mae_std": 2.6822386782722574
      },
      "q25": {
        "mae": 15.201716723118997,
        "mae_std": 2.3677528317995455
      },
      "q50": {
        "mae": 14.308692718617701,
        "mae_std": 1.5908855983890837
      },
      "q75": {
        "mae": 17.00187843832335,
        "mae_std": 0.20798586400180005
      },
      "q90": {
        "mae": 25.777409593980266,
        "mae_std": 1.591555127810314
      }
    },
    "regime": {
      "accuracy": 0.6375,
      "accuracy_std": 0.08838834764831845,
      "log_loss": 0.7974374396549399,
      "log_loss_std": 0.1140686214315961,
      "num_classes": 3,
      "class_mapping": {
        "0.0": 0,
        "1.0": 1,
        "2.0": 2
      },
      "valid_folds": 3,
      "skipped_folds": 0
    },
    "confidence": {
      "rmse": 0.035411452690900874,
      "rmse_std": 0.0028481741250261767
    }
  },
  "earnings_heavy": {
    "point": {
      "rmse": 14.088652852022179,
      "rmse_std": 0.9568351220536363
    },
    "quantiles": {
      "q10": {
        "mae": 13.668577123295144,
        "mae_std": 1.972597992592451
      },
      "q25": {
        "mae": 11.217038817210307,
        "mae_std": 1.2886197133416715
      },
      "q50": {
        "mae": 11.18279152678656,
        "mae_std": 1.7509002303924592
      },
      "q75": {
        "mae": 15.157865974051079,
        "mae_std": 2.540756837760257
      },
      "q90": {
        "mae": 23.23629184805655,
        "mae_std": 2.4197445876850807
      }
    },
    "regime": {
      "accuracy": 0.6266666666666666,
      "accuracy_std": 0.20770349236529642,
      "log_loss": 0.7905071715906956,
      "log_loss_std": 0.2912812152878992,
      "num_classes": 3,
      "class_mapping": {
        "0.0": 0,
        "1.0": 1,
        "2.0": 2
      },
      "valid_folds": 3,
      "skipped_folds": 0
    },
    "confidence": {
      "rmse": 0.03330506978319454,
      "rmse_std": 0.0037503782101552642
    }
  }
}