{
  "earnings_heavy": {
    "q10": {
      "mae": 0.9951986858275399,
      "mae_std": 0.006738156009742868
    },
    "q25": {
      "mae": 0.7693669710583353,
      "mae_std": 0.011040650237629068
    },
    "q50": {
      "mae": 0.6578936351642717,
      "mae_std": 0.06384542747645205
    },
    "q75": {
      "mae": 0.576739574350395,
      "mae_std": 0.13750386645016963
    },
    "q90": {
      "mae": 0.47137474499179466,
      "mae_std": 0.003701502123510947
    },
    "direction": {
      "accuracy": 0.47916666666666663,
      "logloss": 0.8889839790115803
    },
    "confidence": {
      "rmse": 0.05321280347289762
    }
  },
  "fomc_minus_3": {
    "q10": {
      "mae": 0.5677149515916617,
      "mae_std": 0.21384688916626268
    },
    "q25": {
      "mae": 0.44235553187412757,
      "mae_std": 0.06730039833642368
    },
    "q50": {
      "mae": 0.47008883501147314,
      "mae_std": 0.0462430518961677
    },
    "q75": {
      "mae": 0.47173811978507024,
      "mae_std": 0.012660897414831729
    },
    "q90": {
      "mae": 0.6491792758951931,
      "mae_std": 0.1340261426641685
    },
    "direction": {
      "accuracy": 0.5333333333333333,
      "logloss": 0.9973448012327616
    },
    "confidence": {
      "rmse": 0.03898346300805712
    }
  },
  "fomc_week": {
    "q10": {
      "mae": 0.2711724673156873,
      "mae_std": 0.0
    },
    "q25": {
      "mae": 0.1909355259262506,
      "mae_std": 0.0
    },
    "q50": {
      "mae": 0.03266492919930699,
      "mae_std": 0.0
    },
    "q75": {
      "mae": 0.10126592480606986,
      "mae_std": 0.0
    },
    "q90": {
      "mae": 0.33020355532563533,
      "mae_std": 0.0
    },
    "direction": {
      "accuracy": 0.972972972972973,
      "logloss": 0.3082432196403254
    },
    "confidence": {
      "rmse": 0.02357573765171428
    }
  },
  "futures_rollover": {
    "q10": {
      "mae": 0.2255419871837893,
      "mae_std": 0.0
    },
    "q25": {
      "mae": 0.07349112019161395,
      "mae_std": 0.0
    },
    "q50": {
      "mae": 0.01615722884633756,
      "mae_std": 0.0
    },
    "q75": {
      "mae": 0.12871736552140456,
      "mae_std": 0.0
    },
    "q90": {
      "mae": 0.31380396340711897,
      "mae_std": 0.0
    },
    "direction": {
      "accuracy": 0.9565217391304348,
      "logloss": 0.2283837652649856
    },
    "confidence": {
      "rmse": 0.022169377865103708
    }
  },
  "mid_cycle": {
    "q10": {
      "mae": 0.6658211004034377,
      "mae_std": 0.13470205453618955
    },
    "q25": {
      "mae": 0.4652307780060776,
      "mae_std": 0.015759153445086427
    },
    "q50": {
      "mae": 0.43069905683548754,
      "mae_std": 0.061290815507194236
    },
    "q75": {
      "mae": 0.4252527654265827,
      "mae_std": 0.11279534680189232
    },
    "q90": {
      "mae": 0.505985938499151,
      "mae_std": 0.18253772739739713
    },
    "direction": {
      "accuracy": 0.5922619047619047,
      "logloss": 0.9078224025976831
    },
    "confidence": {
      "rmse": 0.027951899683896223
    }
  },
  "monthly_opex_minus_1": {
    "q10": {
      "mae": 0.6611925993565138,
      "mae_std": 0.0903583071052661
    },
    "q25": {
      "mae": 0.4064452372426889,
      "mae_std": 0.006987892575494842
    },
    "q50": {
      "mae": 0.39899887670270084,
      "mae_std": 0.0577304996184774
    },
    "q75": {
      "mae": 0.37792578062329873,
      "mae_std": 0.0924349233355238
    },
    "q90": {
      "mae": 0.380449244577539,
      "mae_std": 0.12580406095520108
    },
    "direction": {
      "accuracy": 0.45714285714285713,
      "logloss": 1.1277521733427744
    },
    "confidence": {
      "rmse": 0.0434284171675344
    }
  },
  "monthly_opex_minus_5": {
    "q10": {
      "mae": 0.6448280139931358,
      "mae_std": 0.023101933535842445
    },
    "q25": {
      "mae": 0.4533654133227471,
      "mae_std": 0.021191281208170876
    },
    "q50": {
      "mae": 0.33238747907776733,
      "mae_std": 0.011822927950206924
    },
    "q75": {
      "mae": 0.26844912523097164,
      "mae_std": 0.056300933453931154
    },
    "q90": {
      "mae": 0.3915413040647587,
      "mae_std": 0.053214332481363535
    },
    "direction": {
      "accuracy": 0.5833333333333333,
      "logloss": 1.0328618056019
    },
    "confidence": {
      "rmse": 0.04346573832763398
    }
  }
}