{
  "compression": {
    "test": {
      "bias_pct": 0.6077562719140615,
      "clipped_pct": 0.0,
      "mae_log": 0.0684829503126648,
      "mae_pct": 5.831119627803106,
      "rmse_log": 0.10177827162549472
    },
    "train": {
      "bias_pct": -0.27443059256345614,
      "clipped_pct": 0.0,
      "mae_log": 0.05563889562878607,
      "mae_pct": 4.932644032442855,
      "rmse_log": 0.07320324799744857
    },
    "val": {
      "bias_pct": -1.4177065793010368,
      "clipped_pct": 0.0,
      "mae_log": 0.05356678469749941,
      "mae_pct": 4.846611011718043,
      "rmse_log": 0.06682193419384741
    }
  },
  "down_classifier": {
    "test": {
      "accuracy": 0.6145833333333334,
      "auc": 0.6808399589415265,
      "avg_confidence": 0.5708375573158264,
      "f1": 0.7079136690647482,
      "optimal_threshold": 0.32611677050590515,
      "precision": 0.5540540540540541,
      "recall": 0.9800796812749004
    },
    "train": {
      "accuracy": 0.619322112059027,
      "avg_confidence": 0.5737026333808899
    },
    "val": {
      "accuracy": 0.4431137724550898,
      "avg_confidence": 0.558643102645874
    }
  },
  "expansion": {
    "test": {
      "bias_pct": -3.4834985232802227,
      "clipped_pct": 0.0,
      "mae_log": 0.09076190766395067,
      "mae_pct": 11.199221022173047,
      "rmse_log": 0.1426574971881219
    },
    "train": {
      "bias_pct": -0.8914448824369039,
      "clipped_pct": 0.0,
      "mae_log": 0.08303187115530614,
      "mae_pct": 9.835561759981275,
      "rmse_log": 0.11898728986714611
    },
    "val": {
      "bias_pct": 0.4944063853828948,
      "clipped_pct": 0.0,
      "mae_log": 0.07684006817809015,
      "mae_pct": 8.740479053642993,
      "rmse_log": 0.09448126652431792
    }
  },
  "up_classifier": {
    "test": {
      "accuracy": 0.6354166666666666,
      "auc": 0.680222342072757,
      "avg_confidence": 0.5837244391441345,
      "f1": 0.6505681818181818,
      "optimal_threshold": 0.3526604175567627,
      "precision": 0.48210526315789476,
      "recall": 1.0
    },
    "train": {
      "accuracy": 0.6490661747751902,
      "avg_confidence": 0.5779145956039429
    },
    "val": {
      "accuracy": 0.6067864271457086,
      "avg_confidence": 0.5876099467277527
    }
  }
}