{
  "magnitude": {
    "train": {
      "mae_log": 0.09504838283112647,
      "rmse_log": 0.12893271322900565,
      "mae_pct": 9.78534685040423,
      "bias_pct": -1.0209691988382152
    },
    "val": {
      "mae_log": 0.11519148534060142,
      "rmse_log": 0.16195434040020978,
      "mae_pct": 12.042333473044849,
      "bias_pct": -3.156513966615452
    },
    "test": {
      "mae_log": 0.10348007385047854,
      "rmse_log": 0.14477834068248097,
      "mae_pct": 10.645253645055634,
      "bias_pct": 0.2539944094147923
    }
  },
  "direction": {
    "train": {
      "accuracy": 0.6816479400749064,
      "avg_confidence": 0.595161497592926
    },
    "val": {
      "accuracy": 0.6154806491885143,
      "avg_confidence": 0.5984105467796326
    },
    "test": {
      "accuracy": 0.6336260978670013,
      "precision": 0.6068111455108359,
      "recall": 0.5429362880886427,
      "avg_confidence": 0.5934076905250549
    }
  }
}