{
  "magnitude": {
    "train": {
      "mae_log": 0.0949238328378617,
      "rmse_log": 0.1295424934510259,
      "mae_pct": 9.814292564896691,
      "bias_pct": -1.1073408178425597
    },
    "val": {
      "mae_log": 0.10035631915022447,
      "rmse_log": 0.13160581977569763,
      "mae_pct": 10.253209049481235,
      "bias_pct": -1.0618138274676483
    },
    "test": {
      "mae_log": 0.11823790205595885,
      "rmse_log": 0.16321665998789694,
      "mae_pct": 12.277850230749648,
      "bias_pct": 0.9829864155498899
    }
  },
  "direction": {
    "train": {
      "accuracy": 0.6671348314606742,
      "avg_confidence": 0.5877358913421631
    },
    "val": {
      "accuracy": 0.601123595505618,
      "avg_confidence": 0.5949896574020386
    },
    "test": {
      "accuracy": 0.6528301886792452,
      "precision": 0.6585365853658537,
      "recall": 0.5421686746987951,
      "avg_confidence": 0.5893330574035645
    }
  }
}