{
  "direction": {
    "train": {
      "accuracy": 0.8718291054739653,
      "precision": 0.9228210246174318,
      "recall": 0.7921187892632782,
      "logloss": 0.4903329588403997
    },
    "val": {
      "accuracy": 0.6238993710691824,
      "precision": 0.5668934240362812,
      "recall": 0.6983240223463687,
      "logloss": 0.6513269205926532
    },
    "test": {
      "accuracy": 0.6072772898368883,
      "precision": 0.5730337078651685,
      "recall": 0.4346590909090909,
      "logloss": 0.6656805051533393
    }
  },
  "magnitude": {
    "train": {
      "mae_log": 0.08183756836371095,
      "rmse_log": 0.10936901554192138,
      "mae_pct": 8.37625189033339,
      "bias_pct": -0.8679844021203246
    },
    "val": {
      "mae_log": 0.11800322585241879,
      "rmse_log": 0.16070180848368912,
      "mae_pct": 12.242526254723119,
      "bias_pct": -0.07049904328391161
    },
    "test": {
      "mae_log": 0.11287866382479429,
      "rmse_log": 0.15874779508242146,
      "mae_pct": 11.787068934928138,
      "bias_pct": -2.3813482366672907
    }
  }
}