{
  "compression": {
    "test": {
      "bias_pct": 0.7436777162838524,
      "clipped_pct": 0.0,
      "mae_log": 0.06893811321017901,
      "mae_pct": 5.8687544482728695,
      "rmse_log": 0.10178355161533809
    },
    "train": {
      "bias_pct": -0.29967132445637595,
      "clipped_pct": 0.0,
      "mae_log": 0.05608417963827916,
      "mae_pct": 4.973784505308639,
      "rmse_log": 0.07354139025570824
    },
    "val": {
      "bias_pct": -1.401821268040479,
      "clipped_pct": 0.0,
      "mae_log": 0.053703301603579987,
      "mae_pct": 4.859171413154648,
      "rmse_log": 0.06701130868822244
    }
  },
  "down_classifier": {
    "test": {
      "accuracy": 0.628099173553719,
      "avg_confidence": 0.6264857053756714,
      "f1": 0.7142857142857143,
      "precision": 0.6,
      "recall": 0.8823529411764706
    },
    "train": {
      "accuracy": 0.7007114987376636,
      "avg_confidence": 0.6173360347747803
    },
    "val": {
      "accuracy": 0.5948103792415169,
      "avg_confidence": 0.61944180727005
    }
  },
  "expansion": {
    "test": {
      "bias_pct": -3.43797576682862,
      "clipped_pct": 0.0,
      "mae_log": 0.09063475101031775,
      "mae_pct": 11.18496921483686,
      "rmse_log": 0.14237373491212812
    },
    "train": {
      "bias_pct": -0.889477652093983,
      "clipped_pct": 0.0,
      "mae_log": 0.08266398479347434,
      "mae_pct": 9.788481041284312,
      "rmse_log": 0.11850795246663305
    },
    "val": {
      "bias_pct": 0.53861832932719,
      "clipped_pct": 0.0,
      "mae_log": 0.0769412411987135,
      "mae_pct": 8.751848644049058,
      "rmse_log": 0.09461447051165871
    }
  },
  "up_classifier": {
    "test": {
      "accuracy": 0.5929752066115702,
      "avg_confidence": 0.6055833697319031,
      "f1": 0.32764505119453924,
      "precision": 0.75,
      "recall": 0.2096069868995633
    },
    "train": {
      "accuracy": 0.656873995868717,
      "avg_confidence": 0.6051992177963257
    },
    "val": {
      "accuracy": 0.6067864271457086,
      "avg_confidence": 0.6044883131980896
    }
  }
}