{
  "expansion": {
    "train": {
      "mae_log": 0.0826478973019121,
      "rmse_log": 0.11881224794784655,
      "mae_pct": 9.792528850316337,
      "bias_pct": -1.0071762419707768,
      "clipped_pct": 0.0
    },
    "val": {
      "mae_log": 0.07670221708747128,
      "rmse_log": 0.09441377597867154,
      "mae_pct": 8.725041128339571,
      "bias_pct": 0.43360903400491313,
      "clipped_pct": 0.0
    },
    "test": {
      "mae_log": 0.09049100744689059,
      "rmse_log": 0.1424419146849397,
      "mae_pct": 11.168862492700608,
      "bias_pct": -3.515073526325317,
      "clipped_pct": 0.0
    }
  },
  "compression": {
    "train": {
      "mae_log": 0.056673464728625056,
      "rmse_log": 0.07421341459381128,
      "mae_pct": 5.027199636160244,
      "bias_pct": -0.3210105213353368,
      "clipped_pct": 0.0
    },
    "val": {
      "mae_log": 0.05432273661780466,
      "rmse_log": 0.06718572761051553,
      "mae_pct": 4.916530032555179,
      "bias_pct": -1.448953653026687,
      "clipped_pct": 0.0
    },
    "test": {
      "mae_log": 0.06966010918132523,
      "rmse_log": 0.10302007512881295,
      "mae_pct": 5.932149897062946,
      "bias_pct": 0.770241748240013,
      "clipped_pct": 0.0
    }
  },
  "up_classifier": {
    "train": {
      "accuracy": 0.86741987548997,
      "avg_confidence": 0.6790785193443298
    },
    "val": {
      "accuracy": 0.6167664670658682,
      "avg_confidence": 0.6498213410377502
    },
    "test": {
      "accuracy": 0.6535269709543569,
      "precision": 0.6802325581395349,
      "recall": 0.5109170305676856,
      "f1": 0.5835411471321695,
      "avg_confidence": 0.6600505113601685
    }
  },
  "down_classifier": {
    "train": {
      "accuracy": 0.9435093382522481,
      "avg_confidence": 0.7662688493728638
    },
    "val": {
      "accuracy": 0.5728542914171657,
      "avg_confidence": 0.6807422637939453
    },
    "test": {
      "accuracy": 0.6286307053941909,
      "precision": 0.6330935251798561,
      "recall": 0.6956521739130435,
      "f1": 0.6629001883239172,
      "avg_confidence": 0.6790446639060974
    }
  }
}