{
  "compression": {
    "test": {
      "bias_pct": 0.7436777162838524,
      "clipped_pct": 0.0,
      "mae_log": 0.06893811321017901,
      "mae_pct": 5.8687544482728695,
      "rmse_log": 0.10178355161533809
    },
    "train": {
      "bias_pct": -0.29967132445637595,
      "clipped_pct": 0.0,
      "mae_log": 0.05608417963827916,
      "mae_pct": 4.973784505308639,
      "rmse_log": 0.07354139025570824
    },
    "val": {
      "bias_pct": -1.401821268040479,
      "clipped_pct": 0.0,
      "mae_log": 0.053703301603579987,
      "mae_pct": 4.859171413154648,
      "rmse_log": 0.06701130868822244
    }
  },
  "down_classifier": {
    "test": {
      "accuracy": 0.6363636363636364,
      "avg_confidence": 0.5290077328681946,
      "f1": 0.7046979865771812,
      "precision": 0.6158357771260997,
      "recall": 0.8235294117647058
    },
    "train": {
      "accuracy": 0.7677300895111315,
      "avg_confidence": 0.5314421057701111
    },
    "val": {
      "accuracy": 0.6067864271457086,
      "avg_confidence": 0.5235103368759155
    }
  },
  "expansion": {
    "test": {
      "bias_pct": -3.43797576682862,
      "clipped_pct": 0.0,
      "mae_log": 0.09063475101031775,
      "mae_pct": 11.18496921483686,
      "rmse_log": 0.14237373491212812
    },
    "train": {
      "bias_pct": -0.889477652093983,
      "clipped_pct": 0.0,
      "mae_log": 0.08266398479347434,
      "mae_pct": 9.788481041284312,
      "rmse_log": 0.11850795246663305
    },
    "val": {
      "bias_pct": 0.53861832932719,
      "clipped_pct": 0.0,
      "mae_log": 0.0769412411987135,
      "mae_pct": 8.751848644049058,
      "rmse_log": 0.09461447051165871
    }
  },
  "up_classifier": {
    "test": {
      "accuracy": 0.6301652892561983,
      "avg_confidence": 0.6041755080223083,
      "f1": 0.6215644820295984,
      "precision": 0.6024590163934426,
      "recall": 0.6419213973799127
    },
    "train": {
      "accuracy": 0.8301583658480606,
      "avg_confidence": 0.6194934248924255
    },
    "val": {
      "accuracy": 0.5948103792415169,
      "avg_confidence": 0.6041690707206726
    }
  }
}