{
  "magnitude": {
    "train": {
      "mae_log": 0.0918563765779478,
      "rmse_log": 0.12382155709971834,
      "mae_pct": 9.470279239649207,
      "bias_pct": -1.0769220669827066,
      "clipped_pct": 0.0
    },
    "val": {
      "mae_log": 0.11647639538610575,
      "rmse_log": 0.1612833156928871,
      "mae_pct": 12.185910951749438,
      "bias_pct": -2.302883387673667,
      "clipped_pct": 0.0
    },
    "test": {
      "mae_log": 0.1076847589115558,
      "rmse_log": 0.14850949566300492,
      "mae_pct": 11.107227569438638,
      "bias_pct": 1.5482300902529085,
      "clipped_pct": 0.0
    }
  },
  "direction": {
    "train": {
      "accuracy": 0.8227236099919419,
      "avg_confidence": 0.6118908524513245
    },
    "val": {
      "accuracy": 0.623279098873592,
      "avg_confidence": 0.6003405451774597
    },
    "test": {
      "accuracy": 0.626733921815889,
      "precision": 0.572429906542056,
      "recall": 0.6843575418994413,
      "avg_confidence": 0.5983641743659973
    }
  },
  "direction_calibrated": {
    "test_accuracy": 0.6469104665825978,
    "test_precision": 0.6133720930232558,
    "test_recall": 0.5893854748603352,
    "avg_confidence": 0.6308408975601196
  }
}