{
  "earnings_heavy": {
    "q10": {
      "mae": 0.11286475678144106,
      "mae_std": 0.00363427742789323
    },
    "q25": {
      "mae": 0.10515501394044774,
      "mae_std": 0.006530036431964883
    },
    "q50": {
      "mae": 0.10926218841271186,
      "mae_std": 0.012883705858433733
    },
    "q75": {
      "mae": 0.12641911425771957,
      "mae_std": 0.022782466660823748
    },
    "q90": {
      "mae": 0.14591590465247262,
      "mae_std": 0.024614083025044912
    },
    "direction": {
      "accuracy": 0.6369047619047619,
      "logloss": 0.8222378860878813
    },
    "confidence": {
      "rmse": 0.014629647465106359
    }
  },
  "fomc_minus_3": {
    "q10": {
      "mae": 0.16971133112137413,
      "mae_std": 0.056649776057946494
    },
    "q25": {
      "mae": 0.14134010431112096,
      "mae_std": 0.04797582724450572
    },
    "q50": {
      "mae": 0.13361341070353613,
      "mae_std": 0.03350942497284726
    },
    "q75": {
      "mae": 0.15331433312776319,
      "mae_std": 0.026873820749100857
    },
    "q90": {
      "mae": 0.1780763609634132,
      "mae_std": 0.022842350760153982
    },
    "direction": {
      "accuracy": 0.6183574879227053,
      "logloss": 0.893782119994218
    },
    "confidence": {
      "rmse": 0.020141561497495238
    }
  },
  "fomc_week": {
    "q10": {
      "mae": 0.1460806928809799,
      "mae_std": 0.000751437373058994
    },
    "q25": {
      "mae": 0.12892268595758516,
      "mae_std": 0.0012503908094535637
    },
    "q50": {
      "mae": 0.13345899392687588,
      "mae_std": 0.003576806029164367
    },
    "q75": {
      "mae": 0.1566086502061724,
      "mae_std": 0.012076190551258414
    },
    "q90": {
      "mae": 0.15765859139151306,
      "mae_std": 0.008200280907797022
    },
    "direction": {
      "accuracy": 0.5166666666666666,
      "logloss": 0.971321721148297
    },
    "confidence": {
      "rmse": 0.016537114380600793
    }
  },
  "futures_rollover": {
    "q10": {
      "mae": 0.10992941393995004,
      "mae_std": 0.023917869574729158
    },
    "q25": {
      "mae": 0.09819539745144175,
      "mae_std": 0.021247792977564236
    },
    "q50": {
      "mae": 0.10159603504849046,
      "mae_std": 0.0192211557425406
    },
    "q75": {
      "mae": 0.11334946026787147,
      "mae_std": 0.020248298617555904
    },
    "q90": {
      "mae": 0.1292087199361241,
      "mae_std": 0.022589579567076603
    },
    "direction": {
      "accuracy": 0.6376811594202898,
      "logloss": 0.8642526710787811
    },
    "confidence": {
      "rmse": 0.016239689102987037
    }
  },
  "mid_cycle": {
    "q10": {
      "mae": 0.12581351003498412,
      "mae_std": 0.01273230429362038
    },
    "q25": {
      "mae": 0.11219348240191154,
      "mae_std": 0.0108468223610875
    },
    "q50": {
      "mae": 0.11095471705699278,
      "mae_std": 0.009246361951089646
    },
    "q75": {
      "mae": 0.13517387707032297,
      "mae_std": 0.014632407292949451
    },
    "q90": {
      "mae": 0.17684992057531246,
      "mae_std": 0.03441071263260533
    },
    "direction": {
      "accuracy": 0.5691056910569106,
      "logloss": 0.8813130946032673
    },
    "confidence": {
      "rmse": 0.012844799880270642
    }
  },
  "monthly_opex_minus_1": {
    "q10": {
      "mae": 0.12075603960139111,
      "mae_std": 0.018092413275709807
    },
    "q25": {
      "mae": 0.10800863496844013,
      "mae_std": 0.012999590466349057
    },
    "q50": {
      "mae": 0.10918160186156281,
      "mae_std": 0.011502606597069285
    },
    "q75": {
      "mae": 0.14146735504897262,
      "mae_std": 0.024937852897913556
    },
    "q90": {
      "mae": 0.1684511468992072,
      "mae_std": 0.03221765859244353
    },
    "direction": {
      "accuracy": 0.6227678571428572,
      "logloss": 0.7700834266743877
    },
    "confidence": {
      "rmse": 0.014970025075389564
    }
  },
  "monthly_opex_minus_5": {
    "q10": {
      "mae": 0.13249315670971648,
      "mae_std": 0.01917587493292346
    },
    "q25": {
      "mae": 0.11527636586075672,
      "mae_std": 0.010720575743572255
    },
    "q50": {
      "mae": 0.10773406334487634,
      "mae_std": 0.006215664827442119
    },
    "q75": {
      "mae": 0.11314245588411409,
      "mae_std": 0.012842401810364825
    },
    "q90": {
      "mae": 0.128120701362958,
      "mae_std": 0.021465880631417317
    },
    "direction": {
      "accuracy": 0.5025,
      "logloss": 0.9917750600597628
    },
    "confidence": {
      "rmse": 0.015073257162443504
    }
  }
}