{
  "magnitude": {
    "train": {
      "mae_log": 0.08665409927410148,
      "rmse_log": 0.11816139206544336,
      "mae_pct": 8.980330196862061,
      "bias_pct": -1.071940901710715
    },
    "val": {
      "mae_log": 0.0993749733027643,
      "rmse_log": 0.129719900177208,
      "mae_pct": 10.150161760431287,
      "bias_pct": -1.2106593232702811
    },
    "test": {
      "mae_log": 0.1146647532275647,
      "rmse_log": 0.16255361239416805,
      "mae_pct": 11.887397623925107,
      "bias_pct": 0.3860032994719629,
      "direction_accuracy": 0.5792452830188679,
      "direction_precision": 0.5343915343915344,
      "direction_recall": 0.8112449799196787
    }
  }
}