{
  "compression": {
    "test": {
      "bias_pct": 0.5810292894562105,
      "clipped_pct": 0.0,
      "mae_log": 0.06807942480216021,
      "mae_pct": 5.795126222962451,
      "rmse_log": 0.10071273037735931
    },
    "train": {
      "bias_pct": -0.2787268081826676,
      "clipped_pct": 0.0,
      "mae_log": 0.055505301690982584,
      "mae_pct": 4.921765917767184,
      "rmse_log": 0.07273234007862128
    },
    "val": {
      "bias_pct": -1.3725546228431962,
      "clipped_pct": 0.0,
      "mae_log": 0.05319496674603321,
      "mae_pct": 4.812493998608594,
      "rmse_log": 0.0665736486114049
    }
  },
  "down_classifier": {
    "test": {
      "accuracy": 0.6,
      "auc": 0.6890864489639695,
      "avg_confidence": 0.5622515082359314,
      "f1": 0.5596330275229358,
      "precision": 0.6594594594594595,
      "recall": 0.4860557768924303,
      "threshold": 0.5
    },
    "train": {
      "accuracy": 0.6458572412210236,
      "avg_confidence": 0.5667188167572021
    },
    "val": {
      "accuracy": 0.49101796407185627,
      "avg_confidence": 0.5561046600341797
    }
  },
  "expansion": {
    "test": {
      "bias_pct": -3.5283565021010235,
      "clipped_pct": 0.0,
      "mae_log": 0.09067279995635236,
      "mae_pct": 11.189230817282825,
      "rmse_log": 0.14271197421736545
    },
    "train": {
      "bias_pct": -0.8877161517086103,
      "clipped_pct": 0.0,
      "mae_log": 0.08284625325081033,
      "mae_pct": 9.808920421997732,
      "rmse_log": 0.11876373484916672
    },
    "val": {
      "bias_pct": 0.449548406562094,
      "clipped_pct": 0.0,
      "mae_log": 0.076754859337146,
      "mae_pct": 8.730925965560786,
      "rmse_log": 0.0944439051342716
    }
  },
  "ternary": {
    "down_accuracy": 0.6961325966850829,
    "down_confidence": 0.7073278696217745,
    "down_count": 181,
    "down_magnitude": -11.803097671665636,
    "made_decision": 300,
    "no_decision": 180,
    "no_decision_pct": 0.375,
    "overall_accuracy": 0.7166666666666667,
    "total_samples": 480,
    "up_accuracy": 0.7478991596638656,
    "up_confidence": 0.7161830084410541,
    "up_count": 119,
    "up_magnitude": 12.087412880254384
  },
  "up_classifier": {
    "test": {
      "accuracy": 0.5520833333333334,
      "auc": 0.682971172080238,
      "avg_confidence": 0.6086231470108032,
      "f1": 0.12955465587044535,
      "precision": 0.8888888888888888,
      "recall": 0.06986899563318777,
      "threshold": 0.5
    },
    "train": {
      "accuracy": 0.5510672481064953,
      "avg_confidence": 0.6086118221282959
    },
    "val": {
      "accuracy": 0.5948103792415169,
      "avg_confidence": 0.616898238658905
    }
  }
}