{
  "expansion": {
    "train": {
      "mae_log": 0.08239427837908195,
      "rmse_log": 0.11826590748310355,
      "mae_pct": 9.763992809067213,
      "bias_pct": -0.9740495155126273,
      "clipped_pct": 0.0
    },
    "val": {
      "mae_log": 0.07773291270718066,
      "rmse_log": 0.0954215117029246,
      "mae_pct": 8.841168938124893,
      "bias_pct": 0.8081805295908845,
      "clipped_pct": 0.0
    },
    "test": {
      "mae_log": 0.09094004280544289,
      "rmse_log": 0.1414098452405581,
      "mae_pct": 11.219489011182842,
      "bias_pct": -3.093445319747434,
      "clipped_pct": 0.0
    }
  },
  "compression": {
    "train": {
      "mae_log": 0.05489448917026414,
      "rmse_log": 0.0721631888375068,
      "mae_pct": 4.866409776373045,
      "bias_pct": -0.2604697721115768,
      "clipped_pct": 0.0
    },
    "val": {
      "mae_log": 0.05375660434588309,
      "rmse_log": 0.066493946153215,
      "mae_pct": 4.864881013385198,
      "bias_pct": -1.4983852865576885,
      "clipped_pct": 0.0
    },
    "test": {
      "mae_log": 0.06903966914977593,
      "rmse_log": 0.10191978271073933,
      "mae_pct": 5.876596746897959,
      "bias_pct": 0.6474121917748642,
      "clipped_pct": 0.0
    }
  },
  "up_classifier": {
    "train": {
      "accuracy": 0.6649757897163938,
      "avg_confidence": 0.5428442358970642
    },
    "val": {
      "accuracy": 0.6087824351297405,
      "avg_confidence": 0.542894184589386
    },
    "test": {
      "accuracy": 0.6161825726141079,
      "precision": 0.7682926829268293,
      "recall": 0.27510917030567683,
      "f1": 0.40514469453376206,
      "avg_confidence": 0.5425636768341064
    }
  },
  "down_classifier": {
    "train": {
      "accuracy": 0.8007839520405811,
      "avg_confidence": 0.5780390501022339
    },
    "val": {
      "accuracy": 0.5968063872255489,
      "avg_confidence": 0.5588379502296448
    },
    "test": {
      "accuracy": 0.6265560165975104,
      "precision": 0.6070381231671554,
      "recall": 0.8181818181818182,
      "f1": 0.696969696969697,
      "avg_confidence": 0.5804384350776672
    }
  }
}