{
  "magnitude": {
    "train": {
      "mae_log": 0.09543102351662035,
      "rmse_log": 0.13027007032343296,
      "mae_pct": 9.82626008847295,
      "bias_pct": -1.1064795145980504,
      "clipped_pct": 0.0
    },
    "val": {
      "mae_log": 0.11676403381900932,
      "rmse_log": 0.1628236919077166,
      "mae_pct": 12.204652494325993,
      "bias_pct": -2.592395619116115,
      "clipped_pct": 0.0
    },
    "test": {
      "mae_log": 0.10118010222960705,
      "rmse_log": 0.14440594098454115,
      "mae_pct": 10.405994310508936,
      "bias_pct": -0.5303503141874527,
      "clipped_pct": 0.0
    }
  },
  "direction": {
    "train": {
      "accuracy": 0.8807413376309428,
      "avg_confidence": 0.6379739046096802
    },
    "val": {
      "accuracy": 0.5994993742177722,
      "avg_confidence": 0.6075814366340637
    },
    "test": {
      "accuracy": 0.6380832282471627,
      "precision": 0.579064587973274,
      "recall": 0.7262569832402235,
      "avg_confidence": 0.6048824191093445
    }
  },
  "direction_calibrated": {
    "test_accuracy": 0.6443883984867591,
    "test_precision": 0.6180124223602484,
    "test_recall": 0.5558659217877095,
    "avg_confidence": 0.6132792234420776
  }
}