{
  "magnitude": {
    "train": {
      "mae_log": 0.09110122678541234,
      "rmse_log": 0.1244518663486361,
      "mae_pct": 9.433392426821962,
      "bias_pct": -1.113979440695753
    },
    "val": {
      "mae_log": 0.09839920736993091,
      "rmse_log": 0.1295206234465937,
      "mae_pct": 10.051550945608888,
      "bias_pct": -1.2361457728941034
    },
    "test": {
      "mae_log": 0.11592844514023136,
      "rmse_log": 0.160364008027984,
      "mae_pct": 12.036405353098944,
      "bias_pct": 0.6593502489953131
    }
  },
  "direction": {
    "train": {
      "accuracy": 0.6601123595505618,
      "avg_confidence": 0.5814464092254639
    },
    "val": {
      "accuracy": 0.6235955056179775,
      "avg_confidence": 0.5891559720039368
    },
    "test": {
      "accuracy": 0.6433962264150943,
      "precision": 0.6442307692307693,
      "recall": 0.5381526104417671,
      "avg_confidence": 0.583752453327179
    }
  }
}