{
  "compression": {
    "test": {
      "bias_pct": 0.6462083001730907,
      "clipped_pct": 0.0,
      "mae_log": 0.06899213548018752,
      "mae_pct": 5.8767356702306195,
      "rmse_log": 0.10274055465116635
    },
    "train": {
      "bias_pct": -0.23408392388560814,
      "clipped_pct": 0.0,
      "mae_log": 0.05548755648492044,
      "mae_pct": 4.9195593248836165,
      "rmse_log": 0.07327517445509019
    },
    "val": {
      "bias_pct": -1.4561563736687768,
      "clipped_pct": 0.0,
      "mae_log": 0.05353426836689413,
      "mae_pct": 4.8453357120048794,
      "rmse_log": 0.06652642355765877
    }
  },
  "down_classifier": {
    "test": {
      "accuracy": 0.6083333333333333,
      "avg_confidence": 0.5743201971054077,
      "f1": 0.584070796460177,
      "precision": 0.6567164179104478,
      "recall": 0.5258964143426295
    },
    "train": {
      "accuracy": 0.6571821936668196,
      "avg_confidence": 0.573404848575592
    },
    "val": {
      "accuracy": 0.5449101796407185,
      "avg_confidence": 0.5685873031616211
    }
  },
  "expansion": {
    "test": {
      "bias_pct": -3.5228364727415142,
      "clipped_pct": 0.0,
      "mae_log": 0.0906405349708663,
      "mae_pct": 11.185612965823017,
      "rmse_log": 0.142631009465853
    },
    "train": {
      "bias_pct": -0.8885505224528127,
      "clipped_pct": 0.0,
      "mae_log": 0.0827559481358709,
      "mae_pct": 9.798523342595269,
      "rmse_log": 0.11863582084551731
    },
    "val": {
      "bias_pct": 0.4672473126482033,
      "clipped_pct": 0.0,
      "mae_log": 0.07685842820233926,
      "mae_pct": 8.74254114476396,
      "rmse_log": 0.09453825009687072
    }
  },
  "up_classifier": {
    "test": {
      "accuracy": 0.5229166666666667,
      "avg_confidence": 0.6036378145217896,
      "f1": 0.0,
      "precision": 0.0,
      "recall": 0.0
    },
    "train": {
      "accuracy": 0.5341899954107389,
      "avg_confidence": 0.6050952076911926
    },
    "val": {
      "accuracy": 0.5688622754491018,
      "avg_confidence": 0.6122620701789856
    }
  }
}