{
  "compression": {
    "test": {
      "bias_pct": 0.7457491306794025,
      "clipped_pct": 0.0,
      "mae_log": 0.06990090968715941,
      "mae_pct": 5.955201868129055,
      "rmse_log": 0.10302435906961709
    },
    "train": {
      "bias_pct": -0.32173973759963936,
      "clipped_pct": 0.0,
      "mae_log": 0.056649125248261635,
      "mae_pct": 5.02499321634189,
      "rmse_log": 0.07422003080772752
    },
    "val": {
      "bias_pct": -1.4461788054271891,
      "clipped_pct": 0.0,
      "mae_log": 0.05405959844528281,
      "mae_pct": 4.8927111277635005,
      "rmse_log": 0.06693815955648812
    }
  },
  "down_classifier": {
    "test": {
      "accuracy": 0.6356107660455487,
      "avg_confidence": 0.5587905049324036,
      "f1": 0.7133550488599348,
      "precision": 0.6083333333333333,
      "recall": 0.8622047244094488
    },
    "train": {
      "accuracy": 0.7514410883098916,
      "avg_confidence": 0.5639672875404358
    },
    "val": {
      "accuracy": 0.6127744510978044,
      "avg_confidence": 0.5553354024887085
    }
  },
  "expansion": {
    "test": {
      "bias_pct": -3.5394742748655377,
      "clipped_pct": 0.0,
      "mae_log": 0.09059249245661596,
      "mae_pct": 11.180239396508718,
      "rmse_log": 0.1426482320487692
    },
    "train": {
      "bias_pct": -1.006719936970983,
      "clipped_pct": 0.0,
      "mae_log": 0.08252691130586927,
      "mae_pct": 9.778971926438233,
      "rmse_log": 0.11864678016686407
    },
    "val": {
      "bias_pct": 0.38853359094901846,
      "clipped_pct": 0.0,
      "mae_log": 0.07657889830518003,
      "mae_pct": 8.711213403838933,
      "rmse_log": 0.09432667957678025
    }
  },
  "up_classifier": {
    "test": {
      "accuracy": 0.6211180124223602,
      "avg_confidence": 0.546739935874939,
      "f1": 0.4633431085043988,
      "precision": 0.7053571428571429,
      "recall": 0.34497816593886466
    },
    "train": {
      "accuracy": 0.6795019598801014,
      "avg_confidence": 0.5480582118034363
    },
    "val": {
      "accuracy": 0.6067864271457086,
      "avg_confidence": 0.5438406467437744
    }
  }
}