{
  "compression": {
    "test": {
      "bias_pct": 0.779029292648078,
      "clipped_pct": 0.0,
      "mae_log": 0.06992034139286936,
      "mae_pct": 5.957153545329658,
      "rmse_log": 0.10320382440612105
    },
    "train": {
      "bias_pct": -0.31883933759396693,
      "clipped_pct": 0.0,
      "mae_log": 0.056789956930525805,
      "mae_pct": 5.037899713927342,
      "rmse_log": 0.07435039551967278
    },
    "val": {
      "bias_pct": -1.4484477170900436,
      "clipped_pct": 0.0,
      "mae_log": 0.054233881616192026,
      "mae_pct": 4.9091353971887415,
      "rmse_log": 0.06699016889920402
    }
  },
  "down_classifier": {
    "test": {
      "accuracy": 0.6128364389233955,
      "avg_confidence": 0.5838420987129211,
      "f1": 0.6878130217028381,
      "precision": 0.5971014492753624,
      "recall": 0.8110236220472441
    },
    "train": {
      "accuracy": 0.8026285450772424,
      "avg_confidence": 0.5973370671272278
    },
    "val": {
      "accuracy": 0.6007984031936128,
      "avg_confidence": 0.5792166590690613
    }
  },
  "expansion": {
    "test": {
      "bias_pct": -3.4425558522831694,
      "clipped_pct": 0.0,
      "mae_log": 0.09055882101812378,
      "mae_pct": 11.176455094386268,
      "rmse_log": 0.1422910921052169
    },
    "train": {
      "bias_pct": -1.0117301111377546,
      "clipped_pct": 0.0,
      "mae_log": 0.0825440063455009,
      "mae_pct": 9.780880930196124,
      "rmse_log": 0.11863266277653359
    },
    "val": {
      "bias_pct": 0.4896354441783999,
      "clipped_pct": 0.0,
      "mae_log": 0.07670272608422823,
      "mae_pct": 8.72512159821226,
      "rmse_log": 0.09440444194835386
    }
  },
  "up_classifier": {
    "test": {
      "accuracy": 0.660455486542443,
      "avg_confidence": 0.5455003976821899,
      "f1": 0.5176470588235295,
      "precision": 0.7927927927927928,
      "recall": 0.38427947598253276
    },
    "train": {
      "accuracy": 0.6753516255476135,
      "avg_confidence": 0.5486177206039429
    },
    "val": {
      "accuracy": 0.6207584830339321,
      "avg_confidence": 0.5405798554420471
    }
  }
}