{
  "compression": {
    "test": {
      "bias_pct": 0.6713474963053474,
      "clipped_pct": 0.0,
      "mae_log": 0.06906900300608691,
      "mae_pct": 5.885408938139568,
      "rmse_log": 0.102446313692075
    },
    "train": {
      "bias_pct": -0.3244676016161895,
      "clipped_pct": 0.0,
      "mae_log": 0.05643282541140335,
      "mae_pct": 5.005402015685794,
      "rmse_log": 0.07388564009596667
    },
    "val": {
      "bias_pct": -1.4719384455018019,
      "clipped_pct": 0.0,
      "mae_log": 0.05415978193705232,
      "mae_pct": 4.900890379432963,
      "rmse_log": 0.0672620053371368
    }
  },
  "down_classifier": {
    "test": {
      "accuracy": 0.6208333333333333,
      "avg_confidence": 0.5928407907485962,
      "f1": 0.6925675675675675,
      "precision": 0.6011730205278593,
      "recall": 0.8167330677290837
    },
    "train": {
      "accuracy": 0.7970947659672585,
      "avg_confidence": 0.5970109105110168
    },
    "val": {
      "accuracy": 0.5848303393213573,
      "avg_confidence": 0.5829312205314636
    }
  },
  "expansion": {
    "test": {
      "bias_pct": -3.524471178797268,
      "clipped_pct": 0.0,
      "mae_log": 0.09063527531645887,
      "mae_pct": 11.185033914767775,
      "rmse_log": 0.1425972383064903
    },
    "train": {
      "bias_pct": -1.0085864290601905,
      "clipped_pct": 0.0,
      "mae_log": 0.08265276668681344,
      "mae_pct": 9.793074557588781,
      "rmse_log": 0.11881592833459467
    },
    "val": {
      "bias_pct": 0.42633382793355395,
      "clipped_pct": 0.0,
      "mae_log": 0.07673561654243659,
      "mae_pct": 8.728786756052191,
      "rmse_log": 0.09448401116187458
    }
  },
  "up_classifier": {
    "test": {
      "accuracy": 0.6770833333333334,
      "avg_confidence": 0.7519274950027466,
      "f1": 0.6593406593406593,
      "precision": 0.6637168141592921,
      "recall": 0.6550218340611353
    },
    "train": {
      "accuracy": 0.9868572746137884,
      "avg_confidence": 0.8552079200744629
    },
    "val": {
      "accuracy": 0.5768463073852296,
      "avg_confidence": 0.7521969079971313
    }
  }
}