{
  "compression": {
    "test": {
      "bias_pct": 0.5878281034389181,
      "clipped_pct": 0.0,
      "mae_log": 0.06823867994638927,
      "mae_pct": 5.809104014801435,
      "rmse_log": 0.10100976569899776
    },
    "train": {
      "bias_pct": -0.22139743512613144,
      "clipped_pct": 0.0,
      "mae_log": 0.05419997255823764,
      "mae_pct": 4.803985513432353,
      "rmse_log": 0.07142827367675883
    },
    "val": {
      "bias_pct": -1.4875027198714263,
      "clipped_pct": 0.0,
      "mae_log": 0.05286078128860274,
      "mae_pct": 4.782911972874555,
      "rmse_log": 0.06611126457005888
    }
  },
  "down_classifier": {
    "test": {
      "accuracy": 0.5791666666666667,
      "auc": 0.6753249012682894,
      "avg_confidence": 0.5535992980003357,
      "f1": 0.705547652916074,
      "optimal_threshold": 0.35138681530952454,
      "precision": 0.5486725663716814,
      "recall": 0.9880478087649402
    },
    "train": {
      "accuracy": 0.6135842129417164,
      "avg_confidence": 0.5571015477180481
    },
    "val": {
      "accuracy": 0.5069860279441117,
      "avg_confidence": 0.551182210445404
    }
  },
  "expansion": {
    "test": {
      "bias_pct": -3.5296201205702618,
      "clipped_pct": 0.0,
      "mae_log": 0.09067030602904014,
      "mae_pct": 11.188949400069152,
      "rmse_log": 0.14271351474655833
    },
    "train": {
      "bias_pct": -0.8873009854781361,
      "clipped_pct": 0.0,
      "mae_log": 0.0828136217736674,
      "mae_pct": 9.804988812857617,
      "rmse_log": 0.11873555135311634
    },
    "val": {
      "bias_pct": 0.4482847880928557,
      "clipped_pct": 0.0,
      "mae_log": 0.07675247453047326,
      "mae_pct": 8.730656861627521,
      "rmse_log": 0.094442883643879
    }
  },
  "up_classifier": {
    "test": {
      "accuracy": 0.5854166666666667,
      "auc": 0.6872509960159364,
      "avg_confidence": 0.5953994989395142,
      "f1": 0.6571018651362984,
      "optimal_threshold": 0.32530102133750916,
      "precision": 0.4893162393162393,
      "recall": 1.0
    },
    "train": {
      "accuracy": 0.6209270307480496,
      "avg_confidence": 0.5982955694198608
    },
    "val": {
      "accuracy": 0.6087824351297405,
      "avg_confidence": 0.6052570343017578
    }
  }
}