{
  "earnings_heavy": {
    "q10": {
      "mae": 0.11545867990992434,
      "mae_std": 0.0010017171064091793
    },
    "q25": {
      "mae": 0.09278587773220356,
      "mae_std": 0.006150755739977268
    },
    "q50": {
      "mae": 0.08150482821812667,
      "mae_std": 0.004215523145030486
    },
    "q75": {
      "mae": 0.08897048476703068,
      "mae_std": 0.004417366489715371
    },
    "q90": {
      "mae": 0.10270217973727784,
      "mae_std": 0.0003793352775073727
    },
    "direction": {
      "accuracy": 0.6170212765957447,
      "logloss": 0.8864573959364819
    },
    "confidence": {
      "rmse": 0.013175317770215456
    }
  },
  "fomc_period": {
    "q10": {
      "mae": 0.11988988790008195,
      "mae_std": 0.008264210858814269
    },
    "q25": {
      "mae": 0.10639691698217923,
      "mae_std": 0.009476458069506831
    },
    "q50": {
      "mae": 0.10731021398910531,
      "mae_std": 0.009779322616814839
    },
    "q75": {
      "mae": 0.12300776765839858,
      "mae_std": 0.014817832416493945
    },
    "q90": {
      "mae": 0.1506366096560909,
      "mae_std": 0.020767851278379337
    },
    "direction": {
      "accuracy": 0.5865591397849462,
      "logloss": 0.8413674146800437
    },
    "confidence": {
      "rmse": 0.012516995985093048
    }
  },
  "mid_cycle": {
    "q10": {
      "mae": 0.12694166867702963,
      "mae_std": 0.01921931855528774
    },
    "q25": {
      "mae": 0.11158997947230098,
      "mae_std": 0.01657499543652933
    },
    "q50": {
      "mae": 0.11039835608601237,
      "mae_std": 0.01225123164081491
    },
    "q75": {
      "mae": 0.12804100959541698,
      "mae_std": 0.01652945095645737
    },
    "q90": {
      "mae": 0.14966525494644492,
      "mae_std": 0.022241987209034083
    },
    "direction": {
      "accuracy": 0.5541666666666666,
      "logloss": 0.8515988260530541
    },
    "confidence": {
      "rmse": 0.01378195356557134
    }
  },
  "opex_week": {
    "q10": {
      "mae": 0.1137125280321178,
      "mae_std": 0.004555614685328841
    },
    "q25": {
      "mae": 0.10316420117969248,
      "mae_std": 0.004490789249416245
    },
    "q50": {
      "mae": 0.09797239328483218,
      "mae_std": 0.005974428107741174
    },
    "q75": {
      "mae": 0.11083261439398627,
      "mae_std": 0.012808673430793208
    },
    "q90": {
      "mae": 0.13190751369855358,
      "mae_std": 0.013978801155267024
    },
    "direction": {
      "accuracy": 0.614516129032258,
      "logloss": 0.8690753100180837
    },
    "confidence": {
      "rmse": 0.014737128098218122
    }
  }
}