{
  "magnitude": {
    "train": {
      "mae_log": 0.08386466115842978,
      "rmse_log": 0.1135410463673924,
      "mae_pct": 8.665112184372045,
      "bias_pct": -0.9980198093336494
    },
    "val": {
      "mae_log": 0.11909697293155885,
      "rmse_log": 0.16257257332678696,
      "mae_pct": 12.445268776017414,
      "bias_pct": -0.8927187866875539
    },
    "test": {
      "mae_log": 0.11050144281768942,
      "rmse_log": 0.15179396133950424,
      "mae_pct": 11.385088587291657,
      "bias_pct": 2.252485767575847,
      "direction_accuracy": 0.5439698492462312,
      "direction_precision": 0.4974958263772955,
      "direction_recall": 0.8277777777777777
    }
  }
}