{
  "magnitude": {
    "train": {
      "mae_log": 0.09110122678541234,
      "rmse_log": 0.1244518663486361,
      "mae_pct": 9.433392426821962,
      "bias_pct": -1.113979440695753
    },
    "val": {
      "mae_log": 0.09839920736993091,
      "rmse_log": 0.1295206234465937,
      "mae_pct": 10.051550945608888,
      "bias_pct": -1.2361457728941034
    },
    "test": {
      "mae_log": 0.11592844514023136,
      "rmse_log": 0.160364008027984,
      "mae_pct": 12.036405353098944,
      "bias_pct": 0.6593502489953131
    }
  },
  "direction": {
    "train": {
      "accuracy": 0.8696161048689138,
      "avg_confidence": 0.6199859380722046
    },
    "val": {
      "accuracy": 0.6198501872659176,
      "avg_confidence": 0.6044484972953796
    },
    "test": {
      "accuracy": 0.620754716981132,
      "precision": 0.6290322580645161,
      "recall": 0.46987951807228917,
      "avg_confidence": 0.5958331227302551
    }
  }
}