{
  "earnings_heavy": {
    "q10": {
      "mae": 1.0856172928240762,
      "mae_std": 0.079210584432851,
      "pred_variance": 0.3611522098188184
    },
    "q25": {
      "mae": 0.9139081459306315,
      "mae_std": 0.06604217164263348,
      "pred_variance": 0.3283481108455496
    },
    "q50": {
      "mae": 0.6182373810016467,
      "mae_std": 0.08908753995004903,
      "pred_variance": 0.25568480024503326
    },
    "q75": {
      "mae": 0.5673843869343185,
      "mae_std": 0.1536804975034584,
      "pred_variance": 0.26761880818866185
    },
    "q90": {
      "mae": 0.4666665715702684,
      "mae_std": 0.034942971255918776,
      "pred_variance": 0.3085703290126837
    },
    "direction": {
      "accuracy": 0.5208333333333333,
      "logloss": 0.992871802463982
    },
    "confidence": {
      "rmse": 0.030960543653541055
    }
  },
  "fomc_minus_3": {
    "q10": {
      "mae": 0.5757694570540164,
      "mae_std": 0.24822792644631939,
      "pred_variance": 0.3598647478312511
    },
    "q25": {
      "mae": 0.4624857411517366,
      "mae_std": 0.0675578188010357,
      "pred_variance": 0.289929526236662
    },
    "q50": {
      "mae": 0.4877303014381534,
      "mae_std": 0.017570964253394605,
      "pred_variance": 0.2937386960514468
    },
    "q75": {
      "mae": 0.4910347574917351,
      "mae_std": 0.002126937482176239,
      "pred_variance": 0.29932933037841797
    },
    "q90": {
      "mae": 0.6513725451611327,
      "mae_std": 0.13369406408646717,
      "pred_variance": 0.2918734394197501
    },
    "direction": {
      "accuracy": 0.44999999999999996,
      "logloss": 1.0262759038786249
    },
    "confidence": {
      "rmse": 0.024373455848007864
    }
  },
  "fomc_week": {
    "q10": {
      "mae": 0.3140713670403289,
      "mae_std": 0.0,
      "pred_variance": 0.19125905191863124
    },
    "q25": {
      "mae": 0.17892934057986815,
      "mae_std": 0.0,
      "pred_variance": 0.11835545877313136
    },
    "q50": {
      "mae": 0.024306078519832335,
      "mae_std": 0.0,
      "pred_variance": 0.004640215311078946
    },
    "q75": {
      "mae": 0.10075315441187963,
      "mae_std": 0.0,
      "pred_variance": 0.03318103910092445
    },
    "q90": {
      "mae": 0.3284013198947714,
      "mae_std": 0.0,
      "pred_variance": 0.14979286908757722
    },
    "direction": {
      "accuracy": 0.972972972972973,
      "logloss": 0.3152592000567114
    },
    "confidence": {
      "rmse": 0.01852823721725417
    }
  },
  "futures_rollover": {
    "q10": {
      "mae": 0.2391341038834565,
      "mae_std": 0.0,
      "pred_variance": 0.06016967479737202
    },
    "q25": {
      "mae": 0.05625476453874619,
      "mae_std": 0.0,
      "pred_variance": 0.010620459807964866
    },
    "q50": {
      "mae": 0.017058572406962787,
      "mae_std": 0.0,
      "pred_variance": 0.00356455116139236
    },
    "q75": {
      "mae": 0.12254507690429191,
      "mae_std": 0.0,
      "pred_variance": 0.04969531980185901
    },
    "q90": {
      "mae": 0.3291348514158869,
      "mae_std": 0.0,
      "pred_variance": 0.15978562780343614
    },
    "direction": {
      "accuracy": 0.9565217391304348,
      "logloss": 0.23500886084031067
    },
    "confidence": {
      "rmse": 0.015949568474395565
    }
  },
  "mid_cycle": {
    "q10": {
      "mae": 0.6514588854741867,
      "mae_std": 0.1112579278350044,
      "pred_variance": 0.31339442225778863
    },
    "q25": {
      "mae": 0.4628322963796706,
      "mae_std": 0.022961401440115294,
      "pred_variance": 0.2993849558503721
    },
    "q50": {
      "mae": 0.4512953312020003,
      "mae_std": 0.05537226588384904,
      "pred_variance": 0.326736684183458
    },
    "q75": {
      "mae": 0.43962942207264566,
      "mae_std": 0.09853699654225204,
      "pred_variance": 0.29870620809746384
    },
    "q90": {
      "mae": 0.49851503907686623,
      "mae_std": 0.16313444043414338,
      "pred_variance": 0.3082916933419111
    },
    "direction": {
      "accuracy": 0.5952380952380952,
      "logloss": 0.8901920446926739
    },
    "confidence": {
      "rmse": 0.01673940975032009
    }
  },
  "monthly_opex_minus_1": {
    "q10": {
      "mae": 0.6654006361879609,
      "mae_std": 0.1244122696765465,
      "pred_variance": 0.18644014340537848
    },
    "q25": {
      "mae": 0.4370768979208957,
      "mae_std": 0.0060923077228623446,
      "pred_variance": 0.18332675536937937
    },
    "q50": {
      "mae": 0.38886601334412685,
      "mae_std": 0.06758408979530134,
      "pred_variance": 0.21706388603261442
    },
    "q75": {
      "mae": 0.3448929392998701,
      "mae_std": 0.0730132384512722,
      "pred_variance": 0.18694378324376773
    },
    "q90": {
      "mae": 0.3578209029998149,
      "mae_std": 0.11321847567266081,
      "pred_variance": 0.18644759781143444
    },
    "direction": {
      "accuracy": 0.4714285714285714,
      "logloss": 1.2660815643718881
    },
    "confidence": {
      "rmse": 0.022963585172575803
    }
  },
  "monthly_opex_minus_5": {
    "q10": {
      "mae": 0.6462956492273327,
      "mae_std": 0.04813509557337403,
      "pred_variance": 0.1537609126671476
    },
    "q25": {
      "mae": 0.371888717857191,
      "mae_std": 0.008175489561045912,
      "pred_variance": 0.12127695242797784
    },
    "q50": {
      "mae": 0.29591039980976674,
      "mae_std": 0.006640481526619473,
      "pred_variance": 0.1357695253196458
    },
    "q75": {
      "mae": 0.3107057831885393,
      "mae_std": 0.04492639769971313,
      "pred_variance": 0.13376966737539198
    },
    "q90": {
      "mae": 0.431387837730972,
      "mae_std": 0.04543742334643569,
      "pred_variance": 0.15689850331064478
    },
    "direction": {
      "accuracy": 0.5666666666666667,
      "logloss": 1.0851573677020392
    },
    "confidence": {
      "rmse": 0.021845396934991084
    }
  }
}