{
  "earnings_heavy": {
    "q10": {
      "mae": 11.509365964599626,
      "mae_std": 0.22279874307784236
    },
    "q25": {
      "mae": 10.620541703514634,
      "mae_std": 0.6132107857801352
    },
    "q50": {
      "mae": 11.539318192380957,
      "mae_std": 1.5903270533194709
    },
    "q75": {
      "mae": 13.89992654527283,
      "mae_std": 2.4227933365421945
    },
    "q90": {
      "mae": 15.449248636605528,
      "mae_std": 2.4325878730409563
    },
    "direction": {
      "accuracy": 0.6369047619047619,
      "logloss": 0.8222378860878813
    },
    "confidence": {
      "rmse": 0.014629647465106359
    }
  },
  "fomc_minus_3": {
    "q10": {
      "mae": 17.45908740740547,
      "mae_std": 7.2611608412941635
    },
    "q25": {
      "mae": 15.207640294826627,
      "mae_std": 6.347732235766692
    },
    "q50": {
      "mae": 15.1794054748863,
      "mae_std": 4.9550144205762106
    },
    "q75": {
      "mae": 17.717465419179437,
      "mae_std": 4.261010146126584
    },
    "q90": {
      "mae": 22.020560508869703,
      "mae_std": 6.646800049414056
    },
    "direction": {
      "accuracy": 0.6183574879227053,
      "logloss": 0.893782119994218
    },
    "confidence": {
      "rmse": 0.020141561497495238
    }
  },
  "fomc_week": {
    "q10": {
      "mae": 14.736534177163172,
      "mae_std": 0.6772877663863417
    },
    "q25": {
      "mae": 13.828662033666138,
      "mae_std": 0.7714095266568766
    },
    "q50": {
      "mae": 13.982568787712083,
      "mae_std": 0.20453958893420054
    },
    "q75": {
      "mae": 16.37966989384463,
      "mae_std": 0.6939271063380863
    },
    "q90": {
      "mae": 18.017324496480143,
      "mae_std": 1.6015082481474519
    },
    "direction": {
      "accuracy": 0.5166666666666666,
      "logloss": 0.971321721148297
    },
    "confidence": {
      "rmse": 0.016537114380600793
    }
  },
  "futures_rollover": {
    "q10": {
      "mae": 11.61133108694249,
      "mae_std": 2.7137717882376675
    },
    "q25": {
      "mae": 10.66653539814349,
      "mae_std": 2.352004313737306
    },
    "q50": {
      "mae": 10.803279340956022,
      "mae_std": 2.044058795351642
    },
    "q75": {
      "mae": 12.429277070751438,
      "mae_std": 2.3551630242644537
    },
    "q90": {
      "mae": 14.037331120624877,
      "mae_std": 2.278161119089723
    },
    "direction": {
      "accuracy": 0.6376811594202898,
      "logloss": 0.8642526710787811
    },
    "confidence": {
      "rmse": 0.016239689102987037
    }
  },
  "mid_cycle": {
    "q10": {
      "mae": 12.46497514688083,
      "mae_std": 1.3755741134347885
    },
    "q25": {
      "mae": 11.446551457934145,
      "mae_std": 1.379944170627423
    },
    "q50": {
      "mae": 11.54644477035834,
      "mae_std": 1.0854573667723424
    },
    "q75": {
      "mae": 14.985023180456082,
      "mae_std": 2.2830543640523278
    },
    "q90": {
      "mae": 19.587617104419465,
      "mae_std": 4.6934183518126416
    },
    "direction": {
      "accuracy": 0.5691056910569106,
      "logloss": 0.8813130946032673
    },
    "confidence": {
      "rmse": 0.012844799880270642
    }
  },
  "monthly_opex_minus_1": {
    "q10": {
      "mae": 12.125093209688128,
      "mae_std": 2.3109051219252983
    },
    "q25": {
      "mae": 10.961630316305248,
      "mae_std": 1.9095449162784646
    },
    "q50": {
      "mae": 11.164351623523839,
      "mae_std": 1.543638499316274
    },
    "q75": {
      "mae": 15.791028970380363,
      "mae_std": 3.217550888924341
    },
    "q90": {
      "mae": 20.085116243384242,
      "mae_std": 6.669005284332756
    },
    "direction": {
      "accuracy": 0.6227678571428572,
      "logloss": 0.7700834266743877
    },
    "confidence": {
      "rmse": 0.014970025075389564
    }
  },
  "monthly_opex_minus_5": {
    "q10": {
      "mae": 13.20313863552952,
      "mae_std": 2.124438504376423
    },
    "q25": {
      "mae": 12.080749090381737,
      "mae_std": 1.3549644496605644
    },
    "q50": {
      "mae": 11.339674733738546,
      "mae_std": 1.1283393765683436
    },
    "q75": {
      "mae": 12.37913132725777,
      "mae_std": 2.093444286625803
    },
    "q90": {
      "mae": 13.741469030685714,
      "mae_std": 2.614317349621945
    },
    "direction": {
      "accuracy": 0.5025,
      "logloss": 0.9917750600597628
    },
    "confidence": {
      "rmse": 0.015073257162443504
    }
  }
}