{
  "compression": {
    "test": {
      "bias_pct": 0.6509162394295882,
      "clipped_pct": 0.0,
      "mae_log": 0.06869035422878318,
      "mae_pct": 5.851060275569072,
      "rmse_log": 0.10157958610275508
    },
    "train": {
      "bias_pct": -0.282358364339652,
      "clipped_pct": 0.0,
      "mae_log": 0.05587708829795685,
      "mae_pct": 4.955961682396752,
      "rmse_log": 0.07316913082224594
    },
    "val": {
      "bias_pct": -1.3827088199337467,
      "clipped_pct": 0.0,
      "mae_log": 0.05363307029247008,
      "mae_pct": 4.853195128167718,
      "rmse_log": 0.06673844681436157
    }
  },
  "down_classifier": {
    "test": {
      "accuracy": 0.64375,
      "avg_confidence": 0.5267714262008667,
      "f1": 0.7086882453151618,
      "precision": 0.6190476190476191,
      "recall": 0.8286852589641435
    },
    "train": {
      "accuracy": 0.7294009639660317,
      "avg_confidence": 0.5265445709228516
    },
    "val": {
      "accuracy": 0.6087824351297405,
      "avg_confidence": 0.5247195959091187
    }
  },
  "expansion": {
    "test": {
      "bias_pct": -3.554856250331004,
      "clipped_pct": 0.0,
      "mae_log": 0.09062539792884569,
      "mae_pct": 11.183916433352847,
      "rmse_log": 0.1427446742770903
    },
    "train": {
      "bias_pct": -0.9142158999385908,
      "clipped_pct": 0.0,
      "mae_log": 0.08278253013144993,
      "mae_pct": 9.801776330188071,
      "rmse_log": 0.11876397006967615
    },
    "val": {
      "bias_pct": 0.4230486583321135,
      "clipped_pct": 0.0,
      "mae_log": 0.07670452135198803,
      "mae_pct": 8.725282500659956,
      "rmse_log": 0.09442262322818581
    }
  },
  "up_classifier": {
    "test": {
      "accuracy": 0.65,
      "avg_confidence": 0.5936353206634521,
      "f1": 0.5531914893617021,
      "precision": 0.7074829931972789,
      "recall": 0.45414847161572053
    },
    "train": {
      "accuracy": 0.7119577691071839,
      "avg_confidence": 0.589770495891571
    },
    "val": {
      "accuracy": 0.6047904191616766,
      "avg_confidence": 0.5973811745643616
    }
  }
}