{
  "direction": {
    "train": {
      "accuracy": 0.82775567516967,
      "precision": 0.8532883642495784,
      "recall": 0.7616658304064224,
      "logloss": 0.4733616306899702
    },
    "test": {
      "accuracy": 0.6109022556390977,
      "precision": 0.5865384615384616,
      "recall": 0.391025641025641,
      "logloss": 0.688987368239826
    }
  },
  "magnitude": {
    "train": {
      "mae_log": 0.09433093978837144,
      "rmse_log": 0.12974771057916612,
      "mae_pct": 9.659965242461151,
      "bias_pct": -0.9663169780527386
    },
    "test": {
      "mae_log": 0.11566972785044559,
      "rmse_log": 0.1603390521543343,
      "mae_pct": 12.03120002711923,
      "bias_pct": -2.2119605431893627
    }
  }
}