{
  "magnitude": {
    "train": {
      "mae_log": 0.09770692514225254,
      "rmse_log": 0.1351555446943682,
      "mae_pct": 10.093538333165586,
      "bias_pct": -1.1905770117699686,
      "clipped_pct": 0.0
    },
    "val": {
      "mae_log": 0.09179732676623249,
      "rmse_log": 0.12151832057665143,
      "mae_pct": 9.3300959577023,
      "bias_pct": -0.9488517126522958,
      "clipped_pct": 0.0
    },
    "test": {
      "mae_log": 0.11768634175734638,
      "rmse_log": 0.16789488681405956,
      "mae_pct": 12.23933089380739,
      "bias_pct": -0.988959691210208,
      "clipped_pct": 0.0
    }
  },
  "direction": {
    "train": {
      "accuracy": 0.8630389670278995,
      "avg_confidence": 0.617194414138794
    },
    "val": {
      "accuracy": 0.5449101796407185,
      "avg_confidence": 0.5768617987632751
    },
    "test": {
      "accuracy": 0.6231578947368421,
      "precision": 0.6106194690265486,
      "recall": 0.6026200873362445,
      "avg_confidence": 0.5980415940284729
    }
  },
  "direction_calibrated": {
    "test_accuracy": 0.6021052631578947,
    "test_precision": 0.7380952380952381,
    "test_recall": 0.27074235807860264,
    "avg_confidence": 0.6465061902999878
  }
}