{
  "magnitude": {
    "train": {
      "mae_log": 0.08901365858122622,
      "rmse_log": 0.1216011800537565,
      "mae_pct": 9.21796713407917,
      "bias_pct": -1.06739661060957
    },
    "val": {
      "mae_log": 0.09886802159060049,
      "rmse_log": 0.12965116811820618,
      "mae_pct": 10.100406092601865,
      "bias_pct": -1.3110998982127378
    },
    "test": {
      "mae_log": 0.11318572912926389,
      "rmse_log": 0.16150427470862805,
      "mae_pct": 11.731136184195547,
      "bias_pct": 0.08412580274984263,
      "direction_accuracy": 0.5897920604914934,
      "direction_precision": 0.5420054200542005,
      "direction_recall": 0.8064516129032258
    }
  }
}