{
  "q1": {
    "q10": {
      "mae": 0.3651948219191408,
      "mae_std": 0.07076982814625331
    },
    "q25": {
      "mae": 0.34334774152718944,
      "mae_std": 0.055582104940884676
    },
    "q50": {
      "mae": 0.3683307542283411,
      "mae_std": 0.030985345304054484
    },
    "q75": {
      "mae": 0.4429155500154443,
      "mae_std": 0.08023926150750522
    },
    "q90": {
      "mae": 0.5751234025358427,
      "mae_std": 0.10245451864581226
    },
    "direction": {
      "accuracy": 0.5858156028368795,
      "logloss": 0.9685106697783734
    },
    "confidence": {
      "rmse": 0.017871286868908907
    }
  }
}