{
  "earnings_heavy": {
    "q10": {
      "mae": 0.9789003280181241,
      "mae_std": 0.12825855693217242
    },
    "q25": {
      "mae": 0.6217146435162586,
      "mae_std": 0.06512088732760513
    },
    "q50": {
      "mae": 0.4750830902493436,
      "mae_std": 0.013902790014333172
    },
    "q75": {
      "mae": 0.4302299380509136,
      "mae_std": 0.02321934350794816
    },
    "q90": {
      "mae": 0.33866771032113846,
      "mae_std": 0.03573416925115164
    },
    "direction": {
      "accuracy": 0.5227272727272727,
      "logloss": 0.9787384255023428
    },
    "confidence": {
      "rmse": 0.05677750032115466
    }
  },
  "fomc_minus_3": {
    "q10": {
      "mae": 0.714869640685044,
      "mae_std": 0.16718779554670918
    },
    "q25": {
      "mae": 0.5614171897679165,
      "mae_std": 0.05815664576955254
    },
    "q50": {
      "mae": 0.4565750997331384,
      "mae_std": 0.033128544138622734
    },
    "q75": {
      "mae": 0.5271021974845352,
      "mae_std": 0.14480805323655016
    },
    "q90": {
      "mae": 0.5737284299337403,
      "mae_std": 0.1869735748069158
    },
    "direction": {
      "accuracy": 0.6376811594202898,
      "logloss": 0.8777585795640235
    },
    "confidence": {
      "rmse": 0.035834551771634277
    }
  },
  "fomc_week": {
    "q10": {
      "mae": 0.4573735374696382,
      "mae_std": 0.1380043822816534
    },
    "q25": {
      "mae": 0.3824161005670549,
      "mae_std": 0.08184133900048138
    },
    "q50": {
      "mae": 0.39709012320509957,
      "mae_std": 0.061372625333760755
    },
    "q75": {
      "mae": 0.4035244311859537,
      "mae_std": 0.07808560799283351
    },
    "q90": {
      "mae": 0.595739954469148,
      "mae_std": 0.14328242157512405
    },
    "direction": {
      "accuracy": 0.5,
      "logloss": 0.7337612308135173
    },
    "confidence": {
      "rmse": 0.02967507895514721
    }
  },
  "futures_rollover": {
    "q10": {
      "mae": 0.4570313656506393,
      "mae_std": 0.014996007777422465
    },
    "q25": {
      "mae": 0.45445487360116193,
      "mae_std": 0.006109551287859505
    },
    "q50": {
      "mae": 0.5087937159309582,
      "mae_std": 0.042526475046375495
    },
    "q75": {
      "mae": 0.4747618646155157,
      "mae_std": 0.04477629142632337
    },
    "q90": {
      "mae": 0.47406861127800987,
      "mae_std": 0.15173702848621368
    },
    "direction": {
      "accuracy": 0.45454545454545453,
      "logloss": 0.6928375319880826
    },
    "confidence": {
      "rmse": 0.029475981858371657
    }
  },
  "mid_cycle": {
    "q10": {
      "mae": 0.6560481907879682,
      "mae_std": 0.3137912366984693
    },
    "q25": {
      "mae": 0.5285153243883558,
      "mae_std": 0.22116272744328372
    },
    "q50": {
      "mae": 0.44351039667158165,
      "mae_std": 0.16192909362129773
    },
    "q75": {
      "mae": 0.42907713119755364,
      "mae_std": 0.14638899476136624
    },
    "q90": {
      "mae": 0.45070298267630643,
      "mae_std": 0.1518718552759565
    },
    "direction": {
      "accuracy": 0.6026666666666667,
      "logloss": 0.9130126477930265
    },
    "confidence": {
      "rmse": 0.027662113527642206
    }
  },
  "monthly_opex_minus_1": {
    "q10": {
      "mae": 0.6127536439589093,
      "mae_std": 0.0982390328808143
    },
    "q25": {
      "mae": 0.41199267485309604,
      "mae_std": 0.009170004386099093
    },
    "q50": {
      "mae": 0.3455344005483634,
      "mae_std": 0.08784552674923789
    },
    "q75": {
      "mae": 0.3528496304534417,
      "mae_std": 0.10463876781499032
    },
    "q90": {
      "mae": 0.4249054370357788,
      "mae_std": 0.1696547467149495
    },
    "direction": {
      "accuracy": 0.5,
      "logloss": 0.8394795233238992
    },
    "confidence": {
      "rmse": 0.04112363870220985
    }
  },
  "monthly_opex_minus_5": {
    "q10": {
      "mae": 0.6029839900872648,
      "mae_std": 0.1448179797192858
    },
    "q25": {
      "mae": 0.3741634540457465,
      "mae_std": 0.027258467818424916
    },
    "q50": {
      "mae": 0.281186493830263,
      "mae_std": 0.021473987920029924
    },
    "q75": {
      "mae": 0.3056083090194897,
      "mae_std": 0.06361677284664526
    },
    "q90": {
      "mae": 0.39029123009167943,
      "mae_std": 0.07898266180352367
    },
    "direction": {
      "accuracy": 0.608695652173913,
      "logloss": 0.7798025772174039
    },
    "confidence": {
      "rmse": 0.03950519681120331
    }
  }
}