{
  "earnings_heavy": {
    "q10": {
      "mae": 1.077394017480499,
      "mae_std": 0.06966661917266315
    },
    "q25": {
      "mae": 0.7771831446925549,
      "mae_std": 0.04647909558781227
    },
    "q50": {
      "mae": 0.6611189438128391,
      "mae_std": 0.07989805545252521
    },
    "q75": {
      "mae": 0.6246273764744186,
      "mae_std": 0.15763902077692643
    },
    "q90": {
      "mae": 0.46656509532646295,
      "mae_std": 0.043366875169885105
    },
    "direction": {
      "accuracy": 0.5416666666666666,
      "logloss": 0.8283848005965664
    },
    "confidence": {
      "rmse": 0.034319345092181014
    }
  },
  "fomc_minus_3": {
    "q10": {
      "mae": 0.5935854003273531,
      "mae_std": 0.2315721279788909
    },
    "q25": {
      "mae": 0.428210751492347,
      "mae_std": 0.10796137775455258
    },
    "q50": {
      "mae": 0.4936457741557664,
      "mae_std": 0.03700144770772562
    },
    "q75": {
      "mae": 0.4693880703448542,
      "mae_std": 0.0008275967189675104
    },
    "q90": {
      "mae": 0.6441214664751597,
      "mae_std": 0.14306683765515105
    },
    "direction": {
      "accuracy": 0.5833333333333333,
      "logloss": 1.0031611200289754
    },
    "confidence": {
      "rmse": 0.023980959262161917
    }
  },
  "fomc_week": {
    "q10": {
      "mae": 0.3499412966542397,
      "mae_std": 0.0
    },
    "q25": {
      "mae": 0.16783979956772307,
      "mae_std": 0.0
    },
    "q50": {
      "mae": 0.01764689877429545,
      "mae_std": 0.0
    },
    "q75": {
      "mae": 0.1380706777627661,
      "mae_std": 0.0
    },
    "q90": {
      "mae": 0.34022828130880467,
      "mae_std": 0.0
    },
    "direction": {
      "accuracy": 0.972972972972973,
      "logloss": 0.30569164182076297
    },
    "confidence": {
      "rmse": 0.01852823721725417
    }
  },
  "futures_rollover": {
    "q10": {
      "mae": 0.21995192473077818,
      "mae_std": 0.0
    },
    "q25": {
      "mae": 0.06611153727107587,
      "mae_std": 0.0
    },
    "q50": {
      "mae": 0.016267308985608044,
      "mae_std": 0.0
    },
    "q75": {
      "mae": 0.11954567605202987,
      "mae_std": 0.0
    },
    "q90": {
      "mae": 0.3896735964077931,
      "mae_std": 0.0
    },
    "direction": {
      "accuracy": 0.9782608695652174,
      "logloss": 0.22734920958793084
    },
    "confidence": {
      "rmse": 0.015949568474395565
    }
  },
  "mid_cycle": {
    "q10": {
      "mae": 0.6749998727838887,
      "mae_std": 0.1310946013161302
    },
    "q25": {
      "mae": 0.48886512355309203,
      "mae_std": 0.017547055997011483
    },
    "q50": {
      "mae": 0.44441633000548464,
      "mae_std": 0.05467847833549109
    },
    "q75": {
      "mae": 0.4442646922626883,
      "mae_std": 0.11510757931818164
    },
    "q90": {
      "mae": 0.525383693394409,
      "mae_std": 0.19496953182229768
    },
    "direction": {
      "accuracy": 0.6011904761904762,
      "logloss": 0.9059374810069534
    },
    "confidence": {
      "rmse": 0.016242491924979962
    }
  },
  "monthly_opex_minus_1": {
    "q10": {
      "mae": 0.6400560672509674,
      "mae_std": 0.06037607705827697
    },
    "q25": {
      "mae": 0.4623254544796821,
      "mae_std": 0.011350335043527449
    },
    "q50": {
      "mae": 0.36773813430017066,
      "mae_std": 0.07526067517879217
    },
    "q75": {
      "mae": 0.3336250104883193,
      "mae_std": 0.10384608219448248
    },
    "q90": {
      "mae": 0.36198322042867326,
      "mae_std": 0.12346132023764661
    },
    "direction": {
      "accuracy": 0.42857142857142855,
      "logloss": 1.182605100796872
    },
    "confidence": {
      "rmse": 0.022224420309261854
    }
  },
  "monthly_opex_minus_5": {
    "q10": {
      "mae": 0.6876720277733779,
      "mae_std": 0.03964251294413629
    },
    "q25": {
      "mae": 0.48655049997041655,
      "mae_std": 0.0453534962026014
    },
    "q50": {
      "mae": 0.33158082504504915,
      "mae_std": 0.02503908989634765
    },
    "q75": {
      "mae": 0.31077958398801253,
      "mae_std": 0.030529369970600267
    },
    "q90": {
      "mae": 0.426996151268343,
      "mae_std": 0.048628789393460325
    },
    "direction": {
      "accuracy": 0.6,
      "logloss": 1.021375407182218
    },
    "confidence": {
      "rmse": 0.022020892877424758
    }
  }
}