{
  "magnitude": {
    "train": {
      "mae_log": 0.0942830696282507,
      "rmse_log": 0.12794252389142002,
      "mae_pct": 9.713833896931893,
      "bias_pct": -1.0929816354662423,
      "clipped_pct": 0.0
    },
    "val": {
      "mae_log": 0.11652626635865368,
      "rmse_log": 0.16347139408674932,
      "mae_pct": 12.18497957188437,
      "bias_pct": -2.9019388936363013,
      "clipped_pct": 0.0
    },
    "test": {
      "mae_log": 0.1023687016814593,
      "rmse_log": 0.14481760439398816,
      "mae_pct": 10.529183547082235,
      "bias_pct": -0.012981148790972931,
      "clipped_pct": 0.0
    }
  },
  "direction": {
    "train": {
      "accuracy": 0.8662369057211926,
      "avg_confidence": 0.6120017766952515
    },
    "val": {
      "accuracy": 0.5857321652065082,
      "avg_confidence": 0.5879381895065308
    },
    "test": {
      "accuracy": 0.6317780580075663,
      "precision": 0.5711206896551724,
      "recall": 0.7402234636871509,
      "avg_confidence": 0.596636950969696
    }
  },
  "direction_calibrated": {
    "test_accuracy": 0.6532156368221942,
    "test_precision": 0.6094986807387863,
    "test_recall": 0.6452513966480447,
    "avg_confidence": 0.6083582043647766
  }
}