{
  "earnings_heavy": {
    "q10": {
      "mae": 17.609389924341436,
      "mae_std": 1.3473704969702887
    },
    "q25": {
      "mae": 14.745544849967056,
      "mae_std": 1.6114439754438425
    },
    "q50": {
      "mae": 14.813332887185329,
      "mae_std": 2.938511846354486
    },
    "q75": {
      "mae": 18.2409354636171,
      "mae_std": 1.4339230895401975
    },
    "q90": {
      "mae": 17.19573262516612,
      "mae_std": 1.238619673544176
    },
    "direction": {
      "accuracy": 0.5208333333333333,
      "logloss": 0.992871802463982
    },
    "confidence": {
      "rmse": 0.030960543653541055
    }
  },
  "fomc_minus_3": {
    "q10": {
      "mae": 13.517831416393063,
      "mae_std": 1.9926719793043013
    },
    "q25": {
      "mae": 12.166058253304302,
      "mae_std": 0.33462730059800094
    },
    "q50": {
      "mae": 14.714402557599204,
      "mae_std": 0.5827146916235248
    },
    "q75": {
      "mae": 19.110757996782425,
      "mae_std": 1.8021937445794922
    },
    "q90": {
      "mae": 25.18508793545022,
      "mae_std": 4.549451130054155
    },
    "direction": {
      "accuracy": 0.44999999999999996,
      "logloss": 1.0262759038786249
    },
    "confidence": {
      "rmse": 0.024373455848007864
    }
  },
  "fomc_week": {
    "q10": {
      "mae": 11.662461865081179,
      "mae_std": 0.0
    },
    "q25": {
      "mae": 5.213203977766992,
      "mae_std": 0.0
    },
    "q50": {
      "mae": 0.7505983396102461,
      "mae_std": 0.0
    },
    "q75": {
      "mae": 6.042328325561702,
      "mae_std": 0.0
    },
    "q90": {
      "mae": 12.48417687827254,
      "mae_std": 0.0
    },
    "direction": {
      "accuracy": 0.972972972972973,
      "logloss": 0.3152592000567114
    },
    "confidence": {
      "rmse": 0.01852823721725417
    }
  },
  "futures_rollover": {
    "q10": {
      "mae": 10.912455677116442,
      "mae_std": 0.0
    },
    "q25": {
      "mae": 5.856890454949767,
      "mae_std": 0.0
    },
    "q50": {
      "mae": 1.1010223576084748,
      "mae_std": 0.0
    },
    "q75": {
      "mae": 2.547170096269605,
      "mae_std": 0.0
    },
    "q90": {
      "mae": 5.895379353397931,
      "mae_std": 0.0
    },
    "direction": {
      "accuracy": 0.9565217391304348,
      "logloss": 0.23500886084031067
    },
    "confidence": {
      "rmse": 0.015949568474395565
    }
  },
  "mid_cycle": {
    "q10": {
      "mae": 11.952235737809783,
      "mae_std": 2.27482679256143
    },
    "q25": {
      "mae": 10.047570760997061,
      "mae_std": 2.277659234078112
    },
    "q50": {
      "mae": 9.55830794238405,
      "mae_std": 1.8095435781549225
    },
    "q75": {
      "mae": 11.213470832957405,
      "mae_std": 1.7020606295875045
    },
    "q90": {
      "mae": 13.290915822243276,
      "mae_std": 2.8427225208764937
    },
    "direction": {
      "accuracy": 0.5952380952380952,
      "logloss": 0.8901920446926739
    },
    "confidence": {
      "rmse": 0.01673940975032009
    }
  },
  "monthly_opex_minus_1": {
    "q10": {
      "mae": 12.740465794991422,
      "mae_std": 3.623002943616168
    },
    "q25": {
      "mae": 12.852682246491636,
      "mae_std": 2.4259806607434644
    },
    "q50": {
      "mae": 17.198238618573477,
      "mae_std": 1.1161506714868583
    },
    "q75": {
      "mae": 33.100328714880774,
      "mae_std": 6.1065488262402745
    },
    "q90": {
      "mae": 34.710643739778355,
      "mae_std": 5.60028605446824
    },
    "direction": {
      "accuracy": 0.4714285714285714,
      "logloss": 1.2660815643718881
    },
    "confidence": {
      "rmse": 0.022963585172575803
    }
  },
  "monthly_opex_minus_5": {
    "q10": {
      "mae": 15.532061781946183,
      "mae_std": 0.41880241479621194
    },
    "q25": {
      "mae": 12.667695022703356,
      "mae_std": 0.4649430164788244
    },
    "q50": {
      "mae": 13.07223528585332,
      "mae_std": 1.4786888796470237
    },
    "q75": {
      "mae": 23.772234081537228,
      "mae_std": 1.4631661418681716
    },
    "q90": {
      "mae": 37.778807343682004,
      "mae_std": 3.670461372296895
    },
    "direction": {
      "accuracy": 0.5666666666666667,
      "logloss": 1.0851573677020392
    },
    "confidence": {
      "rmse": 0.021845396934991084
    }
  }
}