{
  "compression": {
    "test": {
      "bias_pct": 0.23499449210280268,
      "clipped_pct": 0.0,
      "mae_log": 0.06822554985325355,
      "mae_pct": 5.8436982177314265,
      "rmse_log": 0.09751409259454397
    },
    "train": {
      "bias_pct": -0.26898815962119355,
      "clipped_pct": 0.0,
      "mae_log": 0.05563932869003538,
      "mae_pct": 4.931542906461909,
      "rmse_log": 0.07265587017237808
    },
    "val": {
      "bias_pct": -1.4103964548535657,
      "clipped_pct": 0.0,
      "mae_log": 0.053548970959522595,
      "mae_pct": 4.845873444129405,
      "rmse_log": 0.06641802531268712
    }
  },
  "down_classifier": {
    "test": {
      "accuracy": 0.5861456483126111,
      "auc": 0.6818491594729668
    },
    "train": {
      "accuracy": 0.5962573099415205
    },
    "val": {
      "accuracy": 0.46706586826347307
    }
  },
  "expansion": {
    "test": {
      "bias_pct": -2.536726347209633,
      "clipped_pct": 0.0,
      "mae_log": 0.08635192103336996,
      "mae_pct": 10.52648582613653,
      "rmse_log": 0.1336669049171619
    },
    "train": {
      "bias_pct": -0.8982117118809688,
      "clipped_pct": 0.0,
      "mae_log": 0.08333794556207672,
      "mae_pct": 9.88022318721518,
      "rmse_log": 0.1193920785546544
    },
    "val": {
      "bias_pct": 0.575123472174887,
      "clipped_pct": 0.0,
      "mae_log": 0.07700196614717501,
      "mae_pct": 8.758638271434252,
      "rmse_log": 0.09455268854718485
    }
  },
  "ternary": {
    "down_accuracy": 0.6545454545454545,
    "down_confidence": 0.7364728994679941,
    "down_count": 275,
    "down_magnitude": -11.373763498020619,
    "made_decision": 431,
    "no_decision": 132,
    "no_decision_pct": 0.2344582593250444,
    "overall_accuracy": 0.6821345707656613,
    "total_samples": 563,
    "up_accuracy": 0.7307692307692307,
    "up_confidence": 0.7536567338475121,
    "up_count": 156,
    "up_magnitude": 12.21299280531556
  },
  "up_classifier": {
    "test": {
      "accuracy": 0.5204262877442274,
      "auc": 0.670957645514665
    },
    "train": {
      "accuracy": 0.5590643274853802
    },
    "val": {
      "accuracy": 0.5968063872255489
    }
  }
}