{
  "earnings_heavy": {
    "q10": {
      "mae": 0.11616121220443554,
      "mae_std": 0.011053131882276523
    },
    "q25": {
      "mae": 0.10548080891100489,
      "mae_std": 0.008263736021020714
    },
    "q50": {
      "mae": 0.09954448028309809,
      "mae_std": 0.0155372715598431
    },
    "q75": {
      "mae": 0.10261732263609155,
      "mae_std": 0.008047844294975133
    },
    "q90": {
      "mae": 0.1195340800290019,
      "mae_std": 0.003029244382426688
    },
    "direction": {
      "accuracy": 0.6170212765957447,
      "logloss": 0.8864573959364819
    },
    "confidence": {
      "rmse": 0.013175317770215456
    }
  },
  "fomc_period": {
    "q10": {
      "mae": 0.13046220047408935,
      "mae_std": 0.015118877245822311
    },
    "q25": {
      "mae": 0.11640396011661851,
      "mae_std": 0.01424900466712567
    },
    "q50": {
      "mae": 0.10949765324116849,
      "mae_std": 0.012545394904746453
    },
    "q75": {
      "mae": 0.15074964893014883,
      "mae_std": 0.03843976345800844
    },
    "q90": {
      "mae": 0.2035390348950236,
      "mae_std": 0.0579832207507468
    },
    "direction": {
      "accuracy": 0.5865591397849462,
      "logloss": 0.8413674146800437
    },
    "confidence": {
      "rmse": 0.012516995985093048
    }
  },
  "mid_cycle": {
    "q10": {
      "mae": 0.12710243311911312,
      "mae_std": 0.017276385620764386
    },
    "q25": {
      "mae": 0.11256737938765396,
      "mae_std": 0.015085486964758381
    },
    "q50": {
      "mae": 0.11449252552560027,
      "mae_std": 0.01419750009405802
    },
    "q75": {
      "mae": 0.13981694209070347,
      "mae_std": 0.027271497937890212
    },
    "q90": {
      "mae": 0.16366562661078762,
      "mae_std": 0.035807088311139074
    },
    "direction": {
      "accuracy": 0.5541666666666666,
      "logloss": 0.8515988260530541
    },
    "confidence": {
      "rmse": 0.01378195356557134
    }
  },
  "opex_week": {
    "q10": {
      "mae": 0.11697381850654047,
      "mae_std": 0.009321539384834288
    },
    "q25": {
      "mae": 0.10262790236035428,
      "mae_std": 0.0074470524348432265
    },
    "q50": {
      "mae": 0.1018130354424331,
      "mae_std": 0.0059027329476387105
    },
    "q75": {
      "mae": 0.11998086592815449,
      "mae_std": 0.018237543142439118
    },
    "q90": {
      "mae": 0.13246186748411373,
      "mae_std": 0.01600134382634604
    },
    "direction": {
      "accuracy": 0.614516129032258,
      "logloss": 0.8690753100180837
    },
    "confidence": {
      "rmse": 0.014737128098218122
    }
  }
}