{
  "compression": {
    "test": {
      "bias_pct": 0.7796124472574824,
      "clipped_pct": 0.0,
      "mae_log": 0.07074706881897898,
      "mae_pct": 6.031191525122602,
      "rmse_log": 0.10438957669895131
    },
    "train": {
      "bias_pct": -0.3202937089978344,
      "clipped_pct": 0.0,
      "mae_log": 0.057186728438677684,
      "mae_pct": 5.07347018559475,
      "rmse_log": 0.07496854641849005
    },
    "val": {
      "bias_pct": -1.458340635860817,
      "clipped_pct": 0.0,
      "mae_log": 0.05435400217710578,
      "mae_pct": 4.920428570861602,
      "rmse_log": 0.06710528877918966
    }
  },
  "down_classifier": {
    "test": {
      "accuracy": 0.525879917184265,
      "avg_confidence": 0.5341259241104126,
      "f1": 0.689280868385346,
      "precision": 0.525879917184265,
      "recall": 1.0
    },
    "train": {
      "accuracy": 0.5353931288909385,
      "avg_confidence": 0.535658061504364
    },
    "val": {
      "accuracy": 0.5688622754491018,
      "avg_confidence": 0.53654944896698
    }
  },
  "expansion": {
    "test": {
      "bias_pct": -3.533441401936735,
      "clipped_pct": 0.0,
      "mae_log": 0.09061194338409324,
      "mae_pct": 11.182419093879307,
      "rmse_log": 0.1426098928719493
    },
    "train": {
      "bias_pct": -1.0105545823582396,
      "clipped_pct": 0.0,
      "mae_log": 0.08264564886089273,
      "mae_pct": 9.792277032021481,
      "rmse_log": 0.11881387639375252
    },
    "val": {
      "bias_pct": 0.425890267827771,
      "clipped_pct": 0.0,
      "mae_log": 0.07674460997960536,
      "mae_pct": 8.729794343873587,
      "rmse_log": 0.09449421213486044
    }
  },
  "up_classifier": {
    "test": {
      "accuracy": 0.6273291925465838,
      "avg_confidence": 0.5524733662605286,
      "f1": 0.4857142857142857,
      "precision": 0.7024793388429752,
      "recall": 0.37117903930131
    },
    "train": {
      "accuracy": 0.7027899469679502,
      "avg_confidence": 0.5568414330482483
    },
    "val": {
      "accuracy": 0.6227544910179641,
      "avg_confidence": 0.549647331237793
    }
  }
}