{
  "direction": {
    "train": {
      "accuracy": 0.8481160776971682,
      "precision": 0.8672131147540983,
      "recall": 0.7962870045158054,
      "logloss": 0.44425898392419755
    },
    "test": {
      "accuracy": 0.6052631578947368,
      "precision": 0.572289156626506,
      "recall": 0.405982905982906,
      "logloss": 0.6981043513207122
    }
  },
  "magnitude": {
    "train": {
      "mae_log": 0.0943336167397222,
      "rmse_log": 0.1297732411402718,
      "mae_pct": 9.660439931841617,
      "bias_pct": -0.9667173601810428
    },
    "test": {
      "mae_log": 0.11569897289241048,
      "rmse_log": 0.16036062056801062,
      "mae_pct": 12.034366710973098,
      "bias_pct": -2.2337819618404273
    }
  }
}