{
  "compression": {
    "test": {
      "bias_pct": 0.8025837224919593,
      "clipped_pct": 0.0,
      "mae_log": 0.06880674058625827,
      "mae_pct": 5.85934123847198,
      "rmse_log": 0.10195218998617218
    },
    "train": {
      "bias_pct": -0.28818582893821265,
      "clipped_pct": 0.0,
      "mae_log": 0.056175797210093324,
      "mae_pct": 4.9826322868790855,
      "rmse_log": 0.07372136043230425
    },
    "val": {
      "bias_pct": -1.3874637463810293,
      "clipped_pct": 0.0,
      "mae_log": 0.05380168865546536,
      "mae_pct": 4.869139427699458,
      "rmse_log": 0.06680979374471477
    }
  },
  "down_classifier": {
    "test": {
      "accuracy": 0.6247422680412371,
      "avg_confidence": 0.6110179424285889,
      "f1": 0.7242424242424242,
      "precision": 0.5915841584158416,
      "recall": 0.93359375
    },
    "train": {
      "accuracy": 0.6554969015377553,
      "avg_confidence": 0.6035781502723694
    },
    "val": {
      "accuracy": 0.6087824351297405,
      "avg_confidence": 0.6074165105819702
    }
  },
  "expansion": {
    "test": {
      "bias_pct": -3.479598644990721,
      "clipped_pct": 0.0,
      "mae_log": 0.0906996810965587,
      "mae_pct": 11.192251495062637,
      "rmse_log": 0.14258728608733617
    },
    "train": {
      "bias_pct": -0.8806329239672503,
      "clipped_pct": 0.0,
      "mae_log": 0.08270799518147941,
      "mae_pct": 9.793413596916386,
      "rmse_log": 0.11851437506966181
    },
    "val": {
      "bias_pct": 0.4904799492765309,
      "clipped_pct": 0.0,
      "mae_log": 0.07680173960925504,
      "mae_pct": 8.73619824282715,
      "rmse_log": 0.09450363701351776
    }
  },
  "up_classifier": {
    "test": {
      "accuracy": 0.6123711340206186,
      "avg_confidence": 0.5993567109107971,
      "f1": 0.3691275167785235,
      "precision": 0.7971014492753623,
      "recall": 0.24017467248908297
    },
    "train": {
      "accuracy": 0.6125774615561166,
      "avg_confidence": 0.5959478616714478
    },
    "val": {
      "accuracy": 0.6007984031936128,
      "avg_confidence": 0.6100741028785706
    }
  }
}