{
  "compression": {
    "test": {
      "bias_pct": 0.5501310382716074,
      "clipped_pct": 0.0,
      "mae_log": 0.0690287961184308,
      "mae_pct": 5.880124120512499,
      "rmse_log": 0.10236263099869536
    },
    "train": {
      "bias_pct": -0.2632863402711801,
      "clipped_pct": 0.0,
      "mae_log": 0.055747103857364276,
      "mae_pct": 4.943502668939971,
      "rmse_log": 0.07336301128631874
    },
    "val": {
      "bias_pct": -1.4303893217043016,
      "clipped_pct": 0.0,
      "mae_log": 0.05365031966544925,
      "mae_pct": 4.855066548087557,
      "rmse_log": 0.06673664201376833
    }
  },
  "down_classifier": {
    "test": {
      "accuracy": 0.5645833333333333,
      "avg_confidence": 0.5714950561523438,
      "f1": 0.7027027027027027,
      "precision": 0.5464601769911505,
      "recall": 0.9840637450199203
    },
    "train": {
      "accuracy": 0.594216203809961,
      "avg_confidence": 0.5711835026741028
    },
    "val": {
      "accuracy": 0.5808383233532934,
      "avg_confidence": 0.571407675743103
    }
  },
  "expansion": {
    "test": {
      "bias_pct": -3.5283565021010235,
      "clipped_pct": 0.0,
      "mae_log": 0.09067279995635236,
      "mae_pct": 11.189230817282825,
      "rmse_log": 0.14271197421736545
    },
    "train": {
      "bias_pct": -0.8877161517086103,
      "clipped_pct": 0.0,
      "mae_log": 0.08284625325081033,
      "mae_pct": 9.808920421997732,
      "rmse_log": 0.11876373484916672
    },
    "val": {
      "bias_pct": 0.449548406562094,
      "clipped_pct": 0.0,
      "mae_log": 0.076754859337146,
      "mae_pct": 8.730925965560786,
      "rmse_log": 0.0944439051342716
    }
  },
  "up_classifier": {
    "test": {
      "accuracy": 0.6541666666666667,
      "avg_confidence": 0.6413026452064514,
      "f1": 0.5829145728643216,
      "precision": 0.6863905325443787,
      "recall": 0.5065502183406113
    },
    "train": {
      "accuracy": 0.7661234794583429,
      "avg_confidence": 0.6330934762954712
    },
    "val": {
      "accuracy": 0.5588822355289421,
      "avg_confidence": 0.6321669816970825
    }
  }
}