{
  "magnitude": {
    "train": {
      "mae_log": 0.09297008447271327,
      "rmse_log": 0.12562738464760137,
      "mae_pct": 9.579614999841711,
      "bias_pct": -1.0232061191878221,
      "clipped_pct": 0.0
    },
    "val": {
      "mae_log": 0.11669433071522341,
      "rmse_log": 0.1616933238868138,
      "mae_pct": 12.19378547078438,
      "bias_pct": -2.260994746932399,
      "clipped_pct": 0.0
    },
    "test": {
      "mae_log": 0.1057396543314509,
      "rmse_log": 0.14621096179164006,
      "mae_pct": 10.891393243004261,
      "bias_pct": 1.1513650018288535,
      "clipped_pct": 0.0
    }
  },
  "direction": {
    "train": {
      "accuracy": 0.869983948635634,
      "avg_confidence": 0.6671247482299805
    },
    "val": {
      "accuracy": 0.6179775280898876,
      "avg_confidence": 0.6394295692443848
    },
    "test": {
      "accuracy": 0.6298619824341279,
      "precision": 0.5793269230769231,
      "recall": 0.667590027700831,
      "avg_confidence": 0.6397490501403809
    }
  }
}