{
  "magnitude": {
    "train": {
      "mae_log": 0.0987241824242106,
      "rmse_log": 0.13674635287014522,
      "mae_pct": 10.192249407039574,
      "bias_pct": -1.1742766014559585,
      "clipped_pct": 0.0
    },
    "val": {
      "mae_log": 0.09116091959339882,
      "rmse_log": 0.12079157843624418,
      "mae_pct": 9.26604528037993,
      "bias_pct": -1.0508192525062123,
      "clipped_pct": 0.0
    },
    "test": {
      "mae_log": 0.11813529902977697,
      "rmse_log": 0.1693920625393877,
      "mae_pct": 12.269290967354488,
      "bias_pct": -1.3806282396176155,
      "clipped_pct": 0.0
    }
  },
  "direction": {
    "train": {
      "accuracy": 0.8475905003458611,
      "avg_confidence": 0.5863458514213562
    },
    "val": {
      "accuracy": 0.5708582834331337,
      "avg_confidence": 0.5653514266014099
    },
    "test": {
      "accuracy": 0.6323529411764706,
      "precision": 0.610655737704918,
      "recall": 0.6506550218340611,
      "avg_confidence": 0.5703614950180054
    }
  },
  "direction_calibrated": {
    "test_accuracy": 0.6197478991596639,
    "test_precision": 0.7352941176470589,
    "test_recall": 0.32751091703056767,
    "avg_confidence": 0.6326856017112732
  }
}