{
  "magnitude": {
    "train": {
      "mae_log": 0.061507771236539395,
      "rmse_log": 0.08167144466999808,
      "mae_pct": 6.344332395602789,
      "bias_pct": -0.7122488915246746
    },
    "val": {
      "mae_log": 0.11470531848769482,
      "rmse_log": 0.15642875439804246,
      "mae_pct": 11.934600964880675,
      "bias_pct": 0.3145427313098975
    },
    "test": {
      "mae_log": 0.11156704159951704,
      "rmse_log": 0.15844412894832965,
      "mae_pct": 11.673611357403457,
      "bias_pct": -3.058643154473919,
      "direction_accuracy": 0.5922208281053952,
      "direction_precision": 0.5393586005830904,
      "direction_recall": 0.5255681818181818
    }
  }
}