{
  "magnitude": {
    "train": {
      "mae_log": 0.1032458466191608,
      "rmse_log": 0.14174573508614946,
      "mae_pct": 10.711339502121799,
      "bias_pct": -1.24804399572885,
      "clipped_pct": 0.0
    },
    "val": {
      "mae_log": 0.0905641008677132,
      "rmse_log": 0.12103907299985654,
      "mae_pct": 9.212488074910489,
      "bias_pct": -1.3255270828629548,
      "clipped_pct": 0.0
    },
    "test": {
      "mae_log": 0.1158341245770749,
      "rmse_log": 0.1674261963937646,
      "mae_pct": 12.064051326280742,
      "bias_pct": -1.146252963786497,
      "clipped_pct": 0.0
    }
  },
  "direction": {
    "train": {
      "accuracy": 0.84,
      "avg_confidence": 0.5973859429359436
    },
    "val": {
      "accuracy": 0.5389221556886228,
      "avg_confidence": 0.575211763381958
    },
    "test": {
      "accuracy": 0.5964912280701754,
      "precision": 0.5677966101694916,
      "recall": 0.6203703703703703,
      "avg_confidence": 0.5828723311424255
    }
  },
  "direction_calibrated": {
    "test_accuracy": 0.5723684210526315,
    "test_precision": 0.8387096774193549,
    "test_recall": 0.12037037037037036,
    "avg_confidence": 0.6148685812950134
  }
}