{
  "magnitude": {
    "train": {
      "mae_log": 0.09528704726983624,
      "rmse_log": 0.12949045187071523,
      "mae_pct": 9.808252237975655,
      "bias_pct": -1.0663011472884663
    },
    "val": {
      "mae_log": 0.12018358459636083,
      "rmse_log": 0.16374230355978822,
      "mae_pct": 12.535911796741145,
      "bias_pct": -0.7161679827887399
    },
    "test": {
      "mae_log": 0.10889648006439359,
      "rmse_log": 0.15128357654349334,
      "mae_pct": 11.19127938258269,
      "bias_pct": 1.5892059266362983
    }
  },
  "direction": {
    "train": {
      "accuracy": 0.6746923488496522,
      "avg_confidence": 0.5917329788208008
    },
    "val": {
      "accuracy": 0.6092384519350812,
      "avg_confidence": 0.598605751991272
    },
    "test": {
      "accuracy": 0.6286072772898369,
      "precision": 0.6,
      "recall": 0.5401662049861495,
      "avg_confidence": 0.591562807559967
    }
  }
}