{
  "magnitude": {
    "train": {
      "mae_log": 0.0935627853240642,
      "rmse_log": 0.12711774694338834,
      "mae_pct": 9.64281986511609,
      "bias_pct": -1.0964957011203607,
      "clipped_pct": 0.0
    },
    "val": {
      "mae_log": 0.11607137823991877,
      "rmse_log": 0.1621949422602353,
      "mae_pct": 12.138654195783916,
      "bias_pct": -2.4650155309019812,
      "clipped_pct": 0.0
    },
    "test": {
      "mae_log": 0.1029357687619296,
      "rmse_log": 0.14486203925067656,
      "mae_pct": 10.589679570859307,
      "bias_pct": 0.1356781159647573,
      "clipped_pct": 0.0
    }
  },
  "direction": {
    "train": {
      "accuracy": 0.8667741069030351,
      "avg_confidence": 0.6203141808509827
    },
    "val": {
      "accuracy": 0.6070087609511889,
      "avg_confidence": 0.6022036075592041
    },
    "test": {
      "accuracy": 0.6128625472887768,
      "precision": 0.5543710021321961,
      "recall": 0.7262569832402235,
      "avg_confidence": 0.6025940775871277
    }
  },
  "direction_calibrated": {
    "test_accuracy": 0.6380832282471627,
    "test_precision": 0.5835294117647059,
    "test_recall": 0.6927374301675978,
    "avg_confidence": 0.6274766325950623
  }
}