{
  "magnitude": {
    "train": {
      "mae_log": 0.10703891590415861,
      "rmse_log": 0.1479395486987117,
      "mae_pct": 11.081610404834922,
      "bias_pct": -1.3095649498301665,
      "clipped_pct": 0.0
    },
    "val": {
      "mae_log": 0.09106211408112344,
      "rmse_log": 0.12168890601830727,
      "mae_pct": 9.254234390203674,
      "bias_pct": -0.9052704258240966,
      "clipped_pct": 0.0
    },
    "test": {
      "mae_log": 0.11847890785246526,
      "rmse_log": 0.17214767677475173,
      "mae_pct": 12.315160230656423,
      "bias_pct": -1.8363848628212647,
      "clipped_pct": 0.0
    }
  },
  "direction": {
    "train": {
      "accuracy": 0.8125806451612904,
      "avg_confidence": 0.5690788626670837
    },
    "val": {
      "accuracy": 0.5229540918163673,
      "avg_confidence": 0.5601129531860352
    },
    "test": {
      "accuracy": 0.6271929824561403,
      "precision": 0.592,
      "recall": 0.6851851851851852,
      "avg_confidence": 0.5623661279678345
    }
  },
  "direction_calibrated": {
    "test_accuracy": 0.6030701754385965,
    "test_precision": 0.7464788732394366,
    "test_recall": 0.24537037037037038,
    "avg_confidence": 0.6142416000366211
  }
}