{
  "compression": {
    "test": {
      "bias_pct": 0.7467140001364788,
      "clipped_pct": 0.0,
      "mae_log": 0.0699871452921812,
      "mae_pct": 5.963135674507384,
      "rmse_log": 0.10313670677155258
    },
    "train": {
      "bias_pct": -0.32531695229984375,
      "clipped_pct": 0.0,
      "mae_log": 0.056728720114755875,
      "mae_pct": 5.032370591196853,
      "rmse_log": 0.0742126150701562
    },
    "val": {
      "bias_pct": -1.4756432292927917,
      "clipped_pct": 0.0,
      "mae_log": 0.05453874502687814,
      "mae_pct": 4.936797632899117,
      "rmse_log": 0.06737330138477829
    }
  },
  "down_classifier": {
    "test": {
      "accuracy": 0.639751552795031,
      "avg_confidence": 0.5432552099227905,
      "f1": 0.6968641114982579,
      "precision": 0.625,
      "recall": 0.7874015748031497
    },
    "train": {
      "accuracy": 0.7512105141803089,
      "avg_confidence": 0.5634256601333618
    },
    "val": {
      "accuracy": 0.6087824351297405,
      "avg_confidence": 0.5527637600898743
    }
  },
  "expansion": {
    "test": {
      "bias_pct": -3.537035767119137,
      "clipped_pct": 0.0,
      "mae_log": 0.09057006624084557,
      "mae_pct": 11.177728328065337,
      "rmse_log": 0.1425855146820905
    },
    "train": {
      "bias_pct": -1.0086833834248252,
      "clipped_pct": 0.0,
      "mae_log": 0.0826563564544781,
      "mae_pct": 9.793476297115793,
      "rmse_log": 0.1188252986410876
    },
    "val": {
      "bias_pct": 0.42418089491879024,
      "clipped_pct": 0.0,
      "mae_log": 0.07674156087862277,
      "mae_pct": 8.729453125958068,
      "rmse_log": 0.09449524703943153
    }
  },
  "up_classifier": {
    "test": {
      "accuracy": 0.6542443064182195,
      "avg_confidence": 0.5801514983177185,
      "f1": 0.5684754521963824,
      "precision": 0.6962025316455697,
      "recall": 0.48034934497816595
    },
    "train": {
      "accuracy": 0.7477519022365691,
      "avg_confidence": 0.5885679721832275
    },
    "val": {
      "accuracy": 0.5988023952095808,
      "avg_confidence": 0.5749400854110718
    }
  }
}