{
  "compression": {
    "test": {
      "bias_pct": 0.6194486427397282,
      "clipped_pct": 0.0,
      "mae_log": 0.06842168235543059,
      "mae_pct": 5.825833773323843,
      "rmse_log": 0.10163941112317691
    },
    "train": {
      "bias_pct": -0.2730163982839013,
      "clipped_pct": 0.0,
      "mae_log": 0.055659070722436726,
      "mae_pct": 4.934575283717887,
      "rmse_log": 0.07315128707430778
    },
    "val": {
      "bias_pct": -1.442474858192617,
      "clipped_pct": 0.0,
      "mae_log": 0.053597337621839894,
      "mae_pct": 4.849155464124515,
      "rmse_log": 0.06678608572203422
    }
  },
  "down_classifier": {
    "test": {
      "accuracy": 0.5729166666666666,
      "auc": 0.6966631291428175,
      "avg_confidence": 0.573010265827179,
      "f1": 0.7079136690647482,
      "optimal_threshold": 0.3166477680206299,
      "precision": 0.5540540540540541,
      "recall": 0.9800796812749004
    },
    "train": {
      "accuracy": 0.6237030205210975,
      "avg_confidence": 0.5743920207023621
    },
    "val": {
      "accuracy": 0.48502994011976047,
      "avg_confidence": 0.56630539894104
    }
  },
  "expansion": {
    "test": {
      "bias_pct": -3.4834985232802227,
      "clipped_pct": 0.0,
      "mae_log": 0.09076190766395067,
      "mae_pct": 11.199221022173047,
      "rmse_log": 0.1426574971881219
    },
    "train": {
      "bias_pct": -0.8914448824369039,
      "clipped_pct": 0.0,
      "mae_log": 0.08303187115530614,
      "mae_pct": 9.835561759981275,
      "rmse_log": 0.11898728986714611
    },
    "val": {
      "bias_pct": 0.4944063853828948,
      "clipped_pct": 0.0,
      "mae_log": 0.07684006817809015,
      "mae_pct": 8.740479053642993,
      "rmse_log": 0.09448126652431792
    }
  },
  "up_classifier": {
    "test": {
      "accuracy": 0.625,
      "auc": 0.7109814019033038,
      "avg_confidence": 0.5705398321151733,
      "f1": 0.6459802538787024,
      "optimal_threshold": 0.3577384352684021,
      "precision": 0.47708333333333336,
      "recall": 1.0
    },
    "train": {
      "accuracy": 0.6449158404427023,
      "avg_confidence": 0.574611485004425
    },
    "val": {
      "accuracy": 0.6007984031936128,
      "avg_confidence": 0.5810436010360718
    }
  }
}