{
  "magnitude": {
    "train": {
      "mae_log": 0.09342053976003359,
      "rmse_log": 0.12660249078441052,
      "mae_pct": 9.627936734833053,
      "bias_pct": -1.101416346800098,
      "clipped_pct": 0.0
    },
    "val": {
      "mae_log": 0.11726608649627344,
      "rmse_log": 0.162189496119498,
      "mae_pct": 12.262416484194459,
      "bias_pct": -2.2709224109381454,
      "clipped_pct": 0.0
    },
    "test": {
      "mae_log": 0.10888782257983151,
      "rmse_log": 0.14793216101129075,
      "mae_pct": 11.226215104090656,
      "bias_pct": 2.1198425262155425,
      "clipped_pct": 0.0
    }
  },
  "direction": {
    "train": {
      "accuracy": 0.8796669352672576,
      "avg_confidence": 0.6436219215393066
    },
    "val": {
      "accuracy": 0.5894868585732165,
      "avg_confidence": 0.61322021484375
    },
    "test": {
      "accuracy": 0.6191677175283733,
      "precision": 0.5654205607476636,
      "recall": 0.6759776536312849,
      "avg_confidence": 0.6193170547485352
    }
  },
  "direction_calibrated": {
    "test_accuracy": 0.648171500630517,
    "test_precision": 0.6179104477611941,
    "test_recall": 0.5782122905027933,
    "avg_confidence": 0.6062344312667847
  }
}