{
  "magnitude": {
    "train": {
      "mae_log": 0.10045254305298518,
      "rmse_log": 0.1390063120581375,
      "mae_pct": 10.363930658093853,
      "bias_pct": -1.1457727422788992,
      "clipped_pct": 0.0
    },
    "val": {
      "mae_log": 0.09224997137817297,
      "rmse_log": 0.1218646310590961,
      "mae_pct": 9.374406470024208,
      "bias_pct": -0.6737419471179045,
      "clipped_pct": 0.0
    },
    "test": {
      "mae_log": 0.11648915809120887,
      "rmse_log": 0.1682851630961446,
      "mae_pct": 12.125272941914828,
      "bias_pct": -1.3076302891791032,
      "clipped_pct": 0.0
    }
  },
  "direction": {
    "train": {
      "accuracy": 0.6427260211106012,
      "avg_confidence": 0.5885135531425476
    },
    "val": {
      "accuracy": 0.6147704590818364,
      "avg_confidence": 0.5933566689491272
    },
    "test": {
      "accuracy": 0.618421052631579,
      "precision": 0.7763157894736842,
      "recall": 0.27314814814814814,
      "avg_confidence": 0.5872056484222412
    }
  },
  "direction_calibrated": {
    "test_accuracy": 0.6425438596491229,
    "test_precision": 0.7523809523809524,
    "test_recall": 0.36574074074074076,
    "avg_confidence": 0.6190899610519409
  }
}