{
  "compression": {
    "test": {
      "bias_pct": 0.30182462501644997,
      "clipped_pct": 0.0,
      "mae_log": 0.06783993448516538,
      "mae_pct": 5.811391988061484,
      "rmse_log": 0.09655603017016404
    },
    "train": {
      "bias_pct": -0.27459762378599273,
      "clipped_pct": 0.0,
      "mae_log": 0.05558454137073973,
      "mae_pct": 4.925549467597804,
      "rmse_log": 0.0724870973948594
    },
    "val": {
      "bias_pct": -1.4021665717599827,
      "clipped_pct": 0.0,
      "mae_log": 0.053313745953953474,
      "mae_pct": 4.82334582670378,
      "rmse_log": 0.06645699221428551
    }
  },
  "down_classifier": {
    "test": {
      "accuracy": 0.5496575342465754,
      "auc": 0.653170233497294
    },
    "train": {
      "accuracy": 0.580865068171133
    },
    "val": {
      "accuracy": 0.4231536926147705
    }
  },
  "expansion": {
    "test": {
      "bias_pct": -2.4026768409497143,
      "clipped_pct": 0.0,
      "mae_log": 0.08593425136826842,
      "mae_pct": 10.465349428208617,
      "rmse_log": 0.13287570720277606
    },
    "train": {
      "bias_pct": -0.9005865543345627,
      "clipped_pct": 0.0,
      "mae_log": 0.08348725210808004,
      "mae_pct": 9.899494139677836,
      "rmse_log": 0.11954221359655347
    },
    "val": {
      "bias_pct": 0.5890709590523284,
      "clipped_pct": 0.0,
      "mae_log": 0.07703072159400198,
      "mae_pct": 8.761866856359585,
      "rmse_log": 0.09456556620092177
    }
  },
  "ternary": {
    "down_accuracy": 0.657258064516129,
    "down_confidence": 0.7247347726915012,
    "down_count": 248,
    "down_magnitude": -11.827172190473176,
    "made_decision": 391,
    "no_decision": 193,
    "no_decision_pct": 0.3304794520547945,
    "overall_accuracy": 0.6828644501278772,
    "total_samples": 584,
    "up_accuracy": 0.7272727272727273,
    "up_confidence": 0.7437998711214743,
    "up_count": 143,
    "up_magnitude": 12.226933165268973
  },
  "up_classifier": {
    "test": {
      "accuracy": 0.5154109589041096,
      "auc": 0.6734031438197763
    },
    "train": {
      "accuracy": 0.5338504936530324
    },
    "val": {
      "accuracy": 0.5688622754491018
    }
  }
}