{
  "magnitude": {
    "train": {
      "mae_log": 0.10207265508436109,
      "rmse_log": 0.13884555992429876,
      "mae_pct": 10.59551385415494,
      "bias_pct": -1.252125470833576,
      "clipped_pct": 0.0
    },
    "val": {
      "mae_log": 0.09014591508827077,
      "rmse_log": 0.12435223877036862,
      "mae_pct": 9.173957355208543,
      "bias_pct": 1.290194263975601,
      "clipped_pct": 0.0
    },
    "test": {
      "mae_log": 0.12792556163839108,
      "rmse_log": 0.18119136307690153,
      "mae_pct": 13.387417369104183,
      "bias_pct": -0.12691255400166956,
      "clipped_pct": 0.0
    }
  },
  "direction": {
    "train": {
      "accuracy": 0.8658610271903323,
      "avg_confidence": 0.6452773213386536
    },
    "val": {
      "accuracy": 0.5737051792828686,
      "avg_confidence": 0.6290244460105896
    },
    "test": {
      "accuracy": 0.689795918367347,
      "precision": 0.6548672566371682,
      "recall": 0.6666666666666666,
      "avg_confidence": 0.6239144206047058
    }
  },
  "direction_calibrated": {
    "test_accuracy": 0.6612244897959184,
    "test_precision": 0.6944444444444444,
    "test_recall": 0.45045045045045046,
    "avg_confidence": 0.6500336527824402
  }
}