{
  "magnitude": {
    "train": {
      "mae_log": 0.10582180489394308,
      "rmse_log": 0.14597383368985695,
      "mae_pct": 10.963684719035738,
      "bias_pct": -1.2848098646233657,
      "clipped_pct": 0.0
    },
    "val": {
      "mae_log": 0.09122517927502492,
      "rmse_log": 0.12129900892900314,
      "mae_pct": 9.27309672865984,
      "bias_pct": -1.093496699259891,
      "clipped_pct": 0.0
    },
    "test": {
      "mae_log": 0.1179816580170536,
      "rmse_log": 0.17151370269258454,
      "mae_pct": 12.268571795349034,
      "bias_pct": -2.048254525089385,
      "clipped_pct": 0.0
    }
  },
  "direction": {
    "train": {
      "accuracy": 0.8087096774193548,
      "avg_confidence": 0.5625382661819458
    },
    "val": {
      "accuracy": 0.5109780439121756,
      "avg_confidence": 0.5524358749389648
    },
    "test": {
      "accuracy": 0.6140350877192983,
      "precision": 0.5806451612903226,
      "recall": 0.6666666666666666,
      "avg_confidence": 0.5581132769584656
    }
  },
  "direction_calibrated": {
    "test_accuracy": 0.618421052631579,
    "test_precision": 0.7625,
    "test_recall": 0.2824074074074074,
    "avg_confidence": 0.6258628964424133
  }
}