{
  "expansion": {
    "train": {
      "mae_log": 0.08264566872417758,
      "rmse_log": 0.11881014122491951,
      "mae_pct": 9.792279228548777,
      "bias_pct": -1.0074237774870283,
      "clipped_pct": 0.0
    },
    "val": {
      "mae_log": 0.07669049963525205,
      "rmse_log": 0.09440635522026056,
      "mae_pct": 8.723728364736925,
      "bias_pct": 0.435964525678418,
      "clipped_pct": 0.0
    },
    "test": {
      "mae_log": 0.09049555464359534,
      "rmse_log": 0.1424459145222741,
      "mae_pct": 11.16937190470817,
      "bias_pct": -3.515159456962194,
      "clipped_pct": 0.0
    }
  },
  "compression": {
    "train": {
      "mae_log": 0.056710350576308036,
      "rmse_log": 0.07422548378055015,
      "mae_pct": 5.030540098815686,
      "bias_pct": -0.3298864901797284,
      "clipped_pct": 0.0
    },
    "val": {
      "mae_log": 0.05419306694354625,
      "rmse_log": 0.06711878620486174,
      "mae_pct": 4.904754076837693,
      "bias_pct": -1.4571877774613087,
      "clipped_pct": 0.0
    },
    "test": {
      "mae_log": 0.06958400726279161,
      "rmse_log": 0.10300101124680128,
      "mae_pct": 5.931398040058614,
      "bias_pct": 0.6628692133923875,
      "clipped_pct": 0.0
    }
  },
  "up_classifier": {
    "train": {
      "accuracy": 0.9296748904772885,
      "avg_confidence": 0.75794517993927
    },
    "val": {
      "accuracy": 0.564870259481038,
      "avg_confidence": 0.6955475807189941
    },
    "test": {
      "accuracy": 0.6458333333333334,
      "precision": 0.6411483253588517,
      "recall": 0.5851528384279476,
      "f1": 0.6118721461187214,
      "avg_confidence": 0.694695770740509
    }
  },
  "down_classifier": {
    "train": {
      "accuracy": 0.9919299054646069,
      "avg_confidence": 0.8678245544433594
    },
    "val": {
      "accuracy": 0.626746506986028,
      "avg_confidence": 0.7255134582519531
    },
    "test": {
      "accuracy": 0.6604166666666667,
      "precision": 0.6788617886178862,
      "recall": 0.6653386454183267,
      "f1": 0.6720321931589537,
      "avg_confidence": 0.7420661449432373
    }
  }
}