{
  "magnitude": {
    "train": {
      "mae_log": 0.10697078691009723,
      "rmse_log": 0.14854637849385136,
      "mae_pct": 11.07510692642198,
      "bias_pct": -1.3475268323752683,
      "clipped_pct": 0.0
    },
    "val": {
      "mae_log": 0.09152167854807117,
      "rmse_log": 0.12159922658876184,
      "mae_pct": 9.300189651019679,
      "bias_pct": -0.9024962262602728,
      "clipped_pct": 0.0
    },
    "test": {
      "mae_log": 0.11799923873640547,
      "rmse_log": 0.17167885432042226,
      "mae_pct": 12.268298703176322,
      "bias_pct": -1.9314078538594701,
      "clipped_pct": 0.0
    }
  },
  "direction": {
    "train": {
      "accuracy": 0.7496774193548387,
      "avg_confidence": 0.5714736580848694
    },
    "val": {
      "accuracy": 0.5548902195608783,
      "avg_confidence": 0.5644131898880005
    },
    "test": {
      "accuracy": 0.6491228070175439,
      "precision": 0.6555555555555556,
      "recall": 0.5462962962962963,
      "avg_confidence": 0.5682973265647888
    }
  },
  "direction_calibrated": {
    "test_accuracy": 0.6118421052631579,
    "test_precision": 0.7142857142857143,
    "test_recall": 0.30092592592592593,
    "avg_confidence": 0.6129422187805176
  }
}