{
  "compression": {
    "test": {
      "bias_pct": 0.5354976502175274,
      "clipped_pct": 0.0,
      "mae_log": 0.06779849669313603,
      "mae_pct": 5.770156234667076,
      "rmse_log": 0.10023807156975652
    },
    "train": {
      "bias_pct": -0.27218058059480066,
      "clipped_pct": 0.0,
      "mae_log": 0.05494831368439141,
      "mae_pct": 4.871534909591722,
      "rmse_log": 0.07213060108060053
    },
    "val": {
      "bias_pct": -1.4122214511994873,
      "clipped_pct": 0.0,
      "mae_log": 0.0530971181804085,
      "mae_pct": 4.8034365655954225,
      "rmse_log": 0.06642002848256245
    }
  },
  "down_classifier": {
    "test": {
      "accuracy": 0.6520833333333333,
      "auc": 0.6805354999217106,
      "avg_confidence": 0.5450689792633057,
      "f1": 0.7,
      "optimal_threshold": 0.39468351006507874,
      "precision": 0.5456570155902004,
      "recall": 0.9760956175298805
    },
    "train": {
      "accuracy": 0.6669726876291026,
      "avg_confidence": 0.5455825924873352
    },
    "val": {
      "accuracy": 0.5389221556886228,
      "avg_confidence": 0.5408075451850891
    }
  },
  "expansion": {
    "test": {
      "bias_pct": -3.5283565021010235,
      "clipped_pct": 0.0,
      "mae_log": 0.09067279995635236,
      "mae_pct": 11.189230817282825,
      "rmse_log": 0.14271197421736545
    },
    "train": {
      "bias_pct": -0.8877161517086103,
      "clipped_pct": 0.0,
      "mae_log": 0.08284625325081033,
      "mae_pct": 9.808920421997732,
      "rmse_log": 0.11876373484916672
    },
    "val": {
      "bias_pct": 0.449548406562094,
      "clipped_pct": 0.0,
      "mae_log": 0.076754859337146,
      "mae_pct": 8.730925965560786,
      "rmse_log": 0.0944439051342716
    }
  },
  "ternary": {
    "down_accuracy": 0.6707317073170732,
    "down_confidence": 0.7011320256388911,
    "down_count": 164,
    "down_magnitude": -11.916166034728706,
    "made_decision": 292,
    "no_decision": 188,
    "no_decision_pct": 0.39166666666666666,
    "overall_accuracy": 0.6917808219178082,
    "total_samples": 480,
    "up_accuracy": 0.71875,
    "up_confidence": 0.723650382286313,
    "up_count": 128,
    "up_magnitude": 12.087412880254389
  },
  "up_classifier": {
    "test": {
      "accuracy": 0.6416666666666667,
      "auc": 0.6841107186972633,
      "avg_confidence": 0.5777265429496765,
      "f1": 0.6542324246771879,
      "optimal_threshold": 0.3384099304676056,
      "precision": 0.48717948717948717,
      "recall": 0.9956331877729258
    },
    "train": {
      "accuracy": 0.6708744549001606,
      "avg_confidence": 0.5811794400215149
    },
    "val": {
      "accuracy": 0.5948103792415169,
      "avg_confidence": 0.5855398774147034
    }
  }
}