{
  "magnitude": {
    "train": {
      "mae_log": 0.09799884499016877,
      "rmse_log": 0.13470380407523228,
      "mae_pct": 10.078311099313817,
      "bias_pct": -1.076721710588134,
      "clipped_pct": 0.0
    },
    "val": {
      "mae_log": 0.11805092375905303,
      "rmse_log": 0.16452476480674344,
      "mae_pct": 12.32888940823814,
      "bias_pct": -2.640849774876917,
      "clipped_pct": 0.0
    },
    "test": {
      "mae_log": 0.10126522935926832,
      "rmse_log": 0.14632453716915667,
      "mae_pct": 10.4024805537797,
      "bias_pct": -0.8912910970880189,
      "clipped_pct": 0.0
    }
  },
  "direction": {
    "train": {
      "accuracy": 0.7397260273972602,
      "avg_confidence": 0.5945282578468323
    },
    "val": {
      "accuracy": 0.5769712140175219,
      "avg_confidence": 0.5876734256744385
    },
    "test": {
      "accuracy": 0.617906683480454,
      "precision": 0.5607064017660044,
      "recall": 0.7094972067039106,
      "avg_confidence": 0.5931975245475769
    }
  },
  "direction_calibrated": {
    "test_accuracy": 0.6506935687263556,
    "test_precision": 0.6180758017492711,
    "test_recall": 0.5921787709497207,
    "avg_confidence": 0.6241137385368347
  }
}