{
  "direction": {
    "train": {
      "accuracy": 0.7121495327102804,
      "precision": 0.7760459392945037,
      "recall": 0.5402627070245574,
      "logloss": 0.6040701092859567
    },
    "val": {
      "accuracy": 0.6427672955974842,
      "precision": 0.5989304812834224,
      "recall": 0.6256983240223464,
      "logloss": 0.6421190398114559
    },
    "test": {
      "accuracy": 0.588456712672522,
      "precision": 0.5612244897959183,
      "recall": 0.3125,
      "logloss": 0.6703197641867316
    }
  },
  "magnitude": {
    "train": {
      "mae_log": 0.09382964713267473,
      "rmse_log": 0.12795714689138565,
      "mae_pct": 9.573483565642965,
      "bias_pct": -0.8614593840292882
    },
    "val": {
      "mae_log": 0.11844372273516278,
      "rmse_log": 0.16431126193729576,
      "mae_pct": 12.270323424491844,
      "bias_pct": -1.4944356394405778
    },
    "test": {
      "mae_log": 0.11441845999550289,
      "rmse_log": 0.1610200009878421,
      "mae_pct": 11.931390988437723,
      "bias_pct": -2.1178506378708435
    }
  }
}