{
  "direction": {
    "train": {
      "accuracy": 0.8104376316405336,
      "precision": 0.8302624232272473,
      "recall": 0.7461113898645259,
      "logloss": 0.48157291814624076
    },
    "test": {
      "accuracy": 0.6052631578947368,
      "precision": 0.583916083916084,
      "recall": 0.35683760683760685,
      "logloss": 0.7001133665254143
    }
  },
  "magnitude": {
    "train": {
      "mae_log": 0.09433579058997761,
      "rmse_log": 0.1297478916640604,
      "mae_pct": 9.661140114817115,
      "bias_pct": -0.9650759885364087
    },
    "test": {
      "mae_log": 0.11586124672493564,
      "rmse_log": 0.16049346342266158,
      "mae_pct": 12.05046313727019,
      "bias_pct": -2.2358424309963483
    }
  }
}