{
  "direction": {
    "train": {
      "accuracy": 0.8364146969342382,
      "precision": 0.8554945054945055,
      "recall": 0.7812343201204215,
      "logloss": 0.4621364518746523
    },
    "test": {
      "accuracy": 0.6165413533834586,
      "precision": 0.5925925925925926,
      "recall": 0.41025641025641024,
      "logloss": 0.6856689795840926
    }
  },
  "magnitude": {
    "train": {
      "mae_log": 0.09433900886316933,
      "rmse_log": 0.12973366256641808,
      "mae_pct": 9.660940292310162,
      "bias_pct": -0.9672879780291238
    },
    "test": {
      "mae_log": 0.11571975704901039,
      "rmse_log": 0.16033179948861578,
      "mae_pct": 12.036171305116653,
      "bias_pct": -2.208956790644056
    }
  }
}