{
  "magnitude": {
    "train": {
      "mae_log": 0.09587060307920835,
      "rmse_log": 0.13085283075817128,
      "mae_pct": 9.87023950314978,
      "bias_pct": -1.1130939552824035,
      "clipped_pct": 0.0
    },
    "val": {
      "mae_log": 0.11679445884849196,
      "rmse_log": 0.1642530000802336,
      "mae_pct": 12.210132420426165,
      "bias_pct": -3.269825640714845,
      "clipped_pct": 0.0
    },
    "test": {
      "mae_log": 0.0994272141218937,
      "rmse_log": 0.14373033199984156,
      "mae_pct": 10.225817185860782,
      "bias_pct": -1.0235731788868467,
      "clipped_pct": 0.0
    }
  },
  "direction": {
    "train": {
      "accuracy": 0.8673113080848778,
      "avg_confidence": 0.6188055276870728
    },
    "val": {
      "accuracy": 0.5969962453066333,
      "avg_confidence": 0.5978046655654907
    },
    "test": {
      "accuracy": 0.6368221941992434,
      "precision": 0.5821596244131455,
      "recall": 0.6927374301675978,
      "avg_confidence": 0.596966028213501
    }
  },
  "direction_calibrated": {
    "test_accuracy": 0.6406052963430012,
    "test_precision": 0.6540084388185654,
    "test_recall": 0.4329608938547486,
    "avg_confidence": 0.6103854775428772
  }
}