{
  "q1": {
    "q10": {
      "mae": 0.6214523214361423,
      "mae_std": 0.22355391227645272
    },
    "q25": {
      "mae": 0.4778787915229771,
      "mae_std": 0.16826110467963737
    },
    "q50": {
      "mae": 0.40070875179719423,
      "mae_std": 0.08360104214464657
    },
    "q75": {
      "mae": 0.3928690567818486,
      "mae_std": 0.10167410664747242
    },
    "q90": {
      "mae": 0.4465337299821325,
      "mae_std": 0.11680990881392177
    },
    "direction": {
      "accuracy": 0.5617021276595745,
      "logloss": 0.9100742393986743
    },
    "confidence": {
      "rmse": 0.027424299090265315
    }
  }
}