{
  "compression": {
    "test": {
      "bias_pct": 0.5501310382716074,
      "clipped_pct": 0.0,
      "mae_log": 0.0690287961184308,
      "mae_pct": 5.880124120512499,
      "rmse_log": 0.10236263099869536
    },
    "train": {
      "bias_pct": -0.2632863402711801,
      "clipped_pct": 0.0,
      "mae_log": 0.055747103857364276,
      "mae_pct": 4.943502668939971,
      "rmse_log": 0.07336301128631874
    },
    "val": {
      "bias_pct": -1.4303893217043016,
      "clipped_pct": 0.0,
      "mae_log": 0.05365031966544925,
      "mae_pct": 4.855066548087557,
      "rmse_log": 0.06673664201376833
    }
  },
  "down_classifier": {
    "test": {
      "accuracy": 0.6354166666666666,
      "avg_confidence": 0.5935248136520386,
      "f1": 0.6361746361746362,
      "precision": 0.6652173913043479,
      "recall": 0.6095617529880478
    },
    "train": {
      "accuracy": 0.6373651595134266,
      "avg_confidence": 0.5918320417404175
    },
    "val": {
      "accuracy": 0.5269461077844312,
      "avg_confidence": 0.5851489901542664
    }
  },
  "expansion": {
    "test": {
      "bias_pct": -3.5283565021010235,
      "clipped_pct": 0.0,
      "mae_log": 0.09067279995635236,
      "mae_pct": 11.189230817282825,
      "rmse_log": 0.14271197421736545
    },
    "train": {
      "bias_pct": -0.8877161517086103,
      "clipped_pct": 0.0,
      "mae_log": 0.08284625325081033,
      "mae_pct": 9.808920421997732,
      "rmse_log": 0.11876373484916672
    },
    "val": {
      "bias_pct": 0.449548406562094,
      "clipped_pct": 0.0,
      "mae_log": 0.076754859337146,
      "mae_pct": 8.730925965560786,
      "rmse_log": 0.0944439051342716
    }
  },
  "up_classifier": {
    "test": {
      "accuracy": 0.6458333333333334,
      "avg_confidence": 0.6636728644371033,
      "f1": 0.5454545454545454,
      "precision": 0.7034482758620689,
      "recall": 0.44541484716157204
    },
    "train": {
      "accuracy": 0.7631397750745926,
      "avg_confidence": 0.6438668966293335
    },
    "val": {
      "accuracy": 0.5868263473053892,
      "avg_confidence": 0.6498695015907288
    }
  }
}