{
  "compression": {
    "test": {
      "bias_pct": 0.48947901292477397,
      "clipped_pct": 0.0,
      "mae_log": 0.06681707537343667,
      "mae_pct": 5.684053731591943,
      "rmse_log": 0.0979031040651768
    },
    "train": {
      "bias_pct": -0.25341609560101996,
      "clipped_pct": 0.0,
      "mae_log": 0.05437514956070924,
      "mae_pct": 4.820852938628581,
      "rmse_log": 0.0710403071016848
    },
    "val": {
      "bias_pct": -1.3141462085713564,
      "clipped_pct": 0.0,
      "mae_log": 0.05248835656330398,
      "mae_pct": 4.746913298026398,
      "rmse_log": 0.06595318332935209
    }
  },
  "down_classifier": {
    "test": {
      "accuracy": 0.48125,
      "auc": 0.6865724873432036
    },
    "train": {
      "accuracy": 0.5114731528223956
    },
    "val": {
      "accuracy": 0.45708582834331335
    }
  },
  "expansion": {
    "test": {
      "bias_pct": -3.5296201205702618,
      "clipped_pct": 0.0,
      "mae_log": 0.09067030602904014,
      "mae_pct": 11.188949400069152,
      "rmse_log": 0.14271351474655833
    },
    "train": {
      "bias_pct": -0.8873009854781361,
      "clipped_pct": 0.0,
      "mae_log": 0.0828136217736674,
      "mae_pct": 9.804988812857617,
      "rmse_log": 0.11873555135311634
    },
    "val": {
      "bias_pct": 0.4482847880928557,
      "clipped_pct": 0.0,
      "mae_log": 0.07675247453047326,
      "mae_pct": 8.730656861627521,
      "rmse_log": 0.094442883643879
    }
  },
  "ternary": {
    "down_accuracy": 0.6878306878306878,
    "down_confidence": 0.7197919876950951,
    "down_count": 189,
    "down_magnitude": -11.912182223608273,
    "made_decision": 314,
    "no_decision": 166,
    "no_decision_pct": 0.3458333333333333,
    "overall_accuracy": 0.7101910828025477,
    "total_samples": 480,
    "up_accuracy": 0.744,
    "up_confidence": 0.7488348679021577,
    "up_count": 125,
    "up_magnitude": 12.08615770747798
  },
  "up_classifier": {
    "test": {
      "accuracy": 0.55625,
      "auc": 0.6843455870839785
    },
    "train": {
      "accuracy": 0.567921064708582
    },
    "val": {
      "accuracy": 0.5948103792415169
    }
  }
}