{
  "timestamp": "2025-11-18T18:10:00.901488",
  "system_version": "v4.0_simplified",
  "target_type": "log_vix_change",
  "training_summary": {
    "models_trained": 2,
    "model_types": [
      "direction_classifier",
      "magnitude_regressor"
    ],
    "features": 167
  },
  "metrics": {
    "direction": {
      "train": {
        "accuracy": 0.8766674467587176,
        "precision": 0.8983695652173913,
        "recall": 0.8294029101856498,
        "logloss": 0.4267147181361341
      },
      "test": {
        "accuracy": 0.6024436090225563,
        "precision": 0.5659824046920822,
        "recall": 0.41239316239316237,
        "logloss": 0.696608857995742
      }
    },
    "magnitude": {
      "train": {
        "mae_log": 0.09428980985847177,
        "rmse_log": 0.12954782982487084,
        "mae_pct": 9.65624171175185,
        "bias_pct": -0.9658037036391975
      },
      "test": {
        "mae_log": 0.11616834199657257,
        "rmse_log": 0.15971284292840163,
        "mae_pct": 12.080445051668748,
        "bias_pct": -1.5622165674119879
      }
    }
  }
}