{
  "magnitude": {
    "train": {
      "mae_log": 0.09506157922886375,
      "rmse_log": 0.12971282449977076,
      "mae_pct": 9.795079243813332,
      "bias_pct": -1.0903313517429332,
      "clipped_pct": 0.0
    },
    "val": {
      "mae_log": 0.11707942253513931,
      "rmse_log": 0.16329299645456274,
      "mae_pct": 12.231807860144107,
      "bias_pct": -2.38517095196922,
      "clipped_pct": 0.0
    },
    "test": {
      "mae_log": 0.10604230314126507,
      "rmse_log": 0.1473874772004709,
      "mae_pct": 10.919002141559428,
      "bias_pct": 1.158812725153496,
      "clipped_pct": 0.0
    }
  },
  "direction": {
    "train": {
      "accuracy": 0.8009669621273167,
      "avg_confidence": 0.6260116100311279
    },
    "val": {
      "accuracy": 0.60450563204005,
      "avg_confidence": 0.6204131245613098
    },
    "test": {
      "accuracy": 0.6368221941992434,
      "precision": 0.6223776223776224,
      "recall": 0.4972067039106145,
      "avg_confidence": 0.6173238158226013
    }
  },
  "direction_calibrated": {
    "test_accuracy": 0.6519546027742749,
    "test_precision": 0.617816091954023,
    "test_recall": 0.6005586592178771,
    "avg_confidence": 0.6258996725082397
  }
}