{
  "magnitude": {
    "train": {
      "mae_log": 0.093336885889532,
      "rmse_log": 0.1282894103601549,
      "mae_pct": 9.644934722912739,
      "bias_pct": -1.1491812357321798
    },
    "val": {
      "mae_log": 0.10058636178985769,
      "rmse_log": 0.1316973405578615,
      "mae_pct": 10.262940051338882,
      "bias_pct": -1.0176784163337214
    },
    "test": {
      "mae_log": 0.11289232540840358,
      "rmse_log": 0.16085765360703777,
      "mae_pct": 11.693643250100314,
      "bias_pct": -0.16255214439973295,
      "direction_accuracy": 0.5981132075471698,
      "direction_precision": 0.5481283422459893,
      "direction_recall": 0.8232931726907631
    }
  }
}