{
  "magnitude": {
    "train": {
      "mae_log": 0.09293191797811072,
      "rmse_log": 0.1263944147480904,
      "mae_pct": 9.58214885762795,
      "bias_pct": -1.0672865642215095,
      "clipped_pct": 0.0
    },
    "val": {
      "mae_log": 0.11723495419634743,
      "rmse_log": 0.1624403855329795,
      "mae_pct": 12.248804572630016,
      "bias_pct": -2.04152365218955,
      "clipped_pct": 0.0
    },
    "test": {
      "mae_log": 0.10430386479018659,
      "rmse_log": 0.14604587525707585,
      "mae_pct": 10.738527171918996,
      "bias_pct": 0.9169861971959887,
      "clipped_pct": 0.0
    }
  },
  "direction": {
    "train": {
      "accuracy": 0.8678485092667204,
      "avg_confidence": 0.6299007534980774
    },
    "val": {
      "accuracy": 0.6032540675844806,
      "avg_confidence": 0.5996301174163818
    },
    "test": {
      "accuracy": 0.6317780580075663,
      "precision": 0.5948275862068966,
      "recall": 0.5782122905027933,
      "avg_confidence": 0.6085154414176941
    }
  },
  "direction_calibrated": {
    "test_accuracy": 0.6330390920554855,
    "test_precision": 0.5807228915662651,
    "test_recall": 0.6731843575418994,
    "avg_confidence": 0.625140905380249
  }
}