{
  "magnitude": {
    "train": {
      "mae_log": 0.09443744863801748,
      "rmse_log": 0.12817169185741073,
      "mae_pct": 9.7238189219948,
      "bias_pct": -1.0409631277725195
    },
    "val": {
      "mae_log": 0.11745057935760245,
      "rmse_log": 0.16288180573418246,
      "mae_pct": 12.266945697443042,
      "bias_pct": -1.9238122995251208
    },
    "test": {
      "mae_log": 0.10890727433176847,
      "rmse_log": 0.14899980688125672,
      "mae_pct": 11.216344263671285,
      "bias_pct": 1.847456511053184
    }
  },
  "direction": {
    "train": {
      "accuracy": 0.6746923488496522,
      "avg_confidence": 0.5946489572525024
    },
    "val": {
      "accuracy": 0.6154806491885143,
      "avg_confidence": 0.5990301370620728
    },
    "test": {
      "accuracy": 0.6273525721455459,
      "precision": 0.603225806451613,
      "recall": 0.518005540166205,
      "avg_confidence": 0.5945216417312622
    }
  }
}